n_neighbors	min_dist	init	random_state	method	cv_iteration	distance_threshold	training_mcc	training_tn	training_fn	training_tp	training_fp	validation_tn	validation_fn	validation_tp	validation_fp	validation_mcc
100	0.1	spectral	12883823	umap	0	14.0	0.306892257097749	189343	377	55450	214191	229655	83	52334	177289	0.3578493816784389
100	0.1	spectral	12883823	umap	1	14.0	0.3578493816784389	229655	83	52334	177289	189343	377	55450	214191	0.306892257097749
100	0.1	spectral	12883823	umap	2	14.0	0.26999613743932394	168367	297	52402	238295	63048	0	55233	341080	0.14745392713845312
100	0.1	spectral	12883823	umap	3	14.0	0.14745392713845312	63048	0	55233	341080	168367	297	52402	238295	0.26999613743932394
100	0.1	spectral	12883823	umap	4	14.0	0.23336774002167876	132264	0	54525	272572	187737	363	52844	218417	0.29637595447142867
100	0.1	spectral	12883823	umap	5	14.0	0.29637595447142867	187737	363	52844	218417	132264	0	54525	272572	0.23336774002167876
