n_neighbors	min_dist	init	random_state	method	cv_iteration	distance_threshold	training_mcc	training_tn	training_fn	training_tp	training_fp	validation_tn	validation_fn	validation_tp	validation_fp	validation_mcc
100	0.05	spectral	12883823	umap	0	14.0	0.21064846577956897	113784	196	55631	289750	197540	0	52417	209404	0.3117410844696288
100	0.05	spectral	12883823	umap	1	14.0	0.3117410844696288	197540	0	52417	209404	113784	196	55631	289750	0.21064846577956897
100	0.05	spectral	12883823	umap	2	14.0	0.2964095968121652	189320	400	52299	217342	224360	103	55130	179768	0.3600078561078964
100	0.05	spectral	12883823	umap	3	14.0	0.3600078561078964	224360	103	55130	179768	189320	400	52299	217342	0.2964095968121652
100	0.05	spectral	12883823	umap	4	14.0	0.23336774002167876	132264	0	54525	272572	227927	187	53020	178227	0.3569376187561198
100	0.05	spectral	12883823	umap	5	14.0	0.3569376187561198	227927	187	53020	178227	132264	0	54525	272572	0.23336774002167876
