perplexity	learning_rate	metric	random_state	square_distances	method	cv_iteration	distance_threshold	training_mcc	training_tn	training_fn	training_tp	training_fp	validation_tn	validation_fn	validation_tp	validation_fp	validation_mcc
30.0	100.0	precomputed	12883823	True	t-sne	0	0.0	0.559395687550653	64607	5187	6566	3041	63460	5343	5292	5705	0.40930123983141226
30.0	100.0	precomputed	12883823	True	t-sne	1	0.0	0.40930123983141226	63460	5343	5292	5705	64607	5187	6566	3041	0.559395687550653
30.0	100.0	precomputed	12883823	True	t-sne	2	0.0	0.36943245536024377	64499	5943	4256	4703	58945	8173	4088	8594	0.20335372312759303
30.0	100.0	precomputed	12883823	True	t-sne	3	0.0	0.20335372312759303	58945	8173	4088	8594	64499	5943	4256	4703	0.36943245536024377
30.0	100.0	precomputed	12883823	True	t-sne	4	0.0	0.6639530251125297	66290	3380	7156	2575	62920	6291	5560	5029	0.4142028180028318
30.0	100.0	precomputed	12883823	True	t-sne	5	0.0	0.4142028180028318	62920	6291	5560	5029	66290	3380	7156	2575	0.6639530251125297
