n_neighbors	min_dist	init	random_state	method	cv_iteration	distance_threshold	training_mcc	training_tn	training_fn	training_tp	training_fp	validation_tn	validation_fn	validation_tp	validation_fp	validation_mcc
100	0.1	spectral	12883823	umap	0	14.0	0.3222126217178328	29700	0	11753	37948	27004	0	10635	42161	0.28043944312033936
100	0.1	spectral	12883823	umap	1	14.0	0.28043944312033936	27004	0	10635	42161	29700	0	11753	37948	0.3222126217178328
100	0.1	spectral	12883823	umap	2	14.0	0.26237660084662323	25280	0	10199	43922	31164	0	12261	36375	0.3410619777568225
100	0.1	spectral	12883823	umap	3	14.0	0.3410619777568225	31164	0	12261	36375	25280	0	10199	43922	0.26237660084662323
100	0.1	spectral	12883823	umap	4	14.0	0.27833143853936093	26690	0	10536	42175	30000	0	11851	37949	0.32413947190453823
100	0.1	spectral	12883823	umap	5	14.0	0.32413947190453823	30000	0	11851	37949	26690	0	10536	42175	0.27833143853936093
