method,recombination_rate,replicate_count,r_squared_mean,r_squared_std,slope_mean,slope_std,intercept_mean,intercept_std
mds,low,5,0.944930844956456,0.012260059407317232,1.0626926216134347,0.012384070781797952,-5.2985227321353845,0.5732358172233376
pca,low,5,0.7618179766548564,0.028151380519247742,0.13383264768208253,0.008030268691662708,-0.7225349409176174,0.20874896771458912
t-sne,low,5,0.7269999038884455,0.04018631122615121,0.6593703658277675,0.08703647499625206,-13.741118218051293,3.575953776316476
umap,low,5,0.5041611182080675,0.13995141813045292,0.25766756925930456,0.033377518748293554,-2.2298276055695423,2.6650252088505892
