n_components	dissimilarity	n_init	n_jobs	random_state	method	cv_iteration	distance_threshold	training_mcc	training_tn	training_fn	training_tp	training_fp	validation_tn	validation_fn	validation_tp	validation_fp	validation_mcc
4	precomputed	2	1	12883823	mds	0	0.0	0.11646065152020162	336481	38858	16969	67053	347977	37917	14500	58967	0.11425997330812775
4	precomputed	2	1	12883823	mds	1	0.0	0.11425997330812775	347977	37917	14500	58967	336481	38858	16969	67053	0.11646065152020162
4	precomputed	2	1	12883823	mds	2	0.0	0.11185125873999063	319202	33557	19142	87460	328796	37565	17668	75332	0.10803449347098461
4	precomputed	2	1	12883823	mds	3	0.0	0.10803449347098461	328796	37565	17668	75332	319202	33557	19142	87460	0.11185125873999063
4	precomputed	2	1	12883823	mds	4	0.0	0.12140457129270668	331830	36535	17990	73006	333375	30141	23066	72779	0.2002950197993387
4	precomputed	2	1	12883823	mds	5	0.0	0.2002950197993387	333375	30141	23066	72779	331830	36535	17990	73006	0.12140457129270668
