perplexity	learning_rate	metric	random_state	square_distances	method	cv_iteration	distance_threshold	training_mcc	training_tn	training_fn	training_tp	training_fp	validation_tn	validation_fn	validation_tp	validation_fp	validation_mcc
100.0	500.0	precomputed	12883823	True	t-sne	0	0.0	0.23624419879679054	385143	43146	12681	18391	381950	41690	10727	24994	0.17004849749054804
100.0	500.0	precomputed	12883823	True	t-sne	1	0.0	0.17004849749054804	381950	41690	10727	24994	385143	43146	12681	18391	0.23624419879679054
100.0	500.0	precomputed	12883823	True	t-sne	2	0.0	0.1977447542587784	388438	42453	10246	18224	385269	44536	10697	18859	0.19486371692210824
100.0	500.0	precomputed	12883823	True	t-sne	3	0.0	0.19486371692210824	385269	44536	10697	18859	388438	42453	10246	18224	0.1977447542587784
100.0	500.0	precomputed	12883823	True	t-sne	4	0.0	0.18756284159550352	384712	43914	10611	20124	386172	43170	10037	19982	0.1805614907290342
100.0	500.0	precomputed	12883823	True	t-sne	5	0.0	0.1805614907290342	386172	43170	10037	19982	384712	43914	10611	20124	0.18756284159550352
