metric	random_state	square_distances	method	cv_iteration	distance_threshold	training_mcc	training_tn	training_fn	training_tp	training_fp	validation_tn	validation_fn	validation_tp	validation_fp	validation_mcc
precomputed	12883823	True	t-sne	0	4.0	0.838451419862371	293235	7811	32376	3188	286793	8485	32155	9998	0.7457125061336978
precomputed	12883823	True	t-sne	1	4.0	0.7457125061336978	286793	8485	32155	9998	293235	7811	32376	3188	0.838451419862371
precomputed	12883823	True	t-sne	2	4.0	0.7337544865764317	285818	7955	31498	11339	291762	6651	34918	4100	0.8490696507181483
precomputed	12883823	True	t-sne	3	4.0	0.8490696507181483	291762	6651	34918	4100	285818	7955	31498	11339	0.7337544865764317
precomputed	12883823	True	t-sne	4	4.0	0.8175336769918385	294995	9456	29662	2497	287340	10314	31318	8459	0.7380319037759965
precomputed	12883823	True	t-sne	5	4.0	0.7380319037759965	287340	10314	31318	8459	294995	9456	29662	2497	0.8175336769918385
