init	random_state	method	cv_iteration	distance_threshold	training_mcc	training_tn	training_fn	training_tp	training_fp	validation_tn	validation_fn	validation_tp	validation_fp	validation_mcc
spectral	12883823	umap	0	4.0	0.7818439045533904	277224	858	39329	19199	290351	4409	36231	6440	0.8517790449864219
spectral	12883823	umap	1	4.0	0.8517790449864219	290351	4409	36231	6440	277224	858	39329	19199	0.7818439045533904
spectral	12883823	umap	2	4.0	0.7476234879776894	279598	3624	35829	17559	271687	2675	38894	24175	0.7199231876118133
spectral	12883823	umap	3	4.0	0.7199231876118133	271687	2675	38894	24175	279598	3624	35829	17559	0.7476234879776894
spectral	12883823	umap	4	4.0	0.7561191319090369	279222	2661	36457	18270	266247	1933	39699	29552	0.69514048099149
spectral	12883823	umap	5	4.0	0.69514048099149	266247	1933	39699	29552	279222	2661	36457	18270	0.7561191319090369
