n_components	svd_solver	random_state	method	cv_iteration	distance_threshold	training_mcc	training_tn	training_fn	training_tp	training_fp	validation_tn	validation_fn	validation_tp	validation_fp	validation_mcc
10	full	12883823	pca	0	4.0	0.2568038105876267	218867	15016	25171	77556	164803	14335	26305	131988	0.13210322332358687
10	full	12883823	pca	1	4.0	0.13210322332358687	164803	14335	26305	131988	218867	15016	25171	77556	0.2568038105876267
10	full	12883823	pca	2	4.0	0.20231712083244396	198074	14324	25129	99083	152409	14108	27461	143453	0.11553177474647239
10	full	12883823	pca	3	4.0	0.11553177474647239	152409	14108	27461	143453	198074	14324	25129	99083	0.20231712083244396
10	full	12883823	pca	4	4.0	0.2399261541905518	219697	15450	23668	77795	161045	15322	26310	134754	0.1161498183297386
10	full	12883823	pca	5	4.0	0.1161498183297386	161045	15322	26310	134754	219697	15450	23668	77795	0.2399261541905518
