dissimilarity	n_components	n_init	n_jobs	random_state	method	cv_iteration	distance_threshold	training_mcc	training_tn	training_fn	training_tp	training_fp	validation_tn	validation_fn	validation_tp	validation_fp	validation_mcc
precomputed	2	2	1	12883823	mds	0	4.0	0.49065269257684646	248268	7703	32484	48155	272106	8811	31829	24685	0.6101634363709285
precomputed	2	2	1	12883823	mds	1	4.0	0.6101634363709285	272106	8811	31829	24685	248268	7703	32484	48155	0.49065269257684646
precomputed	2	2	1	12883823	mds	2	4.0	0.655679471757067	272784	5852	33601	24373	278468	7844	33725	17394	0.689812646040724
precomputed	2	2	1	12883823	mds	3	4.0	0.689812646040724	278468	7844	33725	17394	272784	5852	33601	24373	0.655679471757067
precomputed	2	2	1	12883823	mds	4	4.0	0.598123528425557	271974	8559	30559	25518	271935	6544	35088	23864	0.6600843436118992
precomputed	2	2	1	12883823	mds	5	4.0	0.6600843436118992	271935	6544	35088	23864	271974	8559	30559	25518	0.598123528425557
