perplexity	learning_rate	metric	random_state	square_distances	method	cv_iteration	distance_threshold	training_mcc	training_tn	training_fn	training_tp	training_fp	validation_tn	validation_fn	validation_tp	validation_fp	validation_mcc
15.0	200.0	precomputed	12883823	True	t-sne	0	2.0	0.44791193676392654	45526	4193	3885	3012	47485	3149	4786	1196	0.6533925459887683
15.0	200.0	precomputed	12883823	True	t-sne	1	2.0	0.6533925459887683	47485	3149	4786	1196	45526	4193	3885	3012	0.44791193676392654
15.0	200.0	precomputed	12883823	True	t-sne	2	2.0	0.5525114342046268	45127	2329	5086	4074	45888	5039	3681	2008	0.4564971627686597
15.0	200.0	precomputed	12883823	True	t-sne	3	2.0	0.4564971627686597	45888	5039	3681	2008	45127	2329	5086	4074	0.5525114342046268
15.0	200.0	precomputed	12883823	True	t-sne	4	2.0	0.5978723311324646	47136	3336	4480	1664	46337	5020	3250	2009	0.42758554282791916
15.0	200.0	precomputed	12883823	True	t-sne	5	2.0	0.42758554282791916	46337	5020	3250	2009	47136	3336	4480	1664	0.5978723311324646
