n_components	svd_solver	random_state	method	cv_iteration	distance_threshold	training_mcc	training_tn	training_fn	training_tp	training_fp	validation_tn	validation_fn	validation_tp	validation_fp	validation_mcc
10	full	12883823	pca	0	8.0	0.011974342612302223	22758	3767	7986	44890	24142	3800	6835	45023	-0.0058861120263636055
10	full	12883823	pca	1	8.0	-0.0058861120263636055	24142	3800	6835	45023	22758	3767	7986	44890	0.011974342612302223
10	full	12883823	pca	2	8.0	0.00885180161892025	25205	3585	6614	43997	24556	4525	7736	42983	-0.004101492686341232
10	full	12883823	pca	3	8.0	-0.004101492686341232	24556	4525	7736	42983	25205	3585	6614	43997	0.00885180161892025
10	full	12883823	pca	4	8.0	-0.001180830096049101	24742	3803	6733	44123	31807	5582	6269	36142	-0.0020765941837533317
10	full	12883823	pca	5	8.0	-0.0020765941837533317	31807	5582	6269	36142	24742	3803	6733	44123	-0.001180830096049101
