metric	random_state	square_distances	method	cv_iteration	distance_threshold	training_mcc	training_tn	training_fn	training_tp	training_fp	validation_tn	validation_fn	validation_tp	validation_fp	validation_mcc
precomputed	12883823	True	t-sne	0	2.0	0.7304953786806735	75756	3793	7082	940	76330	2547	7563	1131	0.7838169710361682
precomputed	12883823	True	t-sne	1	2.0	0.7838169710361682	76330	2547	7563	1131	75756	3793	7082	940	0.7304953786806735
precomputed	12883823	True	t-sne	2	2.0	0.7224061290429051	76164	3852	6689	866	76126	2836	7583	1026	0.7769756394576509
precomputed	12883823	True	t-sne	3	2.0	0.7769756394576509	76126	2836	7583	1026	76164	3852	6689	866	0.7224061290429051
precomputed	12883823	True	t-sne	4	2.0	0.7290794369574712	75885	3716	6990	980	76456	2801	7442	872	0.7842005437930822
precomputed	12883823	True	t-sne	5	2.0	0.7842005437930822	76456	2801	7442	872	75885	3716	6990	980	0.7290794369574712
