init	random_state	method	cv_iteration	distance_threshold	training_mcc	training_tn	training_fn	training_tp	training_fp	validation_tn	validation_fn	validation_tp	validation_fp	validation_mcc
spectral	12883823	umap	0	2.0	0.6692399045899833	69300	1056	9819	7396	70410	883	9227	7051	0.6749501695042482
spectral	12883823	umap	1	2.0	0.6749501695042482	70410	883	9227	7051	69300	1056	9819	7396	0.6692399045899833
spectral	12883823	umap	2	2.0	0.714817297837389	71249	938	9603	5781	70297	1114	9305	6855	0.6712175553334526
spectral	12883823	umap	3	2.0	0.6712175553334526	70297	1114	9305	6855	71249	938	9603	5781	0.714817297837389
spectral	12883823	umap	4	2.0	0.6906689157246877	70861	1267	9439	6004	71280	841	9402	6048	0.7079492897163345
spectral	12883823	umap	5	2.0	0.7079492897163345	71280	841	9402	6048	70861	1267	9439	6004	0.6906689157246877
