MCC,FN,FP,TN,TP,accuracy,embedding,median_between,median_within,threshold
0.5529999999999999,515,5716,21472,4937,0.809,mds,0.275,-1.2830000000000001,-0.598
0.655,247,4271,22917,5205,0.862,genetic,0.154,-1.3159999999999998,-0.718
0.696,110,3836,23352,5342,0.879,umap,0.6970000000000001,-1.145,-0.988
0.73,48,3366,23822,5404,0.895,t-sne,0.16399999999999998,-1.38,-0.9159999999999999
0.732,38,3351,23837,5414,0.8959999999999999,pca,0.39,-1.482,-0.6759999999999999
