pearson_coef,Unnamed: 0,embedding,euclidean_max,euclidean_mean,euclidean_std,genetic_max,genetic_mean,genetic_std,genetic_variation,mean,std
0.3396803310196135,0,umap,32.73553686471993,14.66811996868007,11.612659098179279,110.0,47.46561892023346,23.7634594227991,3.5273368606701943,0.3397406074086164,0.003799146601927748
0.34393782954697777,0,t-sne,63.77812090295725,26.688877621671377,16.69282218022801,110.0,47.46561892023346,23.7634594227991,3.5273368606701943,0.3438953317217276,0.0032731145303705553
0.7675760388561381,0,pca,14.047437419931954,7.070067326827831,3.63502689545658,110.0,47.46561892023346,23.7634594227991,3.5273368606701943,0.7675892391017479,0.002251703361261443
0.8012454308704481,0,mds,75.80277523918103,29.05809710437573,15.875159830461726,110.0,47.46561892023346,23.7634594227991,3.5273368606701943,0.8012583594288804,0.002577259209995954
