,embedding,pearson_coef,mean,std,genetic_variation,genetic_mean,genetic_std,genetic_max,euclidean_mean,euclidean_std,euclidean_max
0,pca,0.7675760388561381,0.7675892391017479,0.002251703361261443,3.527336860670194,47.46561892023346,23.7634594227991,110.0,7.0700673268278305,3.6350268954565803,14.047437419931956
