,embedding,pearson_coef,mean,std,genetic_variation,genetic_mean,genetic_std,genetic_max,euclidean_mean,euclidean_std,euclidean_max
0,t-sne,0.34393782954697777,0.3438953317217276,0.0032731145303705553,3.527336860670194,47.46561892023346,23.7634594227991,110.0,26.688877621671377,16.692822180228013,63.77812090295725
