,embedding,pearson_coef,mean,std,genetic_variation,genetic_mean,genetic_std,genetic_max,euclidean_mean,euclidean_std,euclidean_max
0,umap,0.3396803310196135,0.3397406074086164,0.0037991466019277483,3.527336860670194,47.46561892023346,23.7634594227991,110.0,14.668119968680067,11.612659098179279,32.735536864719926
