,embedding,pearson_coef,mean,std,genetic_variation,genetic_mean,genetic_std,genetic_max,euclidean_mean,euclidean_std,euclidean_max
0,mds,0.801245430870448,0.8012583594288804,0.002577259209995954,3.527336860670194,47.46561892023346,23.7634594227991,110.0,29.058097104375726,15.875159830461728,75.80277523918103
