n_components	dissimilarity	n_init	n_jobs	random_state	method	cv_iteration	distance_threshold	training_mcc	training_tn	training_fn	training_tp	training_fp	validation_tn	validation_fn	validation_tp	validation_fp	validation_mcc
2	precomputed	2	1	12883823	mds	0	14.0	0.3705157940282574	5632	23	329	1397	5376	37	410	1680	0.35858676997422656
2	precomputed	2	1	12883823	mds	1	14.0	0.35858676997422656	5376	37	410	1680	5632	23	329	1397	0.3705157940282574
2	precomputed	2	1	12883823	mds	2	14.0	0.3943888542434306	5848	53	341	1139	5683	18	389	1413	0.401185107676576
2	precomputed	2	1	12883823	mds	3	14.0	0.401185107676576	5683	18	389	1413	5848	53	341	1139	0.3943888542434306
2	precomputed	2	1	12883823	mds	4	14.0	0.3409308773125632	5336	18	339	1688	5795	49	380	1279	0.39441952696751253
2	precomputed	2	1	12883823	mds	5	14.0	0.39441952696751253	5795	49	380	1279	5336	18	339	1688	0.3409308773125632
