n_components	dissimilarity	n_init	n_jobs	random_state	method	cv_iteration	distance_threshold	training_mcc	training_tn	training_fn	training_tp	training_fp	validation_tn	validation_fn	validation_tp	validation_fp	validation_mcc
6	precomputed	2	1	12883823	mds	0	0.0	0.15906827388569028	320521	32894	22933	83013	347577	23747	28670	59367	0.3239812598047406
6	precomputed	2	1	12883823	mds	1	0.0	0.3239812598047406	347577	23747	28670	59367	320521	32894	22933	83013	0.15906827388569028
6	precomputed	2	1	12883823	mds	2	0.0	0.3617341125218796	358269	24083	28616	48393	308043	34236	20997	96085	0.10627138041831614
6	precomputed	2	1	12883823	mds	3	0.0	0.10627138041831614	308043	34236	20997	96085	358269	24083	28616	48393	0.3617341125218796
6	precomputed	2	1	12883823	mds	4	0.0	0.17436733643355745	338555	34095	20430	66281	324914	33038	20169	81240	0.13814618924325053
6	precomputed	2	1	12883823	mds	5	0.0	0.13814618924325053	324914	33038	20169	81240	338555	34095	20430	66281	0.17436733643355745
