n_neighbors	min_dist	init	random_state	method	cv_iteration	distance_threshold	training_mcc	training_tn	training_fn	training_tp	training_fp	validation_tn	validation_fn	validation_tp	validation_fp	validation_mcc
25	0.1	spectral	12883823	umap	0	0.0	0.4407823437522953	46449	4731	3347	2089	38160	2430	5505	10521	0.3680715860577451
25	0.1	spectral	12883823	umap	1	0.0	0.3680715860577451	38160	2430	5505	10521	46449	4731	3347	2089	0.4407823437522953
25	0.1	spectral	12883823	umap	2	0.0	0.6587846698173395	48356	3132	4283	845	46966	3794	4926	930	0.6465978592705439
25	0.1	spectral	12883823	umap	3	0.0	0.6465978592705439	46966	3794	4926	930	48356	3132	4283	845	0.6587846698173395
25	0.1	spectral	12883823	umap	4	0.0	0.40606273671285487	47730	5447	2369	1070	47502	5302	2968	844	0.4811992202859478
25	0.1	spectral	12883823	umap	5	0.0	0.4811992202859478	47502	5302	2968	844	47730	5447	2369	1070	0.40606273671285487
