n_neighbors	min_dist	init	random_state	method	cv_iteration	distance_threshold	training_mcc	training_tn	training_fn	training_tp	training_fp	validation_tn	validation_fn	validation_tp	validation_fp	validation_mcc
25	0.25	spectral	12883823	umap	0	0.0	0.6340469230996898	45056	2016	6062	3482	38160	2430	5505	10521	0.3680715860577451
25	0.25	spectral	12883823	umap	1	0.0	0.3680715860577451	38160	2430	5505	10521	45056	2016	6062	3482	0.6340469230996898
25	0.25	spectral	12883823	umap	2	0.0	0.5011597444666759	42910	2007	5408	6291	46984	3557	5163	912	0.668347331126062
25	0.25	spectral	12883823	umap	3	0.0	0.668347331126062	46984	3557	5163	912	42910	2007	5408	6291	0.5011597444666759
25	0.25	spectral	12883823	umap	4	0.0	0.4002603261940457	38531	2088	5728	10269	47285	4631	3639	1061	0.5351690900656245
25	0.25	spectral	12883823	umap	5	0.0	0.5351690900656245	47285	4631	3639	1061	38531	2088	5728	10269	0.4002603261940457
