n_neighbors	min_dist	init	random_state	method	cv_iteration	distance_threshold	training_mcc	training_tn	training_fn	training_tp	training_fp	validation_tn	validation_fn	validation_tp	validation_fp	validation_mcc
25	0.1	spectral	12883823	umap	0	0.0	0.5364008533025078	6292	1	351	737	6243	54	393	813	0.49234651211500574
25	0.1	spectral	12883823	umap	1	0.0	0.49234651211500574	6243	54	393	813	6292	1	351	737	0.5364008533025078
25	0.1	spectral	12883823	umap	2	0.0	0.5469184780102235	6273	13	381	714	6221	13	394	875	0.5104086550378641
25	0.1	spectral	12883823	umap	3	0.0	0.5104086550378641	6221	13	394	875	6273	13	381	714	0.5469184780102235
25	0.1	spectral	12883823	umap	4	0.0	0.5016098933671453	6255	20	337	769	6431	35	394	643	0.5567134975218871
25	0.1	spectral	12883823	umap	5	0.0	0.5567134975218871	6431	35	394	643	6255	20	337	769	0.5016098933671453
