n_neighbors	min_dist	init	random_state	method	cv_iteration	distance_threshold	training_mcc	training_tn	training_fn	training_tp	training_fp	validation_tn	validation_fn	validation_tp	validation_fp	validation_mcc
25	0.25	spectral	12883823	umap	0	0.0	0.5401952811949372	6305	1	351	724	4970	21	426	2086	0.32972310165797925
25	0.25	spectral	12883823	umap	1	0.0	0.32972310165797925	4970	21	426	2086	6305	1	351	724	0.5401952811949372
25	0.25	spectral	12883823	umap	2	0.0	0.5636950214022525	6388	27	367	599	6241	15	392	855	0.5127102257889191
25	0.25	spectral	12883823	umap	3	0.0	0.5127102257889191	6241	15	392	855	6388	27	367	599	0.5636950214022525
25	0.25	spectral	12883823	umap	4	0.0	0.47036201710659303	6042	6	351	982	4194	0	429	2880	0.27724386704916315
25	0.25	spectral	12883823	umap	5	0.0	0.27724386704916315	4194	0	429	2880	6042	6	351	982	0.47036201710659303
