n_components	dissimilarity	n_init	n_jobs	random_state	method	cv_iteration	distance_threshold	training_mcc	training_tn	training_fn	training_tp	training_fp	validation_tn	validation_fn	validation_tp	validation_fp	validation_mcc
2	precomputed	2	1	12883823	mds	0	10.0	0.4037864004542656	6047	50	302	982	6153	109	338	903	0.4001952411096814
2	precomputed	2	1	12883823	mds	1	10.0	0.4001952411096814	6153	109	338	903	6047	50	302	982	0.4037864004542656
2	precomputed	2	1	12883823	mds	2	10.0	0.46456709821279124	6300	76	318	687	5683	18	389	1413	0.401185107676576
2	precomputed	2	1	12883823	mds	3	10.0	0.401185107676576	5683	18	389	1413	6300	76	318	687	0.46456709821279124
2	precomputed	2	1	12883823	mds	4	10.0	0.3409308773125632	5336	18	339	1688	5795	49	380	1279	0.39441952696751253
2	precomputed	2	1	12883823	mds	5	10.0	0.39441952696751253	5795	49	380	1279	5336	18	339	1688	0.3409308773125632
