n_components	dissimilarity	n_init	n_jobs	random_state	method	cv_iteration	distance_threshold	training_mcc	training_tn	training_fn	training_tp	training_fp	validation_tn	validation_fn	validation_tp	validation_fp	validation_mcc
2	precomputed	2	1	12883823	mds	0	4.0	0.39917624373798927	55191	3817	7936	12457	48505	3254	7381	20660	0.28143266583089854
2	precomputed	2	1	12883823	mds	1	4.0	0.28143266583089854	48505	3254	7381	20660	55191	3817	7936	12457	0.39917624373798927
2	precomputed	2	1	12883823	mds	2	4.0	0.31390700295323315	52463	3360	6839	16739	53388	3486	8775	14151	0.40337359860606875
2	precomputed	2	1	12883823	mds	3	4.0	0.40337359860606875	53388	3486	8775	14151	52463	3360	6839	16739	0.31390700295323315
2	precomputed	2	1	12883823	mds	4	4.0	0.35853919479731344	49296	2227	8309	19569	44583	2547	9304	23366	0.31907077893413616
2	precomputed	2	1	12883823	mds	5	4.0	0.31907077893413616	44583	2547	9304	23366	49296	2227	8309	19569	0.35853919479731344
