init	random_state	method	cv_iteration	distance_threshold	training_mcc	training_tn	training_fn	training_tp	training_fp	validation_tn	validation_fn	validation_tp	validation_fp	validation_mcc
spectral	12883823	umap	0	10.0	0.5890221626954454	63782	457	10418	12914	53319	293	9817	24142	0.4324403268867981
spectral	12883823	umap	1	10.0	0.4324403268867981	53319	293	9817	24142	63782	457	10418	12914	0.5890221626954454
spectral	12883823	umap	2	10.0	0.45905946482643756	53094	0	10541	23936	64019	579	9840	13133	0.569803051254628
spectral	12883823	umap	3	10.0	0.569803051254628	64019	579	9840	13133	53094	0	10541	23936	0.45905946482643756
spectral	12883823	umap	4	10.0	0.38864872095128833	46405	125	10581	30460	55041	258	9985	22287	0.45741781173147766
spectral	12883823	umap	5	10.0	0.45741781173147766	55041	258	9985	22287	46405	125	10581	30460	0.38864872095128833
