metric	random_state	square_distances	method	cv_iteration	distance_threshold	training_mcc	training_tn	training_fn	training_tp	training_fp	validation_tn	validation_fn	validation_tp	validation_fp	validation_mcc
precomputed	12883823	True	t-sne	0	10.0	0.4389238535295451	56726	1194	9681	19970	51653	216	9894	25808	0.41974628125273006
precomputed	12883823	True	t-sne	1	10.0	0.41974628125273006	51653	216	9894	25808	56726	1194	9681	19970	0.4389238535295451
precomputed	12883823	True	t-sne	2	10.0	0.27638756138483106	31785	43	10498	45245	49914	368	10051	27238	0.4004823828842611
precomputed	12883823	True	t-sne	3	10.0	0.4004823828842611	49914	368	10051	27238	31785	43	10498	45245	0.27638756138483106
precomputed	12883823	True	t-sne	4	10.0	0.4085880069002335	50029	368	10338	26836	43891	680	9563	33437	0.32221064220395984
precomputed	12883823	True	t-sne	5	10.0	0.32221064220395984	43891	680	9563	33437	50029	368	10338	26836	0.4085880069002335
