dissimilarity	n_components	n_init	n_jobs	random_state	method	cv_iteration	distance_threshold	training_mcc	training_tn	training_fn	training_tp	training_fp	validation_tn	validation_fn	validation_tp	validation_fp	validation_mcc
precomputed	2	2	1	12883823	mds	0	10.0	0.37270672981787106	51309	1255	9620	25387	25092	735	9375	52369	0.1760577110952602
precomputed	2	2	1	12883823	mds	1	10.0	0.1760577110952602	25092	735	9375	52369	51309	1255	9620	25387	0.37270672981787106
precomputed	2	2	1	12883823	mds	2	10.0	0.4560024190965494	58258	1067	9474	18772	33408	883	9536	43744	0.23100741464504254
precomputed	2	2	1	12883823	mds	3	10.0	0.23100741464504254	33408	883	9536	43744	58258	1067	9474	18772	0.4560024190965494
precomputed	2	2	1	12883823	mds	4	10.0	0.14559597864855783	18130	575	10131	58735	53718	663	9580	23610	0.41731202142529694
precomputed	2	2	1	12883823	mds	5	10.0	0.41731202142529694	53718	663	9580	23610	18130	575	10131	58735	0.14559597864855783
