dissimilarity	n_components	n_init	n_jobs	random_state	method	cv_iteration	distance_threshold	training_mcc	training_tn	training_fn	training_tp	training_fp	validation_tn	validation_fn	validation_tp	validation_fp	validation_mcc
precomputed	2	2	1	12883823	mds	0	2.0	0.6414161334985322	271267	6604	33583	25156	271858	9685	30955	24933	0.5933279858870213
precomputed	2	2	1	12883823	mds	1	2.0	0.5933279858870213	271858	9685	30955	24933	271267	6604	33583	25156	0.6414161334985322
precomputed	2	2	1	12883823	mds	2	2.0	0.624948677200327	272999	7723	31730	24158	268076	11121	30448	27786	0.555370731322547
precomputed	2	2	1	12883823	mds	3	2.0	0.555370731322547	268076	11121	30448	27786	272999	7723	31730	24158	0.624948677200327
precomputed	2	2	1	12883823	mds	4	2.0	0.6378564968948498	274061	7172	31946	23431	269719	9578	32054	26080	0.5937460727703581
precomputed	2	2	1	12883823	mds	5	2.0	0.5937460727703581	269719	9578	32054	26080	274061	7172	31946	23431	0.6378564968948498
