init	random_state	method	cv_iteration	distance_threshold	training_mcc	training_tn	training_fn	training_tp	training_fp	validation_tn	validation_fn	validation_tp	validation_fp	validation_mcc
spectral	12883823	umap	0	2.0	0.6971530780143631	272980	4025	36162	23443	274672	4546	36094	22119	0.7008711233102481
spectral	12883823	umap	1	2.0	0.7008711233102481	274672	4546	36094	22119	280505	12691	27496	15918	0.6099449649561631
spectral	12883823	umap	2	2.0	0.6602201399400399	280313	9101	30352	16844	271358	4465	37104	24504	0.6888981769594518
spectral	12883823	umap	3	2.0	0.6888981769594518	271358	4465	37104	24504	280313	9101	30352	16844	0.6602201399400399
spectral	12883823	umap	4	2.0	0.6708411689980397	287236	12063	27055	10256	277497	8858	32774	18302	0.6655849558072247
spectral	12883823	umap	5	2.0	0.6461439572569904	277993	10266	31366	17806	287236	12063	27055	10256	0.6708411689980397
