n_components	svd_solver	random_state	method	cv_iteration	distance_threshold	training_mcc	training_tn	training_fn	training_tp	training_fp	validation_tn	validation_fn	validation_tp	validation_fp	validation_mcc
10	full	12883823	pca	0	2.0	0.6127508258099288	258696	3568	36619	37727	261575	3463	37177	35216	0.6312264731474622
10	full	12883823	pca	1	2.0	0.6312264731474622	261575	3463	37177	35216	258696	3568	36619	37727	0.6127508258099288
10	full	12883823	pca	2	2.0	0.6163852255109936	261638	3880	35573	35519	258370	2987	38582	37492	0.6303120732672012
10	full	12883823	pca	3	2.0	0.6303120732672012	258370	2987	38582	37492	261638	3880	35573	35519	0.6163852255109936
10	full	12883823	pca	4	2.0	0.6139456449837812	261977	3921	35197	35515	255006	1790	39842	40793	0.6316712028257644
10	full	12883823	pca	5	2.0	0.6316712028257644	255006	1790	39842	40793	261977	3921	35197	35515	0.6139456449837812
