dissimilarity	n_components	n_init	n_jobs	random_state	method	cv_iteration	distance_threshold	training_mcc	training_tn	training_fn	training_tp	training_fp	validation_tn	validation_fn	validation_tp	validation_fp	validation_mcc
precomputed	2	2	1	12883823	mds	0	0.0	0.5869304442365401	74069	4676	6199	2627	74596	4192	5918	2865	0.5833685839028894
precomputed	2	2	1	12883823	mds	1	0.0	0.5833685839028894	74596	4192	5918	2865	74069	4676	6199	2627	0.5869304442365401
precomputed	2	2	1	12883823	mds	2	0.0	0.6934504710074	75288	3583	6958	1742	74202	3918	6501	2950	0.6111624828315242
precomputed	2	2	1	12883823	mds	3	0.0	0.6111624828315242	74202	3918	6501	2950	75288	3583	6958	1742	0.6934504710074
precomputed	2	2	1	12883823	mds	4	0.0	0.5347108331326116	73860	5078	5628	3005	74345	3540	6703	2983	0.6310127929937484
precomputed	2	2	1	12883823	mds	5	0.0	0.6310127929937484	74345	3540	6703	2983	73860	5078	5628	3005	0.5347108331326116
