init	random_state	method	cv_iteration	distance_threshold	training_mcc	training_tn	training_fn	training_tp	training_fp	validation_tn	validation_fn	validation_tp	validation_fp	validation_mcc
spectral	12883823	umap	0	0.0	0.45561823819027464	75628	7387	3488	1068	76998	6203	3907	463	0.5583861995026558
spectral	12883823	umap	1	0.0	0.5583861995026558	76998	6203	3907	463	75628	7387	3488	1068	0.45561823819027464
spectral	12883823	umap	2	0.0	0.6283020548824878	76272	5293	5248	758	76410	7078	3341	742	0.4776509238031176
spectral	12883823	umap	3	0.0	0.4776509238031176	76410	7078	3341	742	76272	5293	5248	758	0.6283020548824878
spectral	12883823	umap	4	0.0	0.6046393289777193	72659	3457	7249	4206	76389	5112	5131	939	0.6184768995901037
spectral	12883823	umap	5	0.0	0.6184768995901037	76389	5112	5131	939	72659	3457	7249	4206	0.6046393289777193
