metric	random_state	square_distances	method	cv_iteration	distance_threshold	training_mcc	training_tn	training_fn	training_tp	training_fp	validation_tn	validation_fn	validation_tp	validation_fp	validation_mcc
precomputed	12883823	True	t-sne	0	0.0	0.6292348682463837	75702	5249	5626	994	76240	5317	4793	1221	0.5791296186571786
precomputed	12883823	True	t-sne	1	0.0	0.5791296186571786	76240	5317	4793	1221	75702	5249	5626	994	0.6292348682463837
precomputed	12883823	True	t-sne	2	0.0	0.5338842755049491	75592	5973	4568	1438	75962	4373	6046	1190	0.6642433751370478
precomputed	12883823	True	t-sne	3	0.0	0.6642433751370478	75962	4373	6046	1190	75592	5973	4568	1438	0.5338842755049491
precomputed	12883823	True	t-sne	4	0.0	0.6882455591789179	75958	4393	6313	907	75785	5858	4385	1543	0.522132883081526
precomputed	12883823	True	t-sne	5	0.0	0.522132883081526	75785	5858	4385	1543	75958	4393	6313	907	0.6882455591789179
