perplexity	learning_rate	metric	random_state	square_distances	method	cv_iteration	distance_threshold	training_mcc	training_tn	training_fn	training_tp	training_fp	validation_tn	validation_fn	validation_tp	validation_fp	validation_mcc
15.0	500.0	precomputed	12883823	True	t-sne	0	4.0	0.6761324922158303	402105	26954	28873	1429	405169	31905	20512	1775	0.5726220064659527
15.0	500.0	precomputed	12883823	True	t-sne	1	4.0	0.5726220064659527	405169	31905	20512	1775	402105	26954	28873	1429	0.6761324922158303
15.0	500.0	precomputed	12883823	True	t-sne	2	4.0	0.6593454877245418	404983	26410	26289	1679	402630	21877	33356	1498	0.7372105160668914
15.0	500.0	precomputed	12883823	True	t-sne	3	4.0	0.7372105160668914	402630	21877	33356	1498	404983	26410	26289	1679	0.6593454877245418
15.0	500.0	precomputed	12883823	True	t-sne	4	4.0	0.6701784182258224	403031	26397	28128	1805	404762	31989	21218	1392	0.5848568520836585
15.0	500.0	precomputed	12883823	True	t-sne	5	4.0	0.5848568520836585	404762	31989	21218	1392	403031	26397	28128	1805	0.6701784182258224
