metric	random_state	square_distances	method	cv_iteration	distance_threshold	training_mcc	training_tn	training_fn	training_tp	training_fp	validation_tn	validation_fn	validation_tp	validation_fp	validation_mcc
precomputed	12883823	True	t-sne	0	10.0	0.6113552993102968	247018	2	40185	49405	251997	2156	38484	44794	0.6009163330347318
precomputed	12883823	True	t-sne	1	10.0	0.6009163330347318	251997	2156	38484	44794	247018	2	40185	49405	0.6113552993102968
precomputed	12883823	True	t-sne	2	10.0	0.5967400739913298	257628	3708	35745	39529	248872	0	41569	46990	0.6283648182772381
precomputed	12883823	True	t-sne	3	10.0	0.6283648182772381	248872	0	41569	46990	257628	3708	35745	39529	0.5967400739913298
precomputed	12883823	True	t-sne	4	10.0	0.5820281887736223	254674	3447	35671	42818	249622	0	41632	46177	0.6325388436618664
precomputed	12883823	True	t-sne	5	10.0	0.6325388436618664	249622	0	41632	46177	254674	3447	35671	42818	0.5820281887736223
