init	random_state	method	cv_iteration	distance_threshold	training_mcc	training_tn	training_fn	training_tp	training_fp	validation_tn	validation_fn	validation_tp	validation_fp	validation_mcc
spectral	12883823	umap	0	10.0	0.006570494210846787	4392	498	39689	292031	75896	0	40640	220895	0.19934071952920684
spectral	12883823	umap	1	10.0	0.19934071952920684	75896	0	40640	220895	73951	3	40184	222472	0.19531087468180774
spectral	12883823	umap	2	10.0	0.3038407521418251	138060	0	39453	159097	160455	2	41567	135407	0.3568788833836459
spectral	12883823	umap	3	10.0	0.3568788833836459	160455	2	41567	135407	138060	0	39453	159097	0.3038407521418251
spectral	12883823	umap	4	10.0	0.32483317291179364	149876	2	39116	147616	108839	0	41632	186960	0.25886721085396397
spectral	12883823	umap	5	10.0	0.1649731424052852	54677	0	41632	241122	149876	2	39116	147616	0.32483317291179364
