metric	random_state	square_distances	method	cv_iteration	distance_threshold	training_mcc	training_tn	training_fn	training_tp	training_fp	validation_tn	validation_fn	validation_tp	validation_fp	validation_mcc
precomputed	12883823	True	t-sne	0	8.0	0.4438464947097229	56946	1159	9716	19750	50653	680	9430	26808	0.3806450880974177
precomputed	12883823	True	t-sne	1	8.0	0.3806450880974177	50653	680	9430	26808	56946	1159	9716	19750	0.4438464947097229
precomputed	12883823	True	t-sne	2	8.0	0.4874749144872245	59759	891	9650	17271	59463	1172	9247	17689	0.46178695805354725
precomputed	12883823	True	t-sne	3	8.0	0.46178695805354725	59463	1172	9247	17689	59759	891	9650	17271	0.4874749144872245
precomputed	12883823	True	t-sne	4	8.0	0.3585270486423904	47440	779	9927	29425	43891	680	9563	33437	0.32221064220395984
precomputed	12883823	True	t-sne	5	8.0	0.32221064220395984	43891	680	9563	33437	47440	779	9927	29425	0.3585270486423904
