init	random_state	method	cv_iteration	distance_threshold	training_mcc	training_tn	training_fn	training_tp	training_fp	validation_tn	validation_fn	validation_tp	validation_fp	validation_mcc
spectral	12883823	umap	0	8.0	0.38971964561931144	47915	403	10472	28781	67420	839	9271	10041	0.6068920027979665
spectral	12883823	umap	1	8.0	0.6068920027979665	67420	839	9271	10041	47915	403	10472	28781	0.38971964561931144
spectral	12883823	umap	2	8.0	0.5834466146558974	62746	76	10465	14284	58097	831	9588	19055	0.4646228189847006
spectral	12883823	umap	3	8.0	0.4646228189847006	58097	831	9588	19055	62746	76	10465	14284	0.5834466146558974
spectral	12883823	umap	4	8.0	0.5880865830929594	63922	418	10288	12943	55041	258	9985	22287	0.45741781173147766
spectral	12883823	umap	5	8.0	0.45741781173147766	55041	258	9985	22287	63922	418	10288	12943	0.5880865830929594
