dissimilarity	n_components	n_init	n_jobs	random_state	method	cv_iteration	distance_threshold	training_mcc	training_tn	training_fn	training_tp	training_fp	validation_tn	validation_fn	validation_tp	validation_fp	validation_mcc
precomputed	2	2	1	12883823	mds	0	8.0	0.3708293169809252	51772	1368	9507	24924	53615	574	9536	23846	0.418059829458448
precomputed	2	2	1	12883823	mds	1	8.0	0.418059829458448	53615	574	9536	23846	51772	1368	9507	24924	0.3708293169809252
precomputed	2	2	1	12883823	mds	2	8.0	0.22902294742213736	33312	938	9603	43718	60994	911	9508	16158	0.5001290069028559
precomputed	2	2	1	12883823	mds	3	8.0	0.5001290069028559	60994	911	9508	16158	33312	938	9603	43718	0.22902294742213736
precomputed	2	2	1	12883823	mds	4	8.0	0.4777201786298409	61073	1451	9255	15792	52433	870	9373	24895	0.3905773043088911
precomputed	2	2	1	12883823	mds	5	8.0	0.3905773043088911	52433	870	9373	24895	61073	1451	9255	15792	0.4777201786298409
