perplexity	learning_rate	metric	random_state	square_distances	method	cv_iteration	distance_threshold	training_mcc	training_tn	training_fn	training_tp	training_fp	validation_tn	validation_fn	validation_tp	validation_fp	validation_mcc
15.0	100.0	precomputed	12883823	True	t-sne	0	2.0	0.5087401061097517	45551	3607	4471	2987	47973	3203	4732	708	0.685323361210122
15.0	100.0	precomputed	12883823	True	t-sne	1	2.0	0.685323361210122	47973	3203	4732	708	45551	3607	4471	2987	0.5087401061097517
15.0	100.0	precomputed	12883823	True	t-sne	2	2.0	0.5505528266014011	45123	2347	5068	4078	45826	5120	3600	2070	0.44445018687258564
15.0	100.0	precomputed	12883823	True	t-sne	3	2.0	0.44445018687258564	45826	5120	3600	2070	45123	2347	5068	4078	0.5505528266014011
15.0	100.0	precomputed	12883823	True	t-sne	4	2.0	0.612811783044191	47487	3427	4389	1313	46483	4905	3365	1863	0.4493700035897775
15.0	100.0	precomputed	12883823	True	t-sne	5	2.0	0.4493700035897775	46483	4905	3365	1863	47487	3427	4389	1313	0.612811783044191
