perplexity	learning_rate	metric	random_state	square_distances	method	cv_iteration	distance_threshold	training_mcc	training_tn	training_fn	training_tp	training_fp	validation_tn	validation_fn	validation_tp	validation_fp	validation_mcc
30.0	200.0	precomputed	12883823	True	t-sne	0	6.0	0.5929419677112348	348183	5537	50290	55351	376203	5261	47156	30741	0.6982183672857717
30.0	200.0	precomputed	12883823	True	t-sne	1	6.0	0.6982183672857717	376203	5261	47156	30741	348183	5537	50290	55351	0.5929419677112348
30.0	200.0	precomputed	12883823	True	t-sne	2	6.0	0.5880320530152333	348878	4205	48494	57784	391480	6067	49166	12648	0.8185460394129958
30.0	200.0	precomputed	12883823	True	t-sne	3	6.0	0.8185460394129958	391480	6067	49166	12648	348878	4205	48494	57784	0.5880320530152333
30.0	200.0	precomputed	12883823	True	t-sne	4	6.0	0.7066000250887229	375127	5671	48854	29709	394511	4537	48670	11643	0.8396073308910269
30.0	200.0	precomputed	12883823	True	t-sne	5	6.0	0.8396073308910269	394511	4537	48670	11643	375127	5671	48854	29709	0.7066000250887229
