perplexity	learning_rate	metric	random_state	square_distances	method	cv_iteration	distance_threshold	training_mcc	training_tn	training_fn	training_tp	training_fp	validation_tn	validation_fn	validation_tp	validation_fp	validation_mcc
15.0	100.0	precomputed	12883823	True	t-sne	0	8.0	0.4635082779752215	45515	330	11423	22133	47248	72	10563	21917	0.4678999930443343
15.0	100.0	precomputed	12883823	True	t-sne	1	8.0	0.4678999930443343	47248	72	10563	21917	45515	330	11423	22133	0.4635082779752215
15.0	100.0	precomputed	12883823	True	t-sne	2	8.0	0.2910152419970877	28976	0	10199	40226	47455	38	12223	20084	0.5139070937403862
15.0	100.0	precomputed	12883823	True	t-sne	3	8.0	0.5139070937403862	47455	38	12223	20084	28976	0	10199	40226	0.2910152419970877
15.0	100.0	precomputed	12883823	True	t-sne	4	8.0	0.4508351901268923	45541	44	10492	23324	39275	0	11851	28674	0.4111332007688717
15.0	100.0	precomputed	12883823	True	t-sne	5	8.0	0.4111332007688717	39275	0	11851	28674	45541	44	10492	23324	0.4508351901268923
