n_neighbors	min_dist	init	random_state	method	cv_iteration	distance_threshold	training_mcc	training_tn	training_fn	training_tp	training_fp	validation_tn	validation_fn	validation_tp	validation_fp	validation_mcc
25	0.05	spectral	12883823	umap	0	12.0	0.17941645866754508	17913	1026	7052	30625	6696	816	7119	41985	0.035522950238401386
25	0.05	spectral	12883823	umap	1	12.0	0.035522950238401386	6696	816	7119	41985	17913	1026	7052	30625	0.17941645866754508
25	0.05	spectral	12883823	umap	2	12.0	0.2525548319229307	16836	0	7415	32365	7616	1036	7684	40280	0.040332911394014806
25	0.05	spectral	12883823	umap	3	12.0	0.040332911394014806	7616	1036	7684	40280	16836	0	7415	32365	0.2525548319229307
25	0.05	spectral	12883823	umap	4	12.0	0.20658266177068407	20100	957	6859	28700	17262	0	8270	31084	0.27391990754749906
25	0.05	spectral	12883823	umap	5	12.0	0.27391990754749906	17262	0	8270	31084	20100	957	6859	28700	0.20658266177068407
