n_neighbors	min_dist	init	random_state	method	cv_iteration	distance_threshold	training_mcc	training_tn	training_fn	training_tp	training_fp	validation_tn	validation_fn	validation_tp	validation_fp	validation_mcc
100	0.25	spectral	12883823	umap	0	2.0	0.31395284417695357	28813	1176	6902	19725	16620	0	7935	32061	0.2602561194656133
100	0.25	spectral	12883823	umap	1	2.0	0.2602561194656133	16620	0	7935	32061	28813	1176	6902	19725	0.31395284417695357
100	0.25	spectral	12883823	umap	2	2.0	0.37884434565971653	28069	67	7348	21132	31204	1519	7201	16692	0.3488472233974032
100	0.25	spectral	12883823	umap	3	2.0	0.3488472233974032	31204	1519	7201	16692	28069	67	7348	21132	0.37884434565971653
100	0.25	spectral	12883823	umap	4	2.0	0.20658266177068407	20100	957	6859	28700	17262	0	8270	31084	0.27391990754749906
100	0.25	spectral	12883823	umap	5	2.0	0.27391990754749906	17262	0	8270	31084	20100	957	6859	28700	0.20658266177068407
