n_neighbors	min_dist	init	random_state	method	cv_iteration	distance_threshold	training_mcc	training_tn	training_fn	training_tp	training_fp	validation_tn	validation_fn	validation_tp	validation_fp	validation_mcc
25	0.1	spectral	12883823	umap	0	14.0	0.17941645866754508	17913	1026	7052	30625	22248	1200	6735	26433	0.2155064050788585
25	0.1	spectral	12883823	umap	1	14.0	0.2155064050788585	22248	1200	6735	26433	17913	1026	7052	30625	0.17941645866754508
25	0.1	spectral	12883823	umap	2	14.0	0.16994659175183272	16908	816	6599	32293	17680	1036	7684	30216	0.1920822896257144
25	0.1	spectral	12883823	umap	3	14.0	0.1920822896257144	17680	1036	7684	30216	16908	816	6599	32293	0.16994659175183272
25	0.1	spectral	12883823	umap	4	14.0	0.18335892131269235	17328	836	6980	31472	17262	0	8270	31084	0.27391990754749906
25	0.1	spectral	12883823	umap	5	14.0	0.27391990754749906	17262	0	8270	31084	17328	836	6980	31472	0.18335892131269235
