n_components	dissimilarity	n_init	n_jobs	random_state	method	cv_iteration	distance_threshold	training_mcc	training_tn	training_fn	training_tp	training_fp	validation_tn	validation_fn	validation_tp	validation_fp	validation_mcc
2	precomputed	2	1	12883823	mds	0	10.0	0.3124327906231607	30944	324	11429	36704	27004	0	10635	42161	0.28043944312033936
2	precomputed	2	1	12883823	mds	1	10.0	0.28043944312033936	27004	0	10635	42161	30944	324	11429	36704	0.3124327906231607
2	precomputed	2	1	12883823	mds	2	10.0	0.26237660084662323	25280	0	10199	43922	32726	166	12095	34813	0.34506628620333324
2	precomputed	2	1	12883823	mds	3	10.0	0.34506628620333324	32726	166	12095	34813	25280	0	10199	43922	0.26237660084662323
2	precomputed	2	1	12883823	mds	4	10.0	0.27833143853936093	26690	0	10536	42175	31163	116	11735	36786	0.32693741025631534
2	precomputed	2	1	12883823	mds	5	10.0	0.32693741025631534	31163	116	11735	36786	26690	0	10536	42175	0.27833143853936093
