init	random_state	method	cv_iteration	distance_threshold	training_mcc	training_tn	training_fn	training_tp	training_fp	validation_tn	validation_fn	validation_tp	validation_fp	validation_mcc
spectral	12883823	umap	0	4.0	0.7013486256423676	69300	531	10344	7396	70397	376	9734	7064	0.7074229467804204
spectral	12883823	umap	1	4.0	0.7074229467804204	70397	376	9734	7064	69300	531	10344	7396	0.7013486256423676
spectral	12883823	umap	2	4.0	0.754061670885518	71213	290	10251	5817	70297	1114	9305	6855	0.6712175553334526
spectral	12883823	umap	3	4.0	0.6712175553334526	70297	1114	9305	6855	71213	290	10251	5817	0.754061670885518
spectral	12883823	umap	4	4.0	0.6906689157246877	70861	1267	9439	6004	71280	841	9402	6048	0.7079492897163345
spectral	12883823	umap	5	4.0	0.7079492897163345	71280	841	9402	6048	70861	1267	9439	6004	0.6906689157246877
