dissimilarity	n_components	n_init	n_jobs	random_state	method	cv_iteration	distance_threshold	training_mcc	training_tn	training_fn	training_tp	training_fp	validation_tn	validation_fn	validation_tp	validation_fp	validation_mcc
precomputed	2	2	1	12883823	mds	0	4.0	0.6402201159600798	71502	2499	8376	5194	75356	3363	6747	2105	0.6786744723516943
precomputed	2	2	1	12883823	mds	1	4.0	0.6786744723516943	75356	3363	6747	2105	71502	2499	8376	5194	0.6402201159600798
precomputed	2	2	1	12883823	mds	2	4.0	0.5799742550964845	71685	3196	7345	5345	72768	4307	6112	4384	0.5281143955209568
precomputed	2	2	1	12883823	mds	3	4.0	0.5281143955209568	72768	4307	6112	4384	71685	3196	7345	5345	0.5799742550964845
precomputed	2	2	1	12883823	mds	4	4.0	0.5842976678791247	74164	4581	6125	2701	72417	2833	7410	4911	0.6099467059452999
precomputed	2	2	1	12883823	mds	5	4.0	0.6099467059452999	72417	2833	7410	4911	74164	4581	6125	2701	0.5842976678791247
