metric	random_state	square_distances	method	cv_iteration	distance_threshold	training_mcc	training_tn	training_fn	training_tp	training_fp	validation_tn	validation_fn	validation_tp	validation_fp	validation_mcc
precomputed	12883823	True	t-sne	0	4.0	0.5216463585039628	62734	1266	9609	13962	66520	1347	8763	10941	0.555213700897105
precomputed	12883823	True	t-sne	1	4.0	0.555213700897105	66520	1347	8763	10941	62734	1266	9609	13962	0.5216463585039628
precomputed	12883823	True	t-sne	2	4.0	0.49990817085953443	60618	891	9650	16412	65107	1546	8873	12045	0.5280947523100782
precomputed	12883823	True	t-sne	3	4.0	0.5280947523100782	65107	1546	8873	12045	60618	891	9650	16412	0.49990817085953443
precomputed	12883823	True	t-sne	4	4.0	0.5730742878133944	67112	1657	9049	9753	66192	1196	9047	11136	0.5641257035372972
precomputed	12883823	True	t-sne	5	4.0	0.5641257035372972	66192	1196	9047	11136	67112	1657	9049	9753	0.5730742878133944
