perplexity	learning_rate	metric	random_state	square_distances	method	cv_iteration	distance_threshold	training_mcc	training_tn	training_fn	training_tp	training_fp	validation_tn	validation_fn	validation_tp	validation_fp	validation_mcc
30.0	200.0	precomputed	12883823	True	t-sne	0	2.0	0.7040141434418427	44691	1027	7051	3847	41551	1514	6421	7130	0.5391950516134315
30.0	200.0	precomputed	12883823	True	t-sne	1	2.0	0.5391950516134315	41551	1514	6421	7130	44691	1027	7051	3847	0.7040141434418427
30.0	200.0	precomputed	12883823	True	t-sne	2	2.0	0.6858116796914666	45207	967	6448	3994	43241	1747	6973	4655	0.627671564794542
30.0	200.0	precomputed	12883823	True	t-sne	3	2.0	0.627671564794542	43241	1747	6973	4655	45207	967	6448	3994	0.6858116796914666
30.0	200.0	precomputed	12883823	True	t-sne	4	2.0	0.6665758555238559	45698	1757	6059	3102	43536	1110	7160	4810	0.662807068159951
30.0	200.0	precomputed	12883823	True	t-sne	5	2.0	0.662807068159951	43536	1110	7160	4810	45698	1757	6059	3102	0.6665758555238559
