metric	random_state	square_distances	method	cv_iteration	distance_threshold	training_mcc	training_tn	training_fn	training_tp	training_fp	validation_tn	validation_fn	validation_tp	validation_fp	validation_mcc
precomputed	12883823	True	t-sne	0	6.0	0.527505225517038	245546	4740	35447	50877	263343	5040	35600	33448	0.6157949523637812
precomputed	12883823	True	t-sne	1	6.0	0.6157949523637812	263343	5040	35600	33448	245546	4740	35447	50877	0.527505225517038
precomputed	12883823	True	t-sne	2	6.0	0.740924171399174	281991	5305	34148	15166	254382	2683	38886	41480	0.6135907461079289
precomputed	12883823	True	t-sne	3	6.0	0.6135907461079289	254382	2683	38886	41480	281991	5305	34148	15166	0.740924171399174
precomputed	12883823	True	t-sne	4	6.0	0.6159581727406698	263490	4330	34788	34002	283018	3480	38152	12781	0.8021698101051864
precomputed	12883823	True	t-sne	5	6.0	0.8021698101051864	283018	3480	38152	12781	263490	4330	34788	34002	0.6159581727406698
