dissimilarity	n_components	n_init	n_jobs	random_state	method	cv_iteration	distance_threshold	training_mcc	training_tn	training_fn	training_tp	training_fp	validation_tn	validation_fn	validation_tp	validation_fp	validation_mcc
precomputed	2	2	1	12883823	mds	0	6.0	0.5409031697261607	241244	2769	37418	55179	212165	2578	38062	84626	0.4407661878461256
precomputed	2	2	1	12883823	mds	1	6.0	0.4407661878461256	212165	2578	38062	84626	241244	2769	37418	55179	0.5409031697261607
precomputed	2	2	1	12883823	mds	2	6.0	0.46298544705312783	222606	2849	36604	74551	206455	2627	38942	89407	0.4296188267572771
precomputed	2	2	1	12883823	mds	3	6.0	0.4296188267572771	206455	2627	38942	89407	222606	2849	36604	74551	0.46298544705312783
precomputed	2	2	1	12883823	mds	4	6.0	0.5340994263800166	243411	3148	35970	54081	206973	2022	39610	88826	0.441036895149627
precomputed	2	2	1	12883823	mds	5	6.0	0.441036895149627	206973	2022	39610	88826	243411	3148	35970	54081	0.5340994263800166
