init	random_state	method	cv_iteration	distance_threshold	training_mcc	training_tn	training_fn	training_tp	training_fp	validation_tn	validation_fn	validation_tp	validation_fp	validation_mcc
spectral	12883823	umap	0	6.0	0.728571296502678	270156	858	39329	26267	290274	2253	38387	6517	0.8840807952374257
spectral	12883823	umap	1	6.0	0.8840807952374257	290274	2253	38387	6517	270156	858	39329	26267	0.728571296502678
spectral	12883823	umap	2	6.0	0.3623152240756618	176179	1204	38249	120978	224196	2349	39220	71666	0.4906764024784718
spectral	12883823	umap	3	6.0	0.4906764024784718	224196	2349	39220	71666	176179	1204	38249	120978	0.3623152240756618
spectral	12883823	umap	4	6.0	0.7561191319090369	279222	2661	36457	18270	193886	1710	39922	101913	0.409341030706284
spectral	12883823	umap	5	6.0	0.409341030706284	193886	1710	39922	101913	279222	2661	36457	18270	0.7561191319090369
