n_components	svd_solver	random_state	method	cv_iteration	distance_threshold	training_mcc	training_tn	training_fn	training_tp	training_fp	validation_tn	validation_fn	validation_tp	validation_fp	validation_mcc
10	full	12883823	pca	0	6.0	0.003231979197891139	7210	916	39271	289213	150312	13492	27148	146479	0.11361878566178922
10	full	12883823	pca	1	6.0	0.11361878566178922	150312	13492	27148	146479	7210	916	39271	289213	0.003231979197891139
10	full	12883823	pca	2	6.0	-0.0014292259388425052	15620	2113	37340	281537	148936	14109	27460	146926	0.10785112509297429
10	full	12883823	pca	3	6.0	0.10785112509297429	148936	14109	27460	146926	15620	2113	37340	281537	-0.0014292259388425052
10	full	12883823	pca	4	6.0	0.008234798990084096	102701	13027	26091	194791	142224	13171	28461	153575	0.10850194528154605
10	full	12883823	pca	5	6.0	0.10850194528154605	142224	13171	28461	153575	102701	13027	26091	194791	0.008234798990084096
