perplexity	learning_rate	metric	random_state	square_distances	method	cv_iteration	distance_threshold	training_mcc	training_tn	training_fn	training_tp	training_fp	validation_tn	validation_fn	validation_tp	validation_fp	validation_mcc
15.0	100.0	precomputed	12883823	True	t-sne	0	4.0	0.6719135371136404	44978	1546	6532	3560	38145	1316	6619	10536	0.46662460517565907
15.0	100.0	precomputed	12883823	True	t-sne	1	4.0	0.46662460517565907	38145	1316	6619	10536	44978	1546	6532	3560	0.6719135371136404
15.0	100.0	precomputed	12883823	True	t-sne	2	4.0	0.67795622901324	44917	919	6496	4284	35641	1394	7326	12255	0.44340275968557835
15.0	100.0	precomputed	12883823	True	t-sne	3	4.0	0.44340275968557835	35641	1394	7326	12255	44917	919	6496	4284	0.67795622901324
15.0	100.0	precomputed	12883823	True	t-sne	4	4.0	0.6414144018746568	45457	1907	5909	3343	42426	1435	6835	5920	0.5951755224671137
15.0	100.0	precomputed	12883823	True	t-sne	5	4.0	0.5951755224671137	42426	1435	6835	5920	45457	1907	5909	3343	0.6414144018746568
