n_neighbors	min_dist	init	random_state	method	cv_iteration	distance_threshold	training_mcc	training_tn	training_fn	training_tp	training_fp	validation_tn	validation_fn	validation_tp	validation_fp	validation_mcc
100	0.25	spectral	12883823	umap	0	6.0	0.36268693169409744	226203	313	55514	177331	356550	182	52235	50394	0.6661294392339383
100	0.25	spectral	12883823	umap	1	6.0	0.6661294392339383	356550	182	52235	50394	226203	313	55514	177331	0.36268693169409744
100	0.25	spectral	12883823	umap	2	6.0	0.5100911081923706	308554	402	52297	98108	302401	182	55051	101727	0.5110243108897451
100	0.25	spectral	12883823	umap	3	6.0	0.5110243108897451	302401	182	55051	101727	308554	402	52297	98108	0.5100911081923706
100	0.25	spectral	12883823	umap	4	6.0	0.6680509638338724	353985	386	54139	50851	221647	105	53102	184507	0.3482269100738072
100	0.25	spectral	12883823	umap	5	6.0	0.3482269100738072	221647	105	53102	184507	353985	386	54139	50851	0.6680509638338724
