n_neighbors	min_dist	init	random_state	method	cv_iteration	distance_threshold	training_mcc	training_tn	training_fn	training_tp	training_fp	validation_tn	validation_fn	validation_tp	validation_fp	validation_mcc
100	0.1	spectral	12883823	umap	0	6.0	0.6670257192850542	352387	690	55137	51147	356550	182	52235	50394	0.6661294392339383
100	0.1	spectral	12883823	umap	1	6.0	0.6661294392339383	356550	182	52235	50394	352387	690	55137	51147	0.6670257192850542
100	0.1	spectral	12883823	umap	2	6.0	0.6563916086207192	354659	504	52195	52003	302401	182	55051	101727	0.5110243108897451
100	0.1	spectral	12883823	umap	3	6.0	0.5110243108897451	302401	182	55051	101727	354659	504	52195	52003	0.6563916086207192
100	0.1	spectral	12883823	umap	4	6.0	0.6680509638338724	353985	386	54139	50851	355856	468	52739	50298	0.6654450916686436
100	0.1	spectral	12883823	umap	5	6.0	0.6654450916686436	355856	468	52739	50298	353985	386	54139	50851	0.6680509638338724
