n_components	dissimilarity	n_init	n_jobs	random_state	method	cv_iteration	distance_threshold	training_mcc	training_tn	training_fn	training_tp	training_fp	validation_tn	validation_fn	validation_tp	validation_fp	validation_mcc
2	precomputed	2	1	12883823	mds	0	4.0	0.4078293260483129	275176	4049	51778	128358	310120	3379	49038	96824	0.476458246144344
2	precomputed	2	1	12883823	mds	1	4.0	0.476458246144344	310120	3379	49038	96824	275176	4049	51778	128358	0.4078293260483129
2	precomputed	2	1	12883823	mds	2	4.0	0.3390618681655876	249712	4486	48213	156950	280569	3524	51709	123559	0.4221157152127077
2	precomputed	2	1	12883823	mds	3	4.0	0.4221157152127077	280569	3524	51709	123559	249712	4486	48213	156950	0.3390618681655876
2	precomputed	2	1	12883823	mds	4	4.0	0.3928323081466828	264194	2913	51612	140642	318016	3845	49362	88138	0.4966473114731082
2	precomputed	2	1	12883823	mds	5	4.0	0.4966473114731082	318016	3845	49362	88138	264194	2913	51612	140642	0.3928323081466828
