n_components	dissimilarity	n_init	n_jobs	random_state	method	cv_iteration	distance_threshold	training_mcc	training_tn	training_fn	training_tp	training_fp	validation_tn	validation_fn	validation_tp	validation_fp	validation_mcc
4	precomputed	2	1	12883823	mds	0	4.0	0.6118444319410951	365607	10266	45561	37927	368817	10383	42034	38127	0.5932784234203634
4	precomputed	2	1	12883823	mds	1	4.0	0.5932784234203634	368817	10383	42034	38127	365607	10266	45561	37927	0.6118444319410951
4	precomputed	2	1	12883823	mds	2	4.0	0.5464016441367506	369137	14270	38429	37525	366640	12119	43114	37488	0.5881391233409458
4	precomputed	2	1	12883823	mds	3	4.0	0.5881391233409458	366640	12119	43114	37488	369137	14270	38429	37525	0.5464016441367506
4	precomputed	2	1	12883823	mds	4	4.0	0.5887937572383576	367131	11706	42819	37705	363498	6923	46284	42656	0.6194640398420126
4	precomputed	2	1	12883823	mds	5	4.0	0.6194640398420126	363498	6923	46284	42656	367131	11706	42819	37705	0.5887937572383576
