perplexity	learning_rate	metric	random_state	square_distances	method	cv_iteration	distance_threshold	training_mcc	training_tn	training_fn	training_tp	training_fp	validation_tn	validation_fn	validation_tp	validation_fp	validation_mcc
100.0	200.0	precomputed	12883823	True	t-sne	0	2.0	0.07220686240858658	696	0	352	6333	3779	0	447	3277	0.25354677174103
100.0	200.0	precomputed	12883823	True	t-sne	1	2.0	0.25354677174103	3779	0	447	3277	696	0	352	6333	0.07220686240858658
100.0	200.0	precomputed	12883823	True	t-sne	2	2.0	0.25737712072739516	3987	0	394	3000	3872	0	407	3224	0.24731186417377174
100.0	200.0	precomputed	12883823	True	t-sne	3	2.0	0.24731186417377174	3872	0	407	3224	3987	0	394	3000	0.25737712072739516
100.0	200.0	precomputed	12883823	True	t-sne	4	2.0	0.23791603345479845	3889	0	357	3135	3890	0	429	3184	0.2555270835799704
100.0	200.0	precomputed	12883823	True	t-sne	5	2.0	0.2555270835799704	3890	0	429	3184	3889	0	357	3135	0.23791603345479845
