perplexity	learning_rate	metric	random_state	square_distances	method	cv_iteration	distance_threshold	training_mcc	training_tn	training_fn	training_tp	training_fp	validation_tn	validation_fn	validation_tp	validation_fp	validation_mcc
15.0	200.0	precomputed	12883823	True	t-sne	0	10.0	0.823733041300931	394219	8137	47690	9315	386903	14522	37895	20041	0.6452034178951084
15.0	200.0	precomputed	12883823	True	t-sne	1	10.0	0.6452034178951084	386903	14522	37895	20041	394219	8137	47690	9315	0.823733041300931
15.0	200.0	precomputed	12883823	True	t-sne	2	10.0	0.668874363645881	395697	18271	34428	10965	379608	11681	43552	24520	0.6662876923956524
15.0	200.0	precomputed	12883823	True	t-sne	3	10.0	0.6662876923956524	379608	11681	43552	24520	395697	18271	34428	10965	0.668874363645881
15.0	200.0	precomputed	12883823	True	t-sne	4	10.0	0.6960568092268362	375207	6571	47954	29629	394805	11254	41953	11349	0.7599546969013884
15.0	200.0	precomputed	12883823	True	t-sne	5	10.0	0.7599546969013884	394805	11254	41953	11349	375207	6571	47954	29629	0.6960568092268362
