perplexity	learning_rate	metric	random_state	square_distances	method	cv_iteration	distance_threshold	training_mcc	training_tn	training_fn	training_tp	training_fp	validation_tn	validation_fn	validation_tp	validation_fp	validation_mcc
30.0	100.0	precomputed	12883823	True	t-sne	0	8.0	0.6080533593472364	336707	705	55122	66827	368923	2382	50035	38021	0.695545145495433
30.0	100.0	precomputed	12883823	True	t-sne	1	8.0	0.695545145495433	368923	2382	50035	38021	336707	705	55122	66827	0.6080533593472364
30.0	100.0	precomputed	12883823	True	t-sne	2	8.0	0.5960901481745102	339050	677	52022	67612	350565	5880	49353	53563	0.5936179088386909
30.0	100.0	precomputed	12883823	True	t-sne	3	8.0	0.5936179088386909	350565	5880	49353	53563	339050	677	52022	67612	0.5960901481745102
30.0	100.0	precomputed	12883823	True	t-sne	4	8.0	0.589939036905823	350118	5582	48943	54718	356127	3029	50178	50027	0.6353364953192736
30.0	100.0	precomputed	12883823	True	t-sne	5	8.0	0.6353364953192736	356127	3029	50178	50027	350118	5582	48943	54718	0.589939036905823
