dissimilarity	n_components	n_init	n_jobs	random_state	method	cv_iteration	distance_threshold	training_mcc	training_tn	training_fn	training_tp	training_fp	validation_tn	validation_fn	validation_tp	validation_fp	validation_mcc
precomputed	2	2	1	12883823	mds	0	0.0	0.4106646272370557	57942	4496	7257	9706	56084	3843	6792	13081	0.3532779675568345
precomputed	2	2	1	12883823	mds	1	0.0	0.3532779675568345	56084	3843	6792	13081	57942	4496	7257	9706	0.4106646272370557
precomputed	2	2	1	12883823	mds	2	0.0	0.34669080010643094	58534	4336	5863	10668	58228	6164	6097	9311	0.32835021281248195
precomputed	2	2	1	12883823	mds	3	0.0	0.32835021281248195	58228	6164	6097	9311	58534	4336	5863	10668	0.34669080010643094
precomputed	2	2	1	12883823	mds	4	0.0	0.37250016833654354	56626	3723	6813	12239	56588	4358	7493	11361	0.38932429118220135
precomputed	2	2	1	12883823	mds	5	0.0	0.38932429118220135	56588	4358	7493	11361	56626	3723	6813	12239	0.37250016833654354
