perplexity	learning_rate	metric	random_state	square_distances	method	cv_iteration	distance_threshold	training_mcc	training_tn	training_fn	training_tp	training_fp	validation_tn	validation_fn	validation_tp	validation_fp	validation_mcc
30.0	500.0	precomputed	12883823	True	t-sne	0	0.0	0.5680343777935876	64496	4991	6762	3152	58646	6285	4350	10519	0.22427391759026627
30.0	500.0	precomputed	12883823	True	t-sne	1	0.0	0.22427391759026627	58646	6285	4350	10519	64496	4991	6762	3152	0.5680343777935876
30.0	500.0	precomputed	12883823	True	t-sne	2	0.0	0.37969168372589823	65168	6094	4105	4034	61424	6753	5508	6115	0.36667409996217487
30.0	500.0	precomputed	12883823	True	t-sne	3	0.0	0.36667409996217487	61424	6753	5508	6115	65168	6094	4105	4034	0.37969168372589823
30.0	500.0	precomputed	12883823	True	t-sne	4	0.0	0.6340451560593283	65899	3567	6969	2966	60491	7044	4807	7458	0.2917148316684963
30.0	500.0	precomputed	12883823	True	t-sne	5	0.0	0.2917148316684963	60491	7044	4807	7458	65899	3567	6969	2966	0.6340451560593283
