n_neighbors	min_dist	init	random_state	method	cv_iteration	distance_threshold	training_mcc	training_tn	training_fn	training_tp	training_fp	validation_tn	validation_fn	validation_tp	validation_fp	validation_mcc
50	0.1	spectral	12883823	umap	0	4.0	0.7074380189376316	362616	1086	54741	40918	356550	182	52235	50394	0.6661294392339383
50	0.1	spectral	12883823	umap	1	4.0	0.6661294392339383	356550	182	52235	50394	362616	1086	54741	40918	0.7074380189376316
50	0.1	spectral	12883823	umap	2	4.0	0.6552723051957166	354684	604	52095	51978	366201	6212	49021	37927	0.6589661678413812
50	0.1	spectral	12883823	umap	3	4.0	0.6589661678413812	366201	6212	49021	37927	354684	604	52095	51978	0.6552723051957166
50	0.1	spectral	12883823	umap	4	4.0	0.6988116009850529	362483	932	53593	42353	355856	468	52739	50298	0.6654450916686436
50	0.1	spectral	12883823	umap	5	4.0	0.6654450916686436	355856	468	52739	50298	362483	932	53593	42353	0.6988116009850529
