n_neighbors	min_dist	init	random_state	method	cv_iteration	distance_threshold	training_mcc	training_tn	training_fn	training_tp	training_fp	validation_tn	validation_fn	validation_tp	validation_fp	validation_mcc
50	0.25	spectral	12883823	umap	0	4.0	0.7074380189376316	362616	1086	54741	40918	356550	182	52235	50394	0.6661294392339383
50	0.25	spectral	12883823	umap	1	4.0	0.6661294392339383	356550	182	52235	50394	362616	1086	54741	40918	0.7074380189376316
50	0.25	spectral	12883823	umap	2	4.0	0.6563916086207192	354659	504	52195	52003	355008	371	54862	49120	0.6775158793313908
50	0.25	spectral	12883823	umap	3	4.0	0.6775158793313908	355008	371	54862	49120	354659	504	52195	52003	0.6563916086207192
50	0.25	spectral	12883823	umap	4	4.0	0.6680509638338724	353985	386	54139	50851	355856	468	52739	50298	0.6654450916686436
50	0.25	spectral	12883823	umap	5	4.0	0.6654450916686436	355856	468	52739	50298	353985	386	54139	50851	0.6680509638338724
