n_neighbors	min_dist	init	random_state	method	cv_iteration	distance_threshold	training_mcc	training_tn	training_fn	training_tp	training_fp	validation_tn	validation_fn	validation_tp	validation_fp	validation_mcc
50	0.05	spectral	12883823	umap	0	4.0	0.7074380189376316	362616	1086	54741	40918	356550	182	52235	50394	0.6661294392339383
50	0.05	spectral	12883823	umap	1	4.0	0.6661294392339383	356550	182	52235	50394	362616	1086	54741	40918	0.7074380189376316
50	0.05	spectral	12883823	umap	2	4.0	0.657534775799613	354634	402	52297	52028	368537	446	54787	35591	0.7394753876617269
50	0.05	spectral	12883823	umap	3	4.0	0.7394753876617269	368537	446	54787	35591	354634	402	52297	52028	0.657534775799613
50	0.05	spectral	12883823	umap	4	4.0	0.6541257992039721	373364	9122	45403	31472	365532	872	52335	40622	0.7038203434449908
50	0.05	spectral	12883823	umap	5	4.0	0.7038203434449908	365532	872	52335	40622	373364	9122	45403	31472	0.6541257992039721
