n_components	dissimilarity	n_init	n_jobs	random_state	method	cv_iteration	distance_threshold	training_mcc	training_tn	training_fn	training_tp	training_fp	validation_tn	validation_fn	validation_tp	validation_fp	validation_mcc
6	precomputed	2	1	12883823	mds	0	2.0	0.19827844978962064	338964	33634	22193	64570	361594	25815	26602	45350	0.34646985967072447
6	precomputed	2	1	12883823	mds	1	2.0	0.34646985967072447	361594	25815	26602	45350	338964	33634	22193	64570	0.19827844978962064
6	precomputed	2	1	12883823	mds	2	2.0	0.3599083234122664	362733	25473	27226	43929	336030	35317	19916	68098	0.1587321731348768
6	precomputed	2	1	12883823	mds	3	2.0	0.1587321731348768	336030	35317	19916	68098	362733	25473	27226	43929	0.3599083234122664
6	precomputed	2	1	12883823	mds	4	2.0	0.20269982261220743	350138	34550	19975	54698	339076	33864	19343	67078	0.16244885479047788
6	precomputed	2	1	12883823	mds	5	2.0	0.16244885479047788	339076	33864	19343	67078	350138	34550	19975	54698	0.20269982261220743
