n_components	svd_solver	random_state	method	cv_iteration	distance_threshold	training_mcc	training_tn	training_fn	training_tp	training_fp	validation_tn	validation_fn	validation_tp	validation_fp	validation_mcc
10	full	12883823	pca	0	2.0	0.5821636763080127	338664	3490	52337	64870	373639	3639	48778	33305	0.7043974459603338
10	full	12883823	pca	1	2.0	0.7043974459603338	373639	3639	48778	33305	338664	3490	52337	64870	0.5821636763080127
10	full	12883823	pca	2	2.0	0.5866676315710858	345239	3223	49476	61423	341230	3811	51422	62898	0.5832666816093186
10	full	12883823	pca	3	2.0	0.5832666816093186	341230	3811	51422	62898	345239	3223	49476	61423	0.5866676315710858
10	full	12883823	pca	4	2.0	0.36444891960788567	254379	3778	50747	150457	345655	3140	50067	60499	0.5928913697448858
10	full	12883823	pca	5	2.0	0.5928913697448858	345655	3140	50067	60499	254379	3778	50747	150457	0.36444891960788567
