n_neighbors	min_dist	init	random_state	method	cv_iteration	distance_threshold	training_mcc	training_tn	training_fn	training_tp	training_fp	validation_tn	validation_fn	validation_tp	validation_fp	validation_mcc
25	0.1	spectral	12883823	umap	0	4.0	0.6940561032614297	388887	15228	40599	14647	375483	13888	38529	31461	0.5819104327092138
25	0.1	spectral	12883823	umap	1	4.0	0.5819104327092138	375483	13888	38529	31461	388887	15228	40599	14647	0.6940561032614297
25	0.1	spectral	12883823	umap	2	4.0	0.6788405957568301	375386	6643	46056	31276	383315	10567	44666	20813	0.7044093301205767
25	0.1	spectral	12883823	umap	3	4.0	0.7044093301205767	383315	10567	44666	20813	375386	6643	46056	31276	0.6788405957568301
25	0.1	spectral	12883823	umap	4	4.0	0.6765679937756206	386456	13882	40643	18380	375124	9374	43833	31030	0.6476109012027171
25	0.1	spectral	12883823	umap	5	4.0	0.6476109012027171	375124	9374	43833	31030	386456	13882	40643	18380	0.6765679937756206
