n_neighbors	min_dist	init	random_state	method	cv_iteration	distance_threshold	training_mcc	training_tn	training_fn	training_tp	training_fp	validation_tn	validation_fn	validation_tp	validation_fp	validation_mcc
25	0.25	spectral	12883823	umap	0	4.0	0.6891893610419828	363452	2978	52849	40082	356550	182	52235	50394	0.6661294392339383
25	0.25	spectral	12883823	umap	1	4.0	0.6661294392339383	356550	182	52235	50394	363452	2978	52849	40082	0.6891893610419828
25	0.25	spectral	12883823	umap	2	4.0	0.602473668156504	366554	9030	43669	40108	366096	5267	49966	38032	0.6698738000672836
25	0.25	spectral	12883823	umap	3	4.0	0.6698738000672836	366096	5267	49966	38032	366554	9030	43669	40108	0.602473668156504
25	0.25	spectral	12883823	umap	4	4.0	0.6765679937756206	386456	13882	40643	18380	355856	468	52739	50298	0.6654450916686436
25	0.25	spectral	12883823	umap	5	4.0	0.6654450916686436	355856	468	52739	50298	386456	13882	40643	18380	0.6765679937756206
