n_neighbors	min_dist	init	random_state	method	cv_iteration	distance_threshold	training_mcc	training_tn	training_fn	training_tp	training_fp	validation_tn	validation_fn	validation_tp	validation_fp	validation_mcc
25	0.05	spectral	12883823	umap	0	4.0	0.680519119813946	380665	11599	44228	22869	375251	12880	39537	31693	0.5941346596085579
25	0.05	spectral	12883823	umap	1	4.0	0.5941346596085579	375251	12880	39537	31693	380665	11599	44228	22869	0.680519119813946
25	0.05	spectral	12883823	umap	2	4.0	0.699542661249358	374047	4407	48292	32615	374671	9862	45371	29457	0.6593026413742694
25	0.05	spectral	12883823	umap	3	4.0	0.6593026413742694	374671	9862	45371	29457	374047	4407	48292	32615	0.699542661249358
25	0.05	spectral	12883823	umap	4	4.0	0.6765679937756206	386456	13882	40643	18380	383473	8684	44523	22681	0.707168127565047
25	0.05	spectral	12883823	umap	5	4.0	0.707168127565047	383473	8684	44523	22681	386456	13882	40643	18380	0.6765679937756206
