n_neighbors	min_dist	init	random_state	method	cv_iteration	distance_threshold	training_mcc	training_tn	training_fn	training_tp	training_fp	validation_tn	validation_fn	validation_tp	validation_fp	validation_mcc
100	0.05	spectral	12883823	umap	0	0.0	0.548073565496519	6399	15	337	630	4364	0	447	2692	0.2967708144815585
100	0.05	spectral	12883823	umap	1	0.0	0.2967708144815585	4364	0	447	2692	6399	15	337	630	0.548073565496519
100	0.05	spectral	12883823	umap	2	0.0	0.25259514288880397	4000	5	389	2987	6276	18	389	820	0.5176287399971629
100	0.05	spectral	12883823	umap	3	0.0	0.5176287399971629	6276	18	389	820	4000	5	389	2987	0.25259514288880397
100	0.05	spectral	12883823	umap	4	0.0	0.236528474197073	4102	13	344	2922	4194	0	429	2880	0.27724386704916315
100	0.05	spectral	12883823	umap	5	0.0	0.27724386704916315	4194	0	429	2880	4102	13	344	2922	0.236528474197073
