n_neighbors	min_dist	init	random_state	method	cv_iteration	distance_threshold	training_mcc	training_tn	training_fn	training_tp	training_fp	validation_tn	validation_fn	validation_tp	validation_fp	validation_mcc
25	0.25	spectral	12883823	umap	0	6.0	0.31395284417695357	28813	1176	6902	19725	19473	937	6998	29208	0.20383533652779884
25	0.25	spectral	12883823	umap	1	6.0	0.20383533652779884	19473	937	6998	29208	28813	1176	6902	19725	0.31395284417695357
25	0.25	spectral	12883823	umap	2	6.0	0.43696538437954213	34861	608	6807	14340	7616	1036	7684	40280	0.040332911394014806
25	0.25	spectral	12883823	umap	3	6.0	0.040332911394014806	7616	1036	7684	40280	34861	608	6807	14340	0.43696538437954213
25	0.25	spectral	12883823	umap	4	6.0	0.3594410183036943	35528	1832	5984	13272	17262	986	7284	31084	0.1797208928290234
25	0.25	spectral	12883823	umap	5	6.0	0.1797208928290234	17262	986	7284	31084	35528	1832	5984	13272	0.3594410183036943
