n_neighbors	min_dist	init	random_state	method	cv_iteration	distance_threshold	training_mcc	training_tn	training_fn	training_tp	training_fp	validation_tn	validation_fn	validation_tp	validation_fp	validation_mcc
100	0.1	spectral	12883823	umap	0	0.0	0.6266013537826453	47124	3338	4740	1414	47212	4470	3465	1469	0.5003123759901618
100	0.1	spectral	12883823	umap	1	0.0	0.5003123759901618	47212	4470	3465	1469	47124	3338	4740	1414	0.6266013537826453
100	0.1	spectral	12883823	umap	2	0.0	0.6459370590352245	48426	3316	4099	775	46893	3880	4840	1003	0.633723600579634
100	0.1	spectral	12883823	umap	3	0.0	0.633723600579634	46893	3880	4840	1003	48426	3316	4099	775	0.6459370590352245
100	0.1	spectral	12883823	umap	4	0.0	0.5485994692000435	47855	4324	3492	945	47280	4827	3443	1066	0.5143322442825692
100	0.1	spectral	12883823	umap	5	0.0	0.5143322442825692	47280	4827	3443	1066	47855	4324	3492	945	0.5485994692000435
