perplexity	learning_rate	metric	random_state	square_distances	method	cv_iteration	distance_threshold	training_mcc	training_tn	training_fn	training_tp	training_fp	validation_tn	validation_fn	validation_tp	validation_fp	validation_mcc
30.0	100.0	precomputed	12883823	True	t-sne	0	12.0	0.5792985124510993	327921	705	55122	75613	366690	2290	50127	40254	0.6857154106971494
30.0	100.0	precomputed	12883823	True	t-sne	1	12.0	0.6857154106971494	366690	2290	50127	40254	327921	705	55122	75613	0.5792985124510993
30.0	100.0	precomputed	12883823	True	t-sne	2	12.0	0.5674404119298361	330218	677	52022	76444	339411	875	54358	64717	0.6115940288431524
30.0	100.0	precomputed	12883823	True	t-sne	3	12.0	0.6115940288431524	339411	875	54358	64717	330218	677	52022	76444	0.5674404119298361
30.0	100.0	precomputed	12883823	True	t-sne	4	12.0	0.6059721226738412	339295	924	53601	65541	354866	2970	50237	51288	0.6308165343835291
30.0	100.0	precomputed	12883823	True	t-sne	5	12.0	0.6308165343835291	354866	2970	50237	51288	339295	924	53601	65541	0.6059721226738412
