dissimilarity	n_components	n_init	n_jobs	random_state	method	cv_iteration	distance_threshold	training_mcc	training_tn	training_fn	training_tp	training_fp	validation_tn	validation_fn	validation_tp	validation_fp	validation_mcc
precomputed	2	2	1	12883823	mds	0	0.0	0.10245418712980618	248686	28886	11301	47737	253636	28589	12051	43155	0.13296829598552004
precomputed	2	2	1	12883823	mds	1	0.0	0.13296829598552004	253636	28589	12051	43155	248686	28886	11301	47737	0.10245418712980618
precomputed	2	2	1	12883823	mds	2	0.0	0.12869772226153608	266201	30225	9228	30956	249186	30996	10573	46676	0.0845740306579582
precomputed	2	2	1	12883823	mds	3	0.0	0.0845740306579582	249186	30996	10573	46676	266201	30225	9228	30956	0.12869772226153608
precomputed	2	2	1	12883823	mds	4	0.0	0.1638788800644886	263804	27886	11232	33688	247856	28406	13226	47943	0.13283713136677622
precomputed	2	2	1	12883823	mds	5	0.0	0.13283713136677622	247856	28406	13226	47943	263804	27886	11232	33688	0.1638788800644886
