n_components	svd_solver	random_state	method	cv_iteration	distance_threshold	training_mcc	training_tn	training_fn	training_tp	training_fp	validation_tn	validation_fn	validation_tp	validation_fp	validation_mcc
10	full	12883823	pca	0	0.0	0.22090516167725557	281650	31167	9020	14773	285274	30033	10607	11517	0.29217010317275
10	full	12883823	pca	1	0.0	0.29217010317275	285274	30033	10607	11517	281650	31167	9020	14773	0.22090516167725557
10	full	12883823	pca	2	0.0	0.27110754038968027	285886	29956	9497	11271	280464	32213	9356	15398	0.2181085463658706
10	full	12883823	pca	3	0.0	0.2181085463658706	280464	32213	9356	15398	285886	29956	9497	11271	0.27110754038968027
10	full	12883823	pca	4	0.0	0.24873183602978524	284367	29822	9296	13125	280054	33094	8538	15745	0.1932466584795442
10	full	12883823	pca	5	0.0	0.1932466584795442	280054	33094	8538	15745	284367	29822	9296	13125	0.24873183602978524
