init	random_state	method	cv_iteration	distance_threshold	training_mcc	training_tn	training_fn	training_tp	training_fp	validation_tn	validation_fn	validation_tp	validation_fp	validation_mcc
spectral	12883823	umap	0	0.0	0.24226056653997893	294331	35768	4419	2092	293615	35346	5294	3176	0.24876597011213736
spectral	12883823	umap	1	0.0	0.24876597011213736	293615	35346	5294	3176	293944	35855	4332	2479	0.22898086861542977
spectral	12883823	umap	2	0.0	0.27618018565068164	295209	34340	5113	1948	293338	36903	4666	2524	0.23604544938578914
spectral	12883823	umap	3	0.0	0.23604544938578914	293338	36903	4666	2524	295209	34340	5113	1948	0.27618018565068164
spectral	12883823	umap	4	0.0	0.28049161633586384	295693	34037	5081	1799	293743	36921	4711	2056	0.2491584118396163
spectral	12883823	umap	5	0.0	0.2728188999841953	293667	36229	5403	2132	295693	34037	5081	1799	0.28049161633586384
