metric	random_state	square_distances	method	cv_iteration	distance_threshold	training_mcc	training_tn	training_fn	training_tp	training_fp	validation_tn	validation_fn	validation_tp	validation_fp	validation_mcc
precomputed	12883823	True	t-sne	0	0.0	0.3077225053374938	289905	31344	8843	6518	289829	31325	9315	6962	0.3125348150065018
precomputed	12883823	True	t-sne	1	0.0	0.3125348150065018	289829	31325	9315	6962	289905	31344	8843	6518	0.3077225053374938
precomputed	12883823	True	t-sne	2	0.0	0.24022611706353428	286628	31311	8142	10529	286178	33340	8229	9684	0.2422047334123284
precomputed	12883823	True	t-sne	3	0.0	0.2422047334123284	286178	33340	8229	9684	286628	31311	8142	10529	0.24022611706353428
precomputed	12883823	True	t-sne	4	0.0	0.314786291585871	291563	30534	8584	5929	291187	31603	10029	4612	0.3636946759702111
precomputed	12883823	True	t-sne	5	0.0	0.3636946759702111	291187	31603	10029	4612	291563	30534	8584	5929	0.314786291585871
