n_neighbors	min_dist	init	random_state	method	cv_iteration	distance_threshold	training_mcc	training_tn	training_fn	training_tp	training_fp	validation_tn	validation_fn	validation_tp	validation_fp	validation_mcc
100	0.1	spectral	12883823	umap	0	0.0	0.476250963473252	54147	2258	9495	13501	65442	3942	6693	3723	0.5806094832832105
100	0.1	spectral	12883823	umap	1	0.0	0.5806094832832105	65442	3942	6693	3723	54147	2258	9495	13501	0.476250963473252
100	0.1	spectral	12883823	umap	2	0.0	0.5478865267571076	64716	3792	6407	4486	31164	0	12261	36375	0.3410619777568225
100	0.1	spectral	12883823	umap	3	0.0	0.3410619777568225	31164	0	12261	36375	64716	3792	6407	4486	0.5478865267571076
100	0.1	spectral	12883823	umap	4	0.0	0.5703989969531704	66081	4560	5976	2784	65344	4643	7208	2605	0.6170832088302204
100	0.1	spectral	12883823	umap	5	0.0	0.6170832088302204	65344	4643	7208	2605	66081	4560	5976	2784	0.5703989969531704
