n_components	dissimilarity	n_init	n_jobs	random_state	method	cv_iteration	distance_threshold	training_mcc	training_tn	training_fn	training_tp	training_fp	validation_tn	validation_fn	validation_tp	validation_fp	validation_mcc
2	precomputed	2	1	12883823	mds	0	0.0	0.13679046371964523	17921	1483	6595	30617	20603	1357	6578	28078	0.17968442214386063
2	precomputed	2	1	12883823	mds	1	0.0	0.17968442214386063	20603	1357	6578	28078	17921	1483	6595	30617	0.13679046371964523
2	precomputed	2	1	12883823	mds	2	0.0	0.25932617912552564	40755	3809	3606	8446	17680	1390	7330	30216	0.16018066885072482
2	precomputed	2	1	12883823	mds	3	0.0	0.16018066885072482	17680	1390	7330	30216	40755	3809	3606	8446	0.25932617912552564
2	precomputed	2	1	12883823	mds	4	0.0	0.14756677467580853	17355	1210	6606	31445	17262	1310	6960	31084	0.14943194851288139
2	precomputed	2	1	12883823	mds	5	0.0	0.14943194851288139	17262	1310	6960	31084	17355	1210	6606	31445	0.14756677467580853
