init	random_state	method	cv_iteration	distance_threshold	training_mcc	training_tn	training_fn	training_tp	training_fp	validation_tn	validation_fn	validation_tp	validation_fp	validation_mcc
spectral	12883823	umap	0	4.0	0.7312354653741392	269714	503	39684	26709	274504	3892	36748	22287	0.7103024230497162
spectral	12883823	umap	1	4.0	0.7103024230497162	274504	3892	36748	22287	232897	501	39686	63526	0.5437393775179775
spectral	12883823	umap	2	4.0	0.6615804901861931	278350	8048	31405	18807	262717	2	41567	33145	0.7028520503258666
spectral	12883823	umap	3	4.0	0.7028520503258666	262717	2	41567	33145	278350	8048	31405	18807	0.6615804901861931
spectral	12883823	umap	4	4.0	0.662577452404478	279555	8295	30823	17937	269000	0	41632	26799	0.743815087754692
spectral	12883823	umap	5	4.0	0.7184116747965961	269042	1638	39994	26757	279555	8295	30823	17937	0.662577452404478
