metric	random_state	square_distances	method	cv_iteration	distance_threshold	training_mcc	training_tn	training_fn	training_tp	training_fp	validation_tn	validation_fn	validation_tp	validation_fp	validation_mcc
precomputed	12883823	True	t-sne	0	4.0	0.6660155845136269	273408	6082	34105	23015	283577	6366	34274	13214	0.7476703641278619
precomputed	12883823	True	t-sne	1	4.0	0.7476703641278619	283577	6366	34274	13214	273408	6082	34105	23015	0.6660155845136269
precomputed	12883823	True	t-sne	2	4.0	0.7350600700188824	285667	7786	31667	11490	273037	8615	32954	22825	0.6331579099874578
precomputed	12883823	True	t-sne	3	4.0	0.6331579099874578	273037	8615	32954	22825	285667	7786	31667	11490	0.7350600700188824
precomputed	12883823	True	t-sne	4	4.0	0.7982376635606141	291170	7460	31658	6322	271302	5695	35937	24497	0.6693378407373256
precomputed	12883823	True	t-sne	5	4.0	0.6693378407373256	271302	5695	35937	24497	291170	7460	31658	6322	0.7982376635606141
