n_components	svd_solver	random_state	method	cv_iteration	distance_threshold	training_mcc	training_tn	training_fn	training_tp	training_fp	validation_tn	validation_fn	validation_tp	validation_fp	validation_mcc
10	full	12883823	pca	0	4.0	0.5396553761453781	229686	0	40187	66737	89816	0	40640	206975	0.2228639717584141
10	full	12883823	pca	1	4.0	0.2228639717584141	89816	0	40640	206975	229686	0	40187	66737	0.5396553761453781
10	full	12883823	pca	2	4.0	0.2308623627636545	96420	0	39453	200737	80975	0	41569	214887	0.21062467128242274
10	full	12883823	pca	3	4.0	0.21062467128242274	80975	0	41569	214887	96420	0	39453	200737	0.2308623627636545
10	full	12883823	pca	4	4.0	0.3882272831833119	179772	0	39118	117720	84789	0	41632	211010	0.21733629937686483
10	full	12883823	pca	5	4.0	0.21733629937686483	84789	0	41632	211010	179772	0	39118	117720	0.3882272831833119
