n_neighbors	min_dist	init	random_state	method	cv_iteration	distance_threshold	training_mcc	training_tn	training_fn	training_tp	training_fp	validation_tn	validation_fn	validation_tp	validation_fp	validation_mcc
50	0.05	spectral	12883823	umap	0	8.0	0.7074380189376316	362616	1086	54741	40918	356550	182	52235	50394	0.6661294392339383
50	0.05	spectral	12883823	umap	1	8.0	0.6661294392339383	356550	182	52235	50394	362616	1086	54741	40918	0.7074380189376316
50	0.05	spectral	12883823	umap	2	8.0	0.6004323035247368	339336	400	52299	67326	308723	264	54969	95405	0.5261705085025998
50	0.05	spectral	12883823	umap	3	8.0	0.5261705085025998	308723	264	54969	95405	339336	400	52299	67326	0.6004323035247368
50	0.05	spectral	12883823	umap	4	8.0	0.6680509638338724	353985	386	54139	50851	331069	685	52522	75085	0.5731894400344274
50	0.05	spectral	12883823	umap	5	8.0	0.5731894400344274	331069	685	52522	75085	353985	386	54139	50851	0.6680509638338724
