n_neighbors	min_dist	init	random_state	method	cv_iteration	distance_threshold	training_mcc	training_tn	training_fn	training_tp	training_fp	validation_tn	validation_fn	validation_tp	validation_fp	validation_mcc
50	0.1	spectral	12883823	umap	0	8.0	0.7074380189376316	362616	1086	54741	40918	342416	182	52235	64528	0.6119021170965481
50	0.1	spectral	12883823	umap	1	8.0	0.6119021170965481	342416	182	52235	64528	362616	1086	54741	40918	0.7074380189376316
50	0.1	spectral	12883823	umap	2	8.0	0.6552723051957166	354684	604	52095	51978	366201	6212	49021	37927	0.6589661678413812
50	0.1	spectral	12883823	umap	3	8.0	0.6589661678413812	366201	6212	49021	37927	354684	604	52095	51978	0.6552723051957166
50	0.1	spectral	12883823	umap	4	8.0	0.5331208215536738	315723	932	53593	89113	299393	281	52926	106761	0.49181145470958926
50	0.1	spectral	12883823	umap	5	8.0	0.49181145470958926	299393	281	52926	106761	315723	932	53593	89113	0.5331208215536738
