n_neighbors	min_dist	init	random_state	method	cv_iteration	distance_threshold	training_mcc	training_tn	training_fn	training_tp	training_fp	validation_tn	validation_fn	validation_tp	validation_fp	validation_mcc
50	0.25	spectral	12883823	umap	0	8.0	0.42210129597512897	259721	185	55642	143813	146110	0	52417	260834	0.2451108257944313
50	0.25	spectral	12883823	umap	1	8.0	0.2451108257944313	146110	0	52417	260834	259721	185	55642	143813	0.42210129597512897
50	0.25	spectral	12883823	umap	2	8.0	0.6563916086207192	354659	504	52195	52003	355008	371	54862	49120	0.6775158793313908
50	0.25	spectral	12883823	umap	3	8.0	0.6775158793313908	355008	371	54862	49120	354659	504	52195	52003	0.6563916086207192
50	0.25	spectral	12883823	umap	4	8.0	0.4717527055781705	286681	95	54430	118155	221647	105	53102	184507	0.3482269100738072
50	0.25	spectral	12883823	umap	5	8.0	0.3482269100738072	221647	105	53102	184507	286681	95	54430	118155	0.4717527055781705
