dissimilarity	n_components	n_init	n_jobs	random_state	method	cv_iteration	distance_threshold	training_mcc	training_tn	training_fn	training_tp	training_fp	validation_tn	validation_fn	validation_tp	validation_fp	validation_mcc
precomputed	2	2	1	12883823	mds	0	0.0	0.4501082515313929	71128	5102	5773	5568	72715	4311	5799	4746	0.5030571068390379
precomputed	2	2	1	12883823	mds	1	0.0	0.5030571068390379	72715	4311	5799	4746	71128	5102	5773	5568	0.4501082515313929
precomputed	2	2	1	12883823	mds	2	0.0	0.5232308533689326	72047	4164	6377	4983	68801	4904	5515	8351	0.3734459283721434
precomputed	2	2	1	12883823	mds	3	0.0	0.3734459283721434	68801	4904	5515	8351	72047	4164	6377	4983	0.5232308533689326
precomputed	2	2	1	12883823	mds	4	0.0	0.4416614223022279	71567	5226	5480	5298	70107	4363	5880	7221	0.43309713147052903
precomputed	2	2	1	12883823	mds	5	0.0	0.43309713147052903	70107	4363	5880	7221	71567	5226	5480	5298	0.4416614223022279
