metric	random_state	square_distances	method	cv_iteration	distance_threshold	training_mcc	training_tn	training_fn	training_tp	training_fp	validation_tn	validation_fn	validation_tp	validation_fp	validation_mcc
precomputed	12883823	True	t-sne	0	0.0	0.5000359799255155	74776	6274	4601	1920	76581	6005	4105	880	0.5443382202046402
precomputed	12883823	True	t-sne	1	0.0	0.5443382202046402	76581	6005	4105	880	74776	6274	4601	1920	0.5000359799255155
precomputed	12883823	True	t-sne	2	0.0	0.4379469161415004	75431	6982	3559	1599	75632	6457	3962	1520	0.4819019975666698
precomputed	12883823	True	t-sne	3	0.0	0.4819019975666698	75632	6457	3962	1520	75431	6982	3559	1599	0.4379469161415004
precomputed	12883823	True	t-sne	4	0.0	0.5596077479289551	76286	6447	4259	579	76140	6299	3944	1188	0.5058230551699214
precomputed	12883823	True	t-sne	5	0.0	0.5058230551699214	76140	6299	3944	1188	76286	6447	4259	579	0.5596077479289551
