init	random_state	method	cv_iteration	distance_threshold	training_mcc	training_tn	training_fn	training_tp	training_fp	validation_tn	validation_fn	validation_tp	validation_fp	validation_mcc
spectral	12883823	umap	0	0.0	0.4189724510177488	75794	7908	2967	902	76710	6382	3728	751	0.5208351039215707
spectral	12883823	umap	1	0.0	0.5208351039215707	76710	6382	3728	751	75794	7908	2967	902	0.4189724510177488
spectral	12883823	umap	2	0.0	0.5918888595608218	76057	5594	4947	973	76082	7652	2767	1070	0.3981342511540283
spectral	12883823	umap	3	0.0	0.3981342511540283	76082	7652	2767	1070	76057	5594	4947	973	0.5918888595608218
spectral	12883823	umap	4	0.0	0.4437402814590597	76214	7723	2983	651	75504	6238	4005	1824	0.47371196137669086
spectral	12883823	umap	5	0.0	0.47371196137669086	75504	6238	4005	1824	76214	7723	2983	651	0.4437402814590597
