perplexity	learning_rate	metric	random_state	square_distances	method	cv_iteration	distance_threshold	training_mcc	training_tn	training_fn	training_tp	training_fp	validation_tn	validation_fn	validation_tp	validation_fp	validation_mcc
15.0	200.0	precomputed	12883823	True	t-sne	0	6.0	0.7662130688145941	395874	14280	41547	7660	400088	19340	33077	6856	0.6931228222772895
15.0	200.0	precomputed	12883823	True	t-sne	1	6.0	0.6931228222772895	400088	19340	33077	6856	395874	14280	41547	7660	0.7662130688145941
15.0	200.0	precomputed	12883823	True	t-sne	2	6.0	0.6748587067312984	400253	21139	31560	6409	397756	12449	42784	6372	0.7984017165135175
15.0	200.0	precomputed	12883823	True	t-sne	3	6.0	0.7984017165135175	397756	12449	42784	6372	400253	21139	31560	6409	0.6748587067312984
15.0	200.0	precomputed	12883823	True	t-sne	4	6.0	0.6973330720982895	399775	21381	33144	5061	402281	15792	37415	3873	0.7761383543886292
15.0	200.0	precomputed	12883823	True	t-sne	5	6.0	0.7761383543886292	402281	15792	37415	3873	399775	21381	33144	5061	0.6973330720982895
