perplexity	learning_rate	metric	random_state	square_distances	method	cv_iteration	distance_threshold	training_mcc	training_tn	training_fn	training_tp	training_fp	validation_tn	validation_fn	validation_tp	validation_fp	validation_mcc
100.0	500.0	precomputed	12883823	True	t-sne	0	6.0	0.4169098671756817	258326	408	55419	145208	269359	99	52318	137585	0.4261355788035605
100.0	500.0	precomputed	12883823	True	t-sne	1	6.0	0.4261355788035605	269359	99	52318	137585	258326	408	55419	145208	0.4169098671756817
100.0	500.0	precomputed	12883823	True	t-sne	2	6.0	0.4058911469271003	259087	297	52402	147575	269276	204	55029	134852	0.43764244261883195
100.0	500.0	precomputed	12883823	True	t-sne	3	6.0	0.43764244261883195	269276	204	55029	134852	259087	297	52402	147575	0.4058911469271003
100.0	500.0	precomputed	12883823	True	t-sne	4	6.0	0.4990713181355999	300017	384	54141	104819	261253	105	53102	144901	0.41439267862576984
100.0	500.0	precomputed	12883823	True	t-sne	5	6.0	0.41439267862576984	261253	105	53102	144901	300017	384	54141	104819	0.4990713181355999
