n_components	dissimilarity	n_init	n_jobs	random_state	method	cv_iteration	distance_threshold	training_mcc	training_tn	training_fn	training_tp	training_fp	validation_tn	validation_fn	validation_tp	validation_fp	validation_mcc
6	precomputed	2	1	12883823	mds	0	10.0	0.5213523993356193	6379	28	324	650	6344	96	351	712	0.46450212919740336
6	precomputed	2	1	12883823	mds	1	10.0	0.46450212919740336	6344	96	351	712	6379	28	324	650	0.5213523993356193
6	precomputed	2	1	12883823	mds	2	10.0	0.43824718838518895	6151	67	327	836	6459	60	347	637	0.5118384382117872
6	precomputed	2	1	12883823	mds	3	10.0	0.5118384382117872	6459	60	347	637	6151	67	327	836	0.43824718838518895
6	precomputed	2	1	12883823	mds	4	10.0	0.4550646100176567	6330	64	293	694	6394	67	362	680	0.5019987171257124
6	precomputed	2	1	12883823	mds	5	10.0	0.5019987171257124	6394	67	362	680	6330	64	293	694	0.4550646100176567
