dissimilarity	n_components	n_init	n_jobs	random_state	method	cv_iteration	distance_threshold	training_mcc	training_tn	training_fn	training_tp	training_fp	validation_tn	validation_fn	validation_tp	validation_fp	validation_mcc
precomputed	2	2	1	12883823	mds	0	14.0	0.16750149047895055	75508	1516	38671	220915	75202	1867	38773	221589	0.16083252199855308
precomputed	2	2	1	12883823	mds	1	14.0	0.16083252199855308	75202	1867	38773	221589	75508	1516	38671	220915	0.16750149047895055
precomputed	2	2	1	12883823	mds	2	14.0	0.16214614029493224	79482	2033	37420	217675	68412	1735	39834	227450	0.15347169621925924
precomputed	2	2	1	12883823	mds	3	14.0	0.15347169621925924	68412	1735	39834	227450	79482	2033	37420	217675	0.16214614029493224
precomputed	2	2	1	12883823	mds	4	14.0	0.16043262723162882	77111	1842	37276	220381	72924	1155	40477	222875	0.1738289013437537
precomputed	2	2	1	12883823	mds	5	14.0	0.1738289013437537	72924	1155	40477	222875	77111	1842	37276	220381	0.16043262723162882
