metric	random_state	square_distances	method	cv_iteration	distance_threshold	training_mcc	training_tn	training_fn	training_tp	training_fp	validation_tn	validation_fn	validation_tp	validation_fp	validation_mcc
precomputed	12883823	True	t-sne	0	14.0	0.467572083057179	226670	3804	36383	69753	256935	2884	37756	39856	0.6146536711841217
precomputed	12883823	True	t-sne	1	14.0	0.6146536711841217	256935	2884	37756	39856	226670	3804	36383	69753	0.467572083057179
precomputed	12883823	True	t-sne	2	14.0	0.5561552574769039	252059	4413	35040	45098	238105	2557	39012	57757	0.5401385234506573
precomputed	12883823	True	t-sne	3	14.0	0.5401385234506573	238105	2557	39012	57757	252059	4413	35040	45098	0.5561552574769039
precomputed	12883823	True	t-sne	4	14.0	0.5472978999390281	242164	2029	37089	55328	217644	1297	40335	78155	0.4854767225987728
precomputed	12883823	True	t-sne	5	14.0	0.4854767225987728	217644	1297	40335	78155	242164	2029	37089	55328	0.5472978999390281
