perplexity	learning_rate	metric	random_state	square_distances	method	cv_iteration	distance_threshold	training_mcc	training_tn	training_fn	training_tp	training_fp	validation_tn	validation_fn	validation_tp	validation_fp	validation_mcc
15.0	100.0	precomputed	12883823	True	t-sne	0	6.0	0.7662130688145941	395874	14280	41547	7660	392295	17823	34594	14649	0.6412786949890891
15.0	100.0	precomputed	12883823	True	t-sne	1	6.0	0.6412786949890891	392295	17823	34594	14649	395874	14280	41547	7660	0.7662130688145941
15.0	100.0	precomputed	12883823	True	t-sne	2	6.0	0.7591062253298574	400253	14817	37882	6409	397756	14000	41233	6372	0.7798084420518598
15.0	100.0	precomputed	12883823	True	t-sne	3	6.0	0.7798084420518598	397756	14000	41233	6372	400253	14817	37882	6409	0.7591062253298574
15.0	100.0	precomputed	12883823	True	t-sne	4	6.0	0.6819470680701499	398365	21381	33144	6471	402317	18060	35147	3837	0.7477056560549968
15.0	100.0	precomputed	12883823	True	t-sne	5	6.0	0.7477056560549968	402317	18060	35147	3837	398365	21381	33144	6471	0.6819470680701499
