perplexity	learning_rate	metric	random_state	square_distances	method	cv_iteration	distance_threshold	training_mcc	training_tn	training_fn	training_tp	training_fp	validation_tn	validation_fn	validation_tp	validation_fp	validation_mcc
15.0	500.0	precomputed	12883823	True	t-sne	0	8.0	0.6995678236232592	394647	18719	37108	8887	402425	21387	31030	4519	0.6911759357361823
15.0	500.0	precomputed	12883823	True	t-sne	1	8.0	0.6911759357361823	402425	21387	31030	4519	394647	18719	37108	8887	0.6995678236232592
15.0	500.0	precomputed	12883823	True	t-sne	2	8.0	0.7796586836112228	402757	15320	37379	3905	397686	12621	42612	6442	0.7956701837509897
15.0	500.0	precomputed	12883823	True	t-sne	3	8.0	0.7956701837509897	397686	12621	42612	6442	402757	15320	37379	3905	0.7796586836112228
15.0	500.0	precomputed	12883823	True	t-sne	4	8.0	0.8050217630847527	398617	11824	42701	6219	402130	15546	37661	4024	0.7775373693090704
15.0	500.0	precomputed	12883823	True	t-sne	5	8.0	0.7775373693090704	402130	15546	37661	4024	398617	11824	42701	6219	0.8050217630847527
