dissimilarity	n_components	n_init	n_jobs	random_state	method	cv_iteration	distance_threshold	training_mcc	training_tn	training_fn	training_tp	training_fp	validation_tn	validation_fn	validation_tp	validation_fp	validation_mcc
precomputed	2	2	1	12883823	mds	0	2.0	0.5869304442365401	74069	4676	6199	2627	75676	3328	6782	1785	0.6967930412693172
precomputed	2	2	1	12883823	mds	1	2.0	0.6967930412693172	75676	3328	6782	1785	74069	4676	6199	2627	0.5869304442365401
precomputed	2	2	1	12883823	mds	2	2.0	0.6934504710074	75288	3583	6958	1742	74202	3918	6501	2950	0.6111624828315242
precomputed	2	2	1	12883823	mds	3	2.0	0.6111624828315242	74202	3918	6501	2950	75288	3583	6958	1742	0.6934504710074
precomputed	2	2	1	12883823	mds	4	2.0	0.6615334749612672	74924	3979	6727	1941	74345	3540	6703	2983	0.6310127929937484
precomputed	2	2	1	12883823	mds	5	2.0	0.6310127929937484	74345	3540	6703	2983	74924	3979	6727	1941	0.6615334749612672
