metric	random_state	square_distances	method	cv_iteration	distance_threshold	training_mcc	training_tn	training_fn	training_tp	training_fp	validation_tn	validation_fn	validation_tp	validation_fp	validation_mcc
precomputed	12883823	True	t-sne	0	2.0	0.7760640862208266	75631	2961	7914	1065	75736	2222	7888	1725	0.7748130295057262
precomputed	12883823	True	t-sne	1	2.0	0.7748130295057262	75736	2222	7888	1725	75631	2961	7914	1065	0.7760640862208266
precomputed	12883823	True	t-sne	2	2.0	0.8016808676802164	76349	2785	7756	681	76057	2897	7522	1095	0.7693181723926846
precomputed	12883823	True	t-sne	3	2.0	0.7693181723926846	76057	2897	7522	1095	76349	2785	7756	681	0.8016808676802164
precomputed	12883823	True	t-sne	4	2.0	0.8012153228025736	75840	2536	8170	1025	76432	2241	8002	896	0.8186619166110708
precomputed	12883823	True	t-sne	5	2.0	0.8186619166110708	76432	2241	8002	896	75840	2536	8170	1025	0.8012153228025736
