init	random_state	method	cv_iteration	distance_threshold	training_mcc	training_tn	training_fn	training_tp	training_fp	validation_tn	validation_fn	validation_tp	validation_fp	validation_mcc
spectral	12883823	umap	0	2.0	0.7299685940309172	70378	531	10344	6318	72877	1472	8638	4584	0.7097740951246573
spectral	12883823	umap	1	2.0	0.7097740951246573	72877	1472	8638	4584	70378	531	10344	6318	0.7299685940309172
spectral	12883823	umap	2	2.0	0.7179594445116086	71296	910	9631	5734	71439	1173	9246	5713	0.6997107214003918
spectral	12883823	umap	3	2.0	0.6997107214003918	71439	1173	9246	5713	71296	910	9631	5734	0.7179594445116086
spectral	12883823	umap	4	2.0	0.6905371609423675	71734	1684	9022	5131	72486	923	9320	4842	0.7395517066421612
spectral	12883823	umap	5	2.0	0.7395517066421612	72486	923	9320	4842	71734	1684	9022	5131	0.6905371609423675
