perplexity	learning_rate	metric	random_state	square_distances	method	cv_iteration	distance_threshold	training_mcc	training_tn	training_fn	training_tp	training_fp	validation_tn	validation_fn	validation_tp	validation_fp	validation_mcc
100.0	200.0	precomputed	12883823	True	t-sne	0	0.0	0.5861177404989888	6572	32	320	457	6372	136	311	684	0.41791432890792407
100.0	200.0	precomputed	12883823	True	t-sne	1	0.0	0.41791432890792407	6372	136	311	684	6572	32	320	457	0.5861177404989888
100.0	200.0	precomputed	12883823	True	t-sne	2	0.0	0.4793003382618373	6239	54	340	748	6558	137	270	538	0.429323924655213
100.0	200.0	precomputed	12883823	True	t-sne	3	0.0	0.429323924655213	6558	137	270	538	6239	54	340	748	0.4793003382618373
100.0	200.0	precomputed	12883823	True	t-sne	4	0.0	0.3508917725803044	6110	97	260	914	6689	108	321	385	0.551761563705392
100.0	200.0	precomputed	12883823	True	t-sne	5	0.0	0.551761563705392	6689	108	321	385	6110	97	260	914	0.3508917725803044
