n_components	dissimilarity	n_init	n_jobs	random_state	method	cv_iteration	distance_threshold	training_mcc	training_tn	training_fn	training_tp	training_fp	validation_tn	validation_fn	validation_tp	validation_fp	validation_mcc
6	precomputed	2	1	12883823	mds	0	14.0	0.5213523993356193	6379	28	324	650	5945	79	368	1111	0.3961483188601108
6	precomputed	2	1	12883823	mds	1	14.0	0.3961483188601108	5945	79	368	1111	6379	28	324	650	0.5213523993356193
6	precomputed	2	1	12883823	mds	2	14.0	0.43824718838518895	6151	67	327	836	5826	33	374	1270	0.4051731927863273
6	precomputed	2	1	12883823	mds	3	14.0	0.4051731927863273	5826	33	374	1270	6151	67	327	836	0.43824718838518895
6	precomputed	2	1	12883823	mds	4	14.0	0.39557819908105035	6058	60	297	966	6394	67	362	680	0.5019987171257124
6	precomputed	2	1	12883823	mds	5	14.0	0.5019987171257124	6394	67	362	680	6058	60	297	966	0.39557819908105035
