,method,threshold
0,PCA,-0.8711711711711712
1,MDS,-0.8132132132132132
2,t-SNE,-1.0945945945945945
3,UMAP,-1.1036036036036034
4,genetic,-0.8693693693693694
