n_components	dissimilarity	n_init	n_jobs	random_state	method	cv_iteration	distance_threshold	training_mcc	training_tn	training_fn	training_tp	training_fp	validation_tn	validation_fn	validation_tp	validation_fp	validation_mcc
4	precomputed	2	1	12883823	mds	0	2.0	0.24147243570716573	355859	34490	21337	47675	371646	32687	19730	35298	0.28362111561287806
4	precomputed	2	1	12883823	mds	1	2.0	0.28362111561287806	371646	32687	19730	35298	355859	34490	21337	47675	0.24147243570716573
4	precomputed	2	1	12883823	mds	2	2.0	0.2686535341295018	356089	29867	22832	50573	354757	35420	19813	49371	0.215103767887605
4	precomputed	2	1	12883823	mds	3	2.0	0.215103767887605	354757	35420	19813	49371	356089	29867	22832	50573	0.2686535341295018
4	precomputed	2	1	12883823	mds	4	2.0	0.2574381264376457	357184	32543	21982	47652	369008	27276	25931	37146	0.36811160189533587
4	precomputed	2	1	12883823	mds	5	2.0	0.36811160189533587	369008	27276	25931	37146	357184	32543	21982	47652	0.2574381264376457
