perplexity	learning_rate	metric	random_state	square_distances	method	cv_iteration	distance_threshold	training_mcc	training_tn	training_fn	training_tp	training_fp	validation_tn	validation_fn	validation_tp	validation_fp	validation_mcc
30.0	200.0	precomputed	12883823	True	t-sne	0	0.0	0.6021669268043847	65600	5205	6548	2048	63056	5677	4958	6109	0.3715852543788675
30.0	200.0	precomputed	12883823	True	t-sne	1	0.0	0.3715852543788675	63056	5677	4958	6109	65600	5205	6548	2048	0.6021669268043847
30.0	200.0	precomputed	12883823	True	t-sne	2	0.0	0.38083114840126053	65089	6048	4151	4113	61926	6898	5363	5613	0.3709488479529197
30.0	200.0	precomputed	12883823	True	t-sne	3	0.0	0.3709488479529197	61926	6898	5363	5613	65089	6048	4151	4113	0.38083114840126053
30.0	200.0	precomputed	12883823	True	t-sne	4	0.0	0.6738266983682326	66461	3348	7188	2404	61376	7216	4635	6573	0.30127605825717724
30.0	200.0	precomputed	12883823	True	t-sne	5	0.0	0.30127605825717724	61376	7216	4635	6573	66461	3348	7188	2404	0.6738266983682326
