n_components	dissimilarity	n_init	n_jobs	random_state	method	cv_iteration	distance_threshold	training_mcc	training_tn	training_fn	training_tp	training_fp	validation_tn	validation_fn	validation_tp	validation_fp	validation_mcc
2	precomputed	2	1	12883823	mds	0	6.0	0.3124327906231607	30944	324	11429	36704	27004	0	10635	42161	0.28043944312033936
2	precomputed	2	1	12883823	mds	1	6.0	0.28043944312033936	27004	0	10635	42161	30944	324	11429	36704	0.3124327906231607
2	precomputed	2	1	12883823	mds	2	6.0	0.26237660084662323	25280	0	10199	43922	39694	1046	11215	27845	0.3624270793908737
2	precomputed	2	1	12883823	mds	3	6.0	0.3624270793908737	39694	1046	11215	27845	25280	0	10199	43922	0.26237660084662323
2	precomputed	2	1	12883823	mds	4	6.0	0.30001222742588	34243	615	9921	34622	31163	116	11735	36786	0.32693741025631534
2	precomputed	2	1	12883823	mds	5	6.0	0.32693741025631534	31163	116	11735	36786	34243	615	9921	34622	0.30001222742588
