n_components	svd_solver	random_state	method	cv_iteration	distance_threshold	training_mcc	training_tn	training_fn	training_tp	training_fp	validation_tn	validation_fn	validation_tp	validation_fp	validation_mcc
10	full	12883823	pca	0	0.0	0.049482149516740785	53845	8685	3068	13803	55971	7859	2776	13194	0.059686764780341656
10	full	12883823	pca	1	0.0	0.059686764780341656	55971	7859	2776	13194	53845	8685	3068	13803	0.049482149516740785
10	full	12883823	pca	2	0.0	0.06487266654827623	55685	7408	2791	13517	51127	8684	3577	16412	0.04056197940245062
10	full	12883823	pca	3	0.0	0.04056197940245062	51127	8684	3577	16412	55685	7408	2791	13517	0.06487266654827623
10	full	12883823	pca	4	0.0	0.06172688452372666	58725	8289	2247	10140	54964	8650	3201	12985	0.0698674982876543
10	full	12883823	pca	5	0.0	0.0698674982876543	54964	8650	3201	12985	58725	8289	2247	10140	0.06172688452372666
