perplexity	learning_rate	metric	random_state	square_distances	method	cv_iteration	distance_threshold	training_mcc	training_tn	training_fn	training_tp	training_fp	validation_tn	validation_fn	validation_tp	validation_fp	validation_mcc
30.0	100.0	precomputed	12883823	True	t-sne	0	2.0	0.6911941395921162	45894	1829	6249	2644	41551	1514	6421	7130	0.5391950516134315
30.0	100.0	precomputed	12883823	True	t-sne	1	2.0	0.5391950516134315	41551	1514	6421	7130	45894	1829	6249	2644	0.6911941395921162
30.0	100.0	precomputed	12883823	True	t-sne	2	2.0	0.6937239116264339	45330	939	6476	3871	43031	1427	7293	4865	0.6458899853967655
30.0	100.0	precomputed	12883823	True	t-sne	3	2.0	0.6458899853967655	43031	1427	7293	4865	45330	939	6476	3871	0.6937239116264339
30.0	100.0	precomputed	12883823	True	t-sne	4	2.0	0.6743520484327292	45907	1785	6031	2893	43811	1362	6908	4535	0.652135580381979
30.0	100.0	precomputed	12883823	True	t-sne	5	2.0	0.652135580381979	43811	1362	6908	4535	45907	1785	6031	2893	0.6743520484327292
