n_components	dissimilarity	n_init	n_jobs	random_state	method	cv_iteration	distance_threshold	training_mcc	training_tn	training_fn	training_tp	training_fp	validation_tn	validation_fn	validation_tp	validation_fp	validation_mcc
4	precomputed	2	1	12883823	mds	0	10.0	0.560301883965194	6466	22	330	563	6377	88	359	679	0.48462879361974714
4	precomputed	2	1	12883823	mds	1	10.0	0.48462879361974714	6377	88	359	679	6466	22	330	563	0.560301883965194
4	precomputed	2	1	12883823	mds	2	10.0	0.4886086042895994	6317	63	331	670	6446	70	337	650	0.49348497898020344
4	precomputed	2	1	12883823	mds	3	10.0	0.49348497898020344	6446	70	337	650	6317	63	331	670	0.4886086042895994
4	precomputed	2	1	12883823	mds	4	10.0	0.34189251860927455	5937	81	276	1087	6417	74	355	657	0.49932587737590434
4	precomputed	2	1	12883823	mds	5	10.0	0.49932587737590434	6417	74	355	657	5937	81	276	1087	0.34189251860927455
