n_components	dissimilarity	n_init	n_jobs	random_state	method	cv_iteration	distance_threshold	training_mcc	training_tn	training_fn	training_tp	training_fp	validation_tn	validation_fn	validation_tp	validation_fp	validation_mcc
2	precomputed	2	1	12883823	mds	0	2.0	0.4037864004542656	6047	50	302	982	6153	109	338	903	0.4001952411096814
2	precomputed	2	1	12883823	mds	1	2.0	0.4001952411096814	6153	109	338	903	6047	50	302	982	0.4037864004542656
2	precomputed	2	1	12883823	mds	2	2.0	0.46456709821279124	6300	76	318	687	6470	103	304	626	0.45276723947213426
2	precomputed	2	1	12883823	mds	3	2.0	0.45276723947213426	6470	103	304	626	6300	76	318	687	0.46456709821279124
2	precomputed	2	1	12883823	mds	4	2.0	0.3131455874240736	5625	67	290	1399	6443	92	337	631	0.4823107797271117
2	precomputed	2	1	12883823	mds	5	2.0	0.4823107797271117	6443	92	337	631	5625	67	290	1399	0.3131455874240736
