perplexity	learning_rate	metric	random_state	square_distances	method	cv_iteration	distance_threshold	training_mcc	training_tn	training_fn	training_tp	training_fp	validation_tn	validation_fn	validation_tp	validation_fp	validation_mcc
15.0	100.0	precomputed	12883823	True	t-sne	0	12.0	0.3222126217178328	29700	0	11753	37948	37492	0	10635	31673	0.3691336294275936
15.0	100.0	precomputed	12883823	True	t-sne	1	12.0	0.3691336294275936	37492	0	10635	31673	29700	0	11753	37948	0.3222126217178328
15.0	100.0	precomputed	12883823	True	t-sne	2	12.0	0.26237660084662323	25280	0	10199	43922	31164	0	12261	36375	0.3410619777568225
15.0	100.0	precomputed	12883823	True	t-sne	3	12.0	0.3410619777568225	31164	0	12261	36375	25280	0	10199	43922	0.26237660084662323
15.0	100.0	precomputed	12883823	True	t-sne	4	12.0	0.37254549861982955	38070	44	10492	30795	30000	0	11851	37949	0.32413947190453823
15.0	100.0	precomputed	12883823	True	t-sne	5	12.0	0.32413947190453823	30000	0	11851	37949	38070	44	10492	30795	0.37254549861982955
