n_components	dissimilarity	n_init	n_jobs	random_state	method	cv_iteration	distance_threshold	training_mcc	training_tn	training_fn	training_tp	training_fp	validation_tn	validation_fn	validation_tp	validation_fp	validation_mcc
4	precomputed	2	1	12883823	mds	0	8.0	0.1584917714995203	93114	1913	53914	310420	67319	1177	51240	339625	0.1276162142067951
4	precomputed	2	1	12883823	mds	1	8.0	0.1276162142067951	67319	1177	51240	339625	93114	1913	53914	310420	0.1584917714995203
4	precomputed	2	1	12883823	mds	2	8.0	0.13256465936594722	71391	1253	51446	335271	65116	969	54264	339012	0.13306461222266847
4	precomputed	2	1	12883823	mds	3	8.0	0.13306461222266847	65116	969	54264	339012	71391	1253	51446	335271	0.13256465936594722
4	precomputed	2	1	12883823	mds	4	8.0	0.15355654811009095	89230	1703	52822	315606	73142	1230	51977	333012	0.13636710320893725
4	precomputed	2	1	12883823	mds	5	8.0	0.13636710320893725	73142	1230	51977	333012	89230	1703	52822	315606	0.15355654811009095
