metric	random_state	square_distances	method	cv_iteration	distance_threshold	training_mcc	training_tn	training_fn	training_tp	training_fp	validation_tn	validation_fn	validation_tp	validation_fp	validation_mcc
precomputed	12883823	True	t-sne	0	14.0	0.5131293767266268	222200	0	40187	74223	251997	2156	38484	44794	0.6009163330347318
precomputed	12883823	True	t-sne	1	14.0	0.6009163330347318	251997	2156	38484	44794	222200	0	40187	74223	0.5131293767266268
precomputed	12883823	True	t-sne	2	14.0	0.6234268263568419	257574	2088	37365	39583	194132	0	41569	101730	0.4362818828205392
precomputed	12883823	True	t-sne	3	14.0	0.4362818828205392	194132	0	41569	101730	257574	2088	37365	39583	0.6234268263568419
precomputed	12883823	True	t-sne	4	14.0	0.6180230067657929	254590	1263	37855	42902	249622	0	41632	46177	0.6325388436618664
precomputed	12883823	True	t-sne	5	14.0	0.6325388436618664	249622	0	41632	46177	254590	1263	37855	42902	0.6180230067657929
