dissimilarity	n_components	n_init	n_jobs	random_state	method	cv_iteration	distance_threshold	training_mcc	training_tn	training_fn	training_tp	training_fp	validation_tn	validation_fn	validation_tp	validation_fp	validation_mcc
precomputed	2	2	1	12883823	mds	0	4.0	0.6264053725015121	71614	2766	8109	5082	71684	2528	7582	5777	0.600254664023007
precomputed	2	2	1	12883823	mds	1	4.0	0.600254664023007	71684	2528	7582	5777	71614	2766	8109	5082	0.6264053725015121
precomputed	2	2	1	12883823	mds	2	4.0	0.6509707256828965	72184	2378	8163	4846	72427	3046	7373	4725	0.6065126957075668
precomputed	2	2	1	12883823	mds	3	4.0	0.6065126957075668	72427	3046	7373	4725	72184	2378	8163	4846	0.6509707256828965
precomputed	2	2	1	12883823	mds	4	4.0	0.6062893938667469	72171	3188	7518	4694	72880	2487	7756	4448	0.6492904210010351
precomputed	2	2	1	12883823	mds	5	4.0	0.6492904210010351	72880	2487	7756	4448	72171	3188	7518	4694	0.6062893938667469
