metric	random_state	square_distances	method	cv_iteration	distance_threshold	training_mcc	training_tn	training_fn	training_tp	training_fp	validation_tn	validation_fn	validation_tp	validation_fp	validation_mcc
precomputed	12883823	True	t-sne	0	4.0	0.5747339960482697	66122	1415	9460	10574	63786	1441	8669	13675	0.4991416091275594
precomputed	12883823	True	t-sne	1	4.0	0.4991416091275594	63786	1441	8669	13675	66122	1415	9460	10574	0.5747339960482697
precomputed	12883823	True	t-sne	2	4.0	0.5199824690110317	63349	1260	9281	13681	67505	1590	8829	9647	0.5732052893196151
precomputed	12883823	True	t-sne	3	4.0	0.5732052893196151	67505	1590	8829	9647	63349	1260	9281	13681	0.5199824690110317
precomputed	12883823	True	t-sne	4	4.0	0.5724238190050362	67129	1673	9033	9736	72670	1019	9224	4658	0.7393990972377704
precomputed	12883823	True	t-sne	5	4.0	0.7393990972377704	72670	1019	9224	4658	67129	1673	9033	9736	0.5724238190050362
