perplexity	learning_rate	metric	random_state	square_distances	method	cv_iteration	distance_threshold	training_mcc	training_tn	training_fn	training_tp	training_fp	validation_tn	validation_fn	validation_tp	validation_fp	validation_mcc
30.0	100.0	precomputed	12883823	True	t-sne	0	0.0	0.22844068255225253	387801	44453	11374	15733	394375	41515	10902	12569	0.25572126659411687
30.0	100.0	precomputed	12883823	True	t-sne	1	0.0	0.25572126659411687	394375	41515	10902	12569	387801	44453	11374	15733	0.22844068255225253
30.0	100.0	precomputed	12883823	True	t-sne	2	0.0	0.2735707652484165	394895	41268	11431	11767	390205	44426	10807	13923	0.23231567464310318
30.0	100.0	precomputed	12883823	True	t-sne	3	0.0	0.23231567464310318	390205	44426	10807	13923	394895	41268	11431	11767	0.2735707652484165
30.0	100.0	precomputed	12883823	True	t-sne	4	0.0	0.2100136213470889	388232	43933	10592	16604	394041	42628	10579	12113	0.24958187088308295
30.0	100.0	precomputed	12883823	True	t-sne	5	0.0	0.24958187088308295	394041	42628	10579	12113	388232	43933	10592	16604	0.2100136213470889
