perplexity	learning_rate	metric	random_state	square_distances	method	cv_iteration	distance_threshold	training_mcc	training_tn	training_fn	training_tp	training_fp	validation_tn	validation_fn	validation_tp	validation_fp	validation_mcc
30.0	200.0	precomputed	12883823	True	t-sne	0	2.0	0.2598427904697694	4288	3	349	2741	3740	0	447	3316	0.2509245577835475
30.0	200.0	precomputed	12883823	True	t-sne	1	2.0	0.2509245577835475	3740	0	447	3316	4288	3	349	2741	0.2598427904697694
30.0	200.0	precomputed	12883823	True	t-sne	2	2.0	0.30406725994516876	4611	2	392	2376	3740	0	407	3356	0.2387586381922555
30.0	200.0	precomputed	12883823	True	t-sne	3	2.0	0.2387586381922555	3740	0	407	3356	4611	2	392	2376	0.30406725994516876
30.0	200.0	precomputed	12883823	True	t-sne	4	2.0	0.25345085492226693	4189	4	353	2835	5433	8	421	1641	0.3897419054416009
30.0	200.0	precomputed	12883823	True	t-sne	5	2.0	0.3897419054416009	5433	8	421	1641	4189	4	353	2835	0.25345085492226693
