n_components	dissimilarity	n_init	n_jobs	random_state	method	cv_iteration	distance_threshold	training_mcc	training_tn	training_fn	training_tp	training_fp	validation_tn	validation_fn	validation_tp	validation_fp	validation_mcc
6	precomputed	2	1	12883823	mds	0	6.0	0.34244803910862315	40237	3369	4709	8301	25186	824	7111	23495	0.2880586574879893
6	precomputed	2	1	12883823	mds	1	6.0	0.2880586574879893	25186	824	7111	23495	40237	3369	4709	8301	0.34244803910862315
6	precomputed	2	1	12883823	mds	2	6.0	0.2646211866052112	20382	272	7143	28819	40998	3984	4736	6898	0.3565368909279378
6	precomputed	2	1	12883823	mds	3	6.0	0.3565368909279378	40998	3984	4736	6898	20382	272	7143	28819	0.2646211866052112
6	precomputed	2	1	12883823	mds	4	6.0	0.3766952155364791	41451	3149	4667	7349	37911	3106	5164	10435	0.32298757130095035
6	precomputed	2	1	12883823	mds	5	6.0	0.32298757130095035	37911	3106	5164	10435	41451	3149	4667	7349	0.3766952155364791
