perplexity	learning_rate	metric	random_state	square_distances	method	cv_iteration	distance_threshold	training_mcc	training_tn	training_fn	training_tp	training_fp	validation_tn	validation_fn	validation_tp	validation_fp	validation_mcc
100.0	500.0	precomputed	12883823	True	t-sne	0	2.0	0.716466185151429	364484	1078	54749	39050	360664	197	52220	46280	0.683656397472115
100.0	500.0	precomputed	12883823	True	t-sne	1	2.0	0.683656397472115	360664	197	52220	46280	364484	1078	54749	39050	0.716466185151429
100.0	500.0	precomputed	12883823	True	t-sne	2	2.0	0.7065585510837938	366690	780	51919	39972	339411	875	54358	64717	0.6115940288431524
100.0	500.0	precomputed	12883823	True	t-sne	3	2.0	0.6115940288431524	339411	875	54358	64717	366690	780	51919	39972	0.7065585510837938
100.0	500.0	precomputed	12883823	True	t-sne	4	2.0	0.6059721226738412	339295	924	53601	65541	339347	609	52598	66807	0.601270374744823
100.0	500.0	precomputed	12883823	True	t-sne	5	2.0	0.601270374744823	339347	609	52598	66807	339295	924	53601	65541	0.6059721226738412
