n_components	dissimilarity	n_init	n_jobs	random_state	method	cv_iteration	distance_threshold	training_mcc	training_tn	training_fn	training_tp	training_fp	validation_tn	validation_fn	validation_tp	validation_fp	validation_mcc
6	precomputed	2	1	12883823	mds	0	6.0	0.520395134538569	331280	6618	49209	72254	316550	5644	46773	90394	0.4656094647155848
6	precomputed	2	1	12883823	mds	1	6.0	0.4656094647155848	316550	5644	46773	90394	331280	6618	49209	72254	0.520395134538569
6	precomputed	2	1	12883823	mds	2	6.0	0.47947391487124585	329669	7706	44993	76993	321722	6911	48322	82406	0.48363607169197853
6	precomputed	2	1	12883823	mds	3	6.0	0.48363607169197853	321722	6911	48322	82406	329669	7706	44993	76993	0.47947391487124585
6	precomputed	2	1	12883823	mds	4	6.0	0.6524611824701828	368038	6984	47541	36798	324075	6793	46414	82079	0.4778518548599227
6	precomputed	2	1	12883823	mds	5	6.0	0.4778518548599227	324075	6793	46414	82079	368038	6984	47541	36798	0.6524611824701828
