perplexity	learning_rate	metric	random_state	square_distances	method	cv_iteration	distance_threshold	training_mcc	training_tn	training_fn	training_tp	training_fp	validation_tn	validation_fn	validation_tp	validation_fp	validation_mcc
15.0	200.0	precomputed	12883823	True	t-sne	0	0.0	0.5554173533894403	6355	1	351	674	6417	19	428	639	0.5875278346212399
15.0	200.0	precomputed	12883823	True	t-sne	1	0.0	0.5875278346212399	6417	19	428	639	6355	1	351	674	0.5554173533894403
15.0	200.0	precomputed	12883823	True	t-sne	2	0.0	0.5341304317387687	6324	33	361	663	6233	0	407	863	0.5305631758779759
15.0	200.0	precomputed	12883823	True	t-sne	3	0.0	0.5305631758779759	6233	0	407	863	6324	33	361	663	0.5341304317387687
15.0	200.0	precomputed	12883823	True	t-sne	4	0.0	0.5073182432421278	6437	52	305	587	6841	25	404	233	0.7570104360871254
15.0	200.0	precomputed	12883823	True	t-sne	5	0.0	0.7570104360871254	6841	25	404	233	6437	52	305	587	0.5073182432421278
