perplexity	learning_rate	metric	random_state	square_distances	method	cv_iteration	distance_threshold	training_mcc	training_tn	training_fn	training_tp	training_fp	validation_tn	validation_fn	validation_tp	validation_fp	validation_mcc
15.0	100.0	precomputed	12883823	True	t-sne	0	2.0	0.44788495640138126	401475	41242	14585	2059	405419	37179	15238	1525	0.4865683136148406
15.0	100.0	precomputed	12883823	True	t-sne	1	2.0	0.4865683136148406	405419	37179	15238	1525	401475	41242	14585	2059	0.44788495640138126
15.0	100.0	precomputed	12883823	True	t-sne	2	2.0	0.4393974068719145	404810	39541	13158	1852	402714	37654	17579	1414	0.514219826602963
15.0	100.0	precomputed	12883823	True	t-sne	3	2.0	0.514219826602963	402714	37654	17579	1414	404810	39541	13158	1852	0.4393974068719145
15.0	100.0	precomputed	12883823	True	t-sne	4	2.0	0.5388629004855047	403786	36063	18462	1050	404602	35990	17217	1552	0.5169166178753288
15.0	100.0	precomputed	12883823	True	t-sne	5	2.0	0.5169166178753288	404602	35990	17217	1552	403786	36063	18462	1050	0.5388629004855047
