n_neighbors	min_dist	init	random_state	method	cv_iteration	distance_threshold	training_mcc	training_tn	training_fn	training_tp	training_fp	validation_tn	validation_fn	validation_tp	validation_fp	validation_mcc
25	0.05	spectral	12883823	umap	0	14.0	0.3222126217178328	29700	0	11753	37948	27004	0	10635	42161	0.28043944312033936
25	0.05	spectral	12883823	umap	1	14.0	0.28043944312033936	27004	0	10635	42161	29700	0	11753	37948	0.3222126217178328
25	0.05	spectral	12883823	umap	2	14.0	0.26237660084662323	25280	0	10199	43922	36519	0	12261	31020	0.39137801684328594
25	0.05	spectral	12883823	umap	3	14.0	0.39137801684328594	36519	0	12261	31020	25280	0	10199	43922	0.26237660084662323
25	0.05	spectral	12883823	umap	4	14.0	0.27833143853936093	26690	0	10536	42175	35775	0	11851	32174	0.3764662977867698
25	0.05	spectral	12883823	umap	5	14.0	0.3764662977867698	35775	0	11851	32174	26690	0	10536	42175	0.27833143853936093
