MCC,FN,FP,TN,TP,accuracy,embedding,median_between,median_within,threshold
0.7070000000000001,824,10757,83976,16544,0.897,mds,0.191,-1.261,-0.9279999999999999
0.718,1128,9518,85215,16240,0.905,genetic,0.087,-1.268,-0.9159999999999999
0.763,371,8734,85999,16997,0.919,umap,0.57,-1.5,-1.18
0.7659999999999999,892,7544,87189,16476,0.925,t-sne,0.17600000000000002,-1.589,-0.934
0.7709999999999999,797,7508,87225,16571,0.9259999999999999,pca,0.27899999999999997,-1.5719999999999998,-0.988
