pearson_coef,Unnamed: 0,embedding,euclidean_max,euclidean_mean,euclidean_std,genetic_max,genetic_mean,genetic_std,genetic_variation,mean,std
0.483832703407077,0,t-sne,88.59499630794275,39.186615842683686,21.364323054402302,81.0,37.110184321563395,22.097838544587642,3.5861258083480307,0.4837457054426098,0.0016673762075644378
0.5401091763786826,0,umap,23.271754615999843,12.2856383844327,7.221845210243489,81.0,37.110184321563395,22.097838544587642,3.5861258083480307,0.5401707828921055,0.0019327825243300653
0.8985178782800026,0,pca,12.949919545087507,6.635348862285,4.034340400963302,81.0,37.110184321563395,22.097838544587642,3.5861258083480307,0.8984911708527228,0.000512005337375864
0.9698467595192548,0,mds,88.02666781813947,35.49381393751505,24.138842029893798,81.0,37.110184321563395,22.097838544587642,3.5861258083480307,0.9698590872162016,0.00023018586265817853
