,embedding,pearson_coef,mean,std,genetic_variation,genetic_mean,genetic_std,genetic_max,euclidean_mean,euclidean_std,euclidean_max
0,mds,0.9698467595192548,0.9698590872162015,0.0002301858626581785,3.5861258083480307,37.1101843215634,22.097838544587642,81.0,35.49381393751505,24.138842029893794,88.02666781813949
