,embedding,pearson_coef,mean,std,genetic_variation,genetic_mean,genetic_std,genetic_max,euclidean_mean,euclidean_std,euclidean_max
0,t-sne,0.48383270340707696,0.48374570544260986,0.0016673762075644378,3.5861258083480307,37.1101843215634,22.097838544587642,81.0,39.18661584268369,21.364323054402302,88.59499630794275
