,embedding,pearson_coef,mean,std,genetic_variation,genetic_mean,genetic_std,genetic_max,euclidean_mean,euclidean_std,euclidean_max
0,pca,0.8985178782800026,0.8984911708527228,0.000512005337375864,3.5861258083480307,37.1101843215634,22.097838544587642,81.0,6.635348862285,4.034340400963302,12.949919545087504
