,embedding,pearson_coef,mean,std,genetic_variation,genetic_mean,genetic_std,genetic_max,euclidean_mean,euclidean_std,euclidean_max
0,umap,0.5401091763786826,0.5401707828921055,0.0019327825243300653,3.5861258083480307,37.1101843215634,22.097838544587642,81.0,12.285638384432701,7.22184521024349,23.271754615999836
