perplexity	learning_rate	metric	random_state	square_distances	method	cv_iteration	distance_threshold	training_mcc	training_tn	training_fn	training_tp	training_fp	validation_tn	validation_fn	validation_tp	validation_fp	validation_mcc
30.0	200.0	precomputed	12883823	True	t-sne	0	10.0	0.5792985124510993	327921	705	55122	75613	341120	1603	50814	65824	0.5899887464781877
30.0	200.0	precomputed	12883823	True	t-sne	1	10.0	0.5899887464781877	341120	1603	50814	65824	327921	705	55122	75613	0.5792985124510993
30.0	200.0	precomputed	12883823	True	t-sne	2	10.0	0.5960901481745102	339050	677	52022	67612	362371	875	54358	41757	0.7042969220248779
30.0	200.0	precomputed	12883823	True	t-sne	3	10.0	0.7042969220248779	362371	875	54358	41757	339050	677	52022	67612	0.5960901481745102
30.0	200.0	precomputed	12883823	True	t-sne	4	10.0	0.6059721226738412	339295	924	53601	65541	365146	610	52597	41008	0.7051580788743063
30.0	200.0	precomputed	12883823	True	t-sne	5	10.0	0.7051580788743063	365146	610	52597	41008	339295	924	53601	65541	0.6059721226738412
