n_components	svd_solver	random_state	method	cv_iteration	distance_threshold	training_mcc	training_tn	training_fn	training_tp	training_fp	validation_tn	validation_fn	validation_tp	validation_fp	validation_mcc
10	full	12883823	pca	0	12.0	0.05785656161292603	2788	93	259	4241	3395	180	267	3661	0.03718707942360171
10	full	12883823	pca	1	12.0	0.03718707942360171	3395	180	267	3661	2788	93	259	4241	0.05785656161292603
10	full	12883823	pca	2	12.0	4.697794173342264e-05	2643	149	245	4344	2840	126	281	4256	0.04199224835697194
10	full	12883823	pca	3	12.0	0.04199224835697194	2840	126	281	4256	2643	149	245	4344	4.697794173342264e-05
10	full	12883823	pca	4	12.0	0.02470064380678472	3513	158	199	3511	2718	138	291	4356	0.02990835160154832
10	full	12883823	pca	5	12.0	0.02990835160154832	2718	138	291	4356	3513	158	199	3511	0.02470064380678472
