dissimilarity	n_components	n_init	n_jobs	random_state	method	cv_iteration	distance_threshold	training_mcc	training_tn	training_fn	training_tp	training_fp	validation_tn	validation_fn	validation_tp	validation_fp	validation_mcc
precomputed	2	2	1	12883823	mds	0	12.0	0.14918358885270613	18450	587	10288	58246	19395	454	9656	58066	0.15683692488864606
precomputed	2	2	1	12883823	mds	1	12.0	0.15683692488864606	19395	454	9656	58066	18450	587	10288	58246	0.14918358885270613
precomputed	2	2	1	12883823	mds	2	12.0	0.14522578621239277	20071	744	9797	56959	59440	884	9535	17712	0.47944825685826764
precomputed	2	2	1	12883823	mds	3	12.0	0.47944825685826764	59440	884	9535	17712	20071	744	9797	56959	0.14522578621239277
precomputed	2	2	1	12883823	mds	4	12.0	0.1417275282840822	17713	584	10122	59152	20066	330	9913	57262	0.17280532876177665
precomputed	2	2	1	12883823	mds	5	12.0	0.17280532876177665	20066	330	9913	57262	17713	584	10122	59152	0.1417275282840822
