metric	random_state	square_distances	method	cv_iteration	distance_threshold	training_mcc	training_tn	training_fn	training_tp	training_fp	validation_tn	validation_fn	validation_tp	validation_fp	validation_mcc
precomputed	12883823	True	t-sne	0	12.0	0.3068085527415228	41575	839	10036	35121	40958	95	10015	36503	0.33258485290284784
precomputed	12883823	True	t-sne	1	12.0	0.33258485290284784	40958	95	10015	36503	41575	839	10036	35121	0.3068085527415228
precomputed	12883823	True	t-sne	2	12.0	0.3146091385914317	42393	706	9835	34637	40411	712	9707	36741	0.29546024674294596
precomputed	12883823	True	t-sne	3	12.0	0.29546024674294596	40411	712	9707	36741	42393	706	9835	34637	0.3146091385914317
precomputed	12883823	True	t-sne	4	12.0	0.323686929866077	38369	94	10612	38496	32118	1	10242	45210	0.27691850806587265
precomputed	12883823	True	t-sne	5	12.0	0.27691850806587265	32118	1	10242	45210	38369	94	10612	38496	0.323686929866077
