n_components	dissimilarity	n_init	n_jobs	random_state	method	cv_iteration	distance_threshold	training_mcc	training_tn	training_fn	training_tp	training_fp	validation_tn	validation_fn	validation_tp	validation_fp	validation_mcc
6	precomputed	2	1	12883823	mds	0	6.0	0.40146362185565143	55741	3944	7809	11907	54542	3764	6871	14623	0.3329957528964513
6	precomputed	2	1	12883823	mds	1	6.0	0.3329957528964513	54542	3764	6871	14623	55741	3944	7809	11907	0.40146362185565143
6	precomputed	2	1	12883823	mds	2	6.0	0.33579052287736716	55100	3629	6570	14102	54954	3804	8457	12585	0.41198947440559835
6	precomputed	2	1	12883823	mds	3	6.0	0.41198947440559835	54954	3804	8457	12585	55100	3629	6570	14102	0.33579052287736716
6	precomputed	2	1	12883823	mds	4	6.0	0.3797393493577332	56770	3656	6880	12095	55236	3752	8099	12713	0.4019572349447397
6	precomputed	2	1	12883823	mds	5	6.0	0.4019572349447397	55236	3752	8099	12713	56770	3656	6880	12095	0.3797393493577332
