n_components	dissimilarity	n_init	n_jobs	random_state	method	cv_iteration	distance_threshold	training_mcc	training_tn	training_fn	training_tp	training_fp	validation_tn	validation_fn	validation_tp	validation_fp	validation_mcc
6	precomputed	2	1	12883823	mds	0	10.0	0.36031349010145997	41249	3475	4603	7289	25186	824	7111	23495	0.2880586574879893
6	precomputed	2	1	12883823	mds	1	10.0	0.2880586574879893	25186	824	7111	23495	41249	3475	4603	7289	0.36031349010145997
6	precomputed	2	1	12883823	mds	2	10.0	0.2646211866052112	20382	272	7143	28819	40578	3844	4876	7318	0.3568398233367401
6	precomputed	2	1	12883823	mds	3	10.0	0.3568398233367401	40578	3844	4876	7318	20382	272	7143	28819	0.2646211866052112
6	precomputed	2	1	12883823	mds	4	10.0	0.387713420095865	42410	3332	4484	6390	38305	3218	5052	10041	0.3220424496277569
6	precomputed	2	1	12883823	mds	5	10.0	0.3220424496277569	38305	3218	5052	10041	42410	3332	4484	6390	0.387713420095865
