perplexity	learning_rate	metric	random_state	square_distances	method	cv_iteration	distance_threshold	training_mcc	training_tn	training_fn	training_tp	training_fp	validation_tn	validation_fn	validation_tp	validation_fp	validation_mcc
15.0	500.0	precomputed	12883823	True	t-sne	0	14.0	0.6664941731959235	383568	14285	41542	19966	367583	12011	40406	39361	0.5658195538420162
15.0	500.0	precomputed	12883823	True	t-sne	1	14.0	0.5658195538420162	367583	12011	40406	39361	383568	14285	41542	19966	0.6664941731959235
15.0	500.0	precomputed	12883823	True	t-sne	2	14.0	0.5621453668574924	349067	6338	46361	57595	328699	9196	46037	75429	0.47703492846059536
15.0	500.0	precomputed	12883823	True	t-sne	3	14.0	0.47703492846059536	328699	9196	46037	75429	349067	6338	46361	57595	0.5621453668574924
15.0	500.0	precomputed	12883823	True	t-sne	4	14.0	0.6738194183787789	376537	8993	45532	28299	354631	11070	42137	51523	0.5282862014425056
15.0	500.0	precomputed	12883823	True	t-sne	5	14.0	0.5282862014425056	354631	11070	42137	51523	376537	8993	45532	28299	0.6738194183787789
