perplexity	learning_rate	metric	random_state	square_distances	method	cv_iteration	distance_threshold	training_mcc	training_tn	training_fn	training_tp	training_fp	validation_tn	validation_fn	validation_tp	validation_fp	validation_mcc
100.0	100.0	precomputed	12883823	True	t-sne	0	2.0	0.7139802130388067	364202	1174	54653	39332	360664	197	52220	46280	0.683656397472115
100.0	100.0	precomputed	12883823	True	t-sne	1	2.0	0.683656397472115	360664	197	52220	46280	364202	1174	54653	39332	0.7139802130388067
100.0	100.0	precomputed	12883823	True	t-sne	2	2.0	0.7060988699360796	366595	780	51919	40067	313190	305	54928	90938	0.5375882467705086
100.0	100.0	precomputed	12883823	True	t-sne	3	2.0	0.5375882467705086	313190	305	54928	90938	366595	780	51919	40067	0.7060988699360796
100.0	100.0	precomputed	12883823	True	t-sne	4	2.0	0.7086095175218537	364772	1017	53508	40064	365549	796	52411	40605	0.7048245767221079
100.0	100.0	precomputed	12883823	True	t-sne	5	2.0	0.7048245767221079	365549	796	52411	40605	364772	1017	53508	40064	0.7086095175218537
