perplexity	learning_rate	metric	random_state	square_distances	method	cv_iteration	distance_threshold	training_mcc	training_tn	training_fn	training_tp	training_fp	validation_tn	validation_fn	validation_tp	validation_fp	validation_mcc
15.0	200.0	precomputed	12883823	True	t-sne	0	2.0	0.458595108559177	401582	40755	15072	1952	405287	38081	14336	1657	0.4673021405474371
15.0	200.0	precomputed	12883823	True	t-sne	1	2.0	0.4673021405474371	405287	38081	14336	1657	401582	40755	15072	1952	0.458595108559177
15.0	200.0	precomputed	12883823	True	t-sne	2	2.0	0.4590831897067601	404493	38237	14462	2169	402057	39695	15538	2071	0.4678583625681683
15.0	200.0	precomputed	12883823	True	t-sne	3	2.0	0.4678583625681683	402057	39695	15538	2071	404493	38237	14462	2169	0.4590831897067601
15.0	200.0	precomputed	12883823	True	t-sne	4	2.0	0.48545277971745865	403414	38835	15690	1422	403794	39508	13699	2360	0.43845711158497985
15.0	200.0	precomputed	12883823	True	t-sne	5	2.0	0.43845711158497985	403794	39508	13699	2360	403414	38835	15690	1422	0.48545277971745865
