perplexity	learning_rate	metric	random_state	square_distances	method	cv_iteration	distance_threshold	training_mcc	training_tn	training_fn	training_tp	training_fp	validation_tn	validation_fn	validation_tp	validation_fp	validation_mcc
15.0	200.0	precomputed	12883823	True	t-sne	0	6.0	0.4974907354627369	49433	642	11111	18215	48196	492	10143	20969	0.45334318483121555
15.0	200.0	precomputed	12883823	True	t-sne	1	6.0	0.45334318483121555	48196	492	10143	20969	49433	642	11111	18215	0.4974907354627369
15.0	200.0	precomputed	12883823	True	t-sne	2	6.0	0.3893803492538117	41595	204	9995	27607	47455	38	12223	20084	0.5139070937403862
15.0	200.0	precomputed	12883823	True	t-sne	3	6.0	0.5139070937403862	47455	38	12223	20084	41595	204	9995	27607	0.3893803492538117
15.0	200.0	precomputed	12883823	True	t-sne	4	6.0	0.7006976618589463	61394	342	10194	7471	47757	1768	10083	20192	0.40574221784141035
15.0	200.0	precomputed	12883823	True	t-sne	5	6.0	0.40574221784141035	47757	1768	10083	20192	61394	342	10194	7471	0.7006976618589463
