n_components	dissimilarity	n_init	n_jobs	random_state	method	cv_iteration	distance_threshold	training_mcc	training_tn	training_fn	training_tp	training_fp	validation_tn	validation_fn	validation_tp	validation_fp	validation_mcc
4	precomputed	2	1	12883823	mds	0	14.0	0.0505678245506849	20609	1021	54806	382925	22338	1078	51339	384606	0.04962005780467577
4	precomputed	2	1	12883823	mds	1	14.0	0.04962005780467577	22338	1078	51339	384606	20609	1021	54806	382925	0.0505678245506849
4	precomputed	2	1	12883823	mds	2	14.0	0.04467534774304727	22223	1253	51446	384439	65053	27	55206	339075	0.14967856276508493
4	precomputed	2	1	12883823	mds	3	14.0	0.14967856276508493	65053	27	55206	339075	22223	1253	51446	384439	0.04467534774304727
4	precomputed	2	1	12883823	mds	4	14.0	0.049714472615857624	19733	921	53604	385103	73001	239	52968	333153	0.1531935159013309
4	precomputed	2	1	12883823	mds	5	14.0	0.1531935159013309	73001	239	52968	333153	19733	921	53604	385103	0.049714472615857624
