perplexity	learning_rate	metric	random_state	square_distances	method	cv_iteration	distance_threshold	training_mcc	training_tn	training_fn	training_tp	training_fp	validation_tn	validation_fn	validation_tp	validation_fp	validation_mcc
15.0	100.0	precomputed	12883823	True	t-sne	0	14.0	0.7136717198189985	379234	8137	47690	24300	353727	8791	43626	53217	0.5468162676864011
15.0	100.0	precomputed	12883823	True	t-sne	1	14.0	0.5468162676864011	353727	8791	43626	53217	379234	8137	47690	24300	0.7136717198189985
15.0	100.0	precomputed	12883823	True	t-sne	2	14.0	0.6958207742870837	377907	6441	46258	28755	377556	9953	45280	26572	0.675145895916053
15.0	100.0	precomputed	12883823	True	t-sne	3	14.0	0.675145895916053	377556	9953	45280	26572	377907	6441	46258	28755	0.6958207742870837
15.0	100.0	precomputed	12883823	True	t-sne	4	14.0	0.579056883850349	355172	8138	46387	49664	378806	8191	45016	27348	0.6840628649346732
15.0	100.0	precomputed	12883823	True	t-sne	5	14.0	0.6840628649346732	378806	8191	45016	27348	355172	8138	46387	49664	0.579056883850349
