n_components	svd_solver	random_state	method	cv_iteration	distance_threshold	training_mcc	training_tn	training_fn	training_tp	training_fp	validation_tn	validation_fn	validation_tp	validation_fp	validation_mcc
10	full	12883823	pca	0	0.0	0.14198292008440952	369907	43926	11901	33627	384642	40750	11667	22302	0.2038446908272563
10	full	12883823	pca	1	0.0	0.2038446908272563	384642	40750	11667	22302	369907	43926	11901	33627	0.14198292008440952
10	full	12883823	pca	2	0.0	0.1441696879947534	367254	40034	12665	39408	388550	42684	12549	15578	0.25592131318595474
10	full	12883823	pca	3	0.0	0.25592131318595474	388550	42684	12549	15578	367254	40034	12665	39408	0.1441696879947534
10	full	12883823	pca	4	0.0	0.21585693646947104	378046	40571	13954	26790	386171	40072	13135	19983	0.2445681338807912
10	full	12883823	pca	5	0.0	0.2445681338807912	386171	40072	13135	19983	378046	40571	13954	26790	0.21585693646947104
