n_components	svd_solver	random_state	method	cv_iteration	distance_threshold	training_mcc	training_tn	training_fn	training_tp	training_fp	validation_tn	validation_fn	validation_tp	validation_fp	validation_mcc
10	full	12883823	pca	0	4.0	0.002723441945790489	33574	5788	5965	34074	31254	4898	5737	37911	-0.005925492306689276
10	full	12883823	pca	1	4.0	-0.005925492306689276	31254	4898	5737	37911	33574	5788	5965	34074	0.002723441945790489
10	full	12883823	pca	2	4.0	0.0005736750336280739	32852	4833	5366	36350	32202	5858	6403	35337	-0.0007103430981419996
10	full	12883823	pca	3	4.0	-0.0007103430981419996	32202	5858	6403	35337	32852	4833	5366	36350	0.0005736750336280739
10	full	12883823	pca	4	4.0	-0.006730529007285954	33756	5269	5267	35109	31879	5580	6271	36070	-0.001201094798904689
10	full	12883823	pca	5	4.0	-0.001201094798904689	31879	5580	6271	36070	33756	5269	5267	35109	-0.006730529007285954
