n_neighbors	min_dist	init	random_state	method	cv_iteration	distance_threshold	training_mcc	training_tn	training_fn	training_tp	training_fp	validation_tn	validation_fn	validation_tp	validation_fp	validation_mcc
50	0.05	spectral	12883823	umap	0	0.0	0.3354858256207408	399568	45238	10589	3966	403856	45305	7112	3088	0.2763932118975333
50	0.05	spectral	12883823	umap	1	0.0	0.2763932118975333	403856	45305	7112	3088	399568	45238	10589	3966	0.3354858256207408
50	0.05	spectral	12883823	umap	2	0.0	0.3889854183842823	403698	41012	11687	2964	398813	47923	7310	5315	0.23712734342446307
50	0.05	spectral	12883823	umap	3	0.0	0.23712734342446307	398813	47923	7310	5315	403698	41012	11687	2964	0.3889854183842823
50	0.05	spectral	12883823	umap	4	0.0	0.3570558083479505	400551	42962	11563	4285	400068	44550	8657	6086	0.26821415395680065
50	0.05	spectral	12883823	umap	5	0.0	0.26821415395680065	400068	44550	8657	6086	400551	42962	11563	4285	0.3570558083479505
