n_neighbors	min_dist	init	random_state	method	cv_iteration	distance_threshold	training_mcc	training_tn	training_fn	training_tp	training_fp	validation_tn	validation_fn	validation_tp	validation_fp	validation_mcc
50	0.25	spectral	12883823	umap	0	0.0	0.45058418742711215	396161	36931	18896	7373	401459	43435	8982	5485	0.28741392350667616
50	0.25	spectral	12883823	umap	1	0.0	0.28741392350667616	401459	43435	8982	5485	396161	36931	18896	7373	0.45058418742711215
50	0.25	spectral	12883823	umap	2	0.0	0.44372190586356386	396595	33463	19236	10067	396580	39454	15779	7548	0.3955359613245663
50	0.25	spectral	12883823	umap	3	0.0	0.3955359613245663	396580	39454	15779	7548	396595	33463	19236	10067	0.44372190586356386
50	0.25	spectral	12883823	umap	4	0.0	0.45418950966760085	394655	34043	20482	10181	395240	35037	18170	10914	0.41344869538682855
50	0.25	spectral	12883823	umap	5	0.0	0.41344869538682855	395240	35037	18170	10914	394655	34043	20482	10181	0.45418950966760085
