n_neighbors	min_dist	init	random_state	method	cv_iteration	distance_threshold	training_mcc	training_tn	training_fn	training_tp	training_fp	validation_tn	validation_fn	validation_tp	validation_fp	validation_mcc
50	0.1	spectral	12883823	umap	0	0.0	0.3100173179550744	398657	45753	10074	4877	403725	40626	11791	3219	0.38813392757559534
50	0.1	spectral	12883823	umap	1	0.0	0.38813392757559534	403725	40626	11791	3219	398657	45753	10074	4877	0.3100173179550744
50	0.1	spectral	12883823	umap	2	0.0	0.4136780497841698	403929	40031	12668	2733	397907	47508	7725	6221	0.23594492967596034
50	0.1	spectral	12883823	umap	3	0.0	0.23594492967596034	397907	47508	7725	6221	403929	40031	12668	2733	0.4136780497841698
50	0.1	spectral	12883823	umap	4	0.0	0.36094702615187424	400301	42606	11919	4535	398759	44495	8712	7395	0.2531920342902164
50	0.1	spectral	12883823	umap	5	0.0	0.2531920342902164	398759	44495	8712	7395	400301	42606	11919	4535	0.36094702615187424
