n_components	dissimilarity	n_init	n_jobs	random_state	method	cv_iteration	distance_threshold	training_mcc	training_tn	training_fn	training_tp	training_fp	validation_tn	validation_fn	validation_tp	validation_fp	validation_mcc
4	precomputed	2	1	12883823	mds	0	10.0	0.1374527294882103	68308	1042	54785	335226	67319	1177	51240	339625	0.1276162142067951
4	precomputed	2	1	12883823	mds	1	10.0	0.1276162142067951	67319	1177	51240	339625	68308	1042	54785	335226	0.1374527294882103
4	precomputed	2	1	12883823	mds	2	10.0	0.13256465936594722	71391	1253	51446	335271	65116	969	54264	339012	0.13306461222266847
4	precomputed	2	1	12883823	mds	3	10.0	0.13306461222266847	65116	969	54264	339012	71391	1253	51446	335271	0.13256465936594722
4	precomputed	2	1	12883823	mds	4	10.0	0.12753515663561535	61563	921	53604	343273	73142	1230	51977	333012	0.13636710320893725
4	precomputed	2	1	12883823	mds	5	10.0	0.13636710320893725	73142	1230	51977	333012	61563	921	53604	343273	0.12753515663561535
