n_neighbors	min_dist	init	random_state	method	cv_iteration	distance_threshold	training_mcc	training_tn	training_fn	training_tp	training_fp	validation_tn	validation_fn	validation_tp	validation_fp	validation_mcc
25	0.05	spectral	12883823	umap	0	0.0	0.326812370552588	46547	5741	2337	1991	47239	5996	1939	1442	0.3145885808956859
25	0.05	spectral	12883823	umap	1	0.0	0.3145885808956859	47239	5996	1939	1442	46547	5741	2337	1991	0.326812370552588
25	0.05	spectral	12883823	umap	2	0.0	0.4949086686981987	48519	4745	2670	682	46866	5831	2889	1030	0.4405671200399991
25	0.05	spectral	12883823	umap	3	0.0	0.4405671200399991	46866	5831	2889	1030	48519	4745	2670	682	0.4949086686981987
25	0.05	spectral	12883823	umap	4	0.0	0.19743642872574169	38870	4323	3493	9930	47605	5151	3119	741	0.5069850682393933
25	0.05	spectral	12883823	umap	5	0.0	0.5069850682393933	47605	5151	3119	741	38870	4323	3493	9930	0.19743642872574169
