perplexity	learning_rate	metric	random_state	square_distances	method	cv_iteration	distance_threshold	training_mcc	training_tn	training_fn	training_tp	training_fp	validation_tn	validation_fn	validation_tp	validation_fp	validation_mcc
100.0	100.0	precomputed	12883823	True	t-sne	0	0.0	0.5918220801778846	64252	4484	7269	3396	60778	7572	3063	8387	0.16166170635613983
100.0	100.0	precomputed	12883823	True	t-sne	1	0.0	0.16166170635613983	60778	7572	3063	8387	64252	4484	7269	3396	0.5918220801778846
100.0	100.0	precomputed	12883823	True	t-sne	2	0.0	0.2752066190574648	65602	7382	2817	3600	62891	8267	3994	4648	0.29814948835325716
100.0	100.0	precomputed	12883823	True	t-sne	3	0.0	0.29814948835325716	62891	8267	3994	4648	65602	7382	2817	3600	0.2752066190574648
100.0	100.0	precomputed	12883823	True	t-sne	4	0.0	0.5285854930720282	64866	4460	6076	3999	61901	8909	2942	6048	0.1791006758530783
100.0	100.0	precomputed	12883823	True	t-sne	5	0.0	0.1791006758530783	61901	8909	2942	6048	64866	4460	6076	3999	0.5285854930720282
