metric	random_state	square_distances	method	cv_iteration	distance_threshold	training_mcc	training_tn	training_fn	training_tp	training_fp	validation_tn	validation_fn	validation_tp	validation_fp	validation_mcc
precomputed	12883823	True	t-sne	0	10.0	0.527505225517038	245546	4740	35447	50877	256935	2884	37756	39856	0.6146536711841217
precomputed	12883823	True	t-sne	1	10.0	0.6146536711841217	256935	2884	37756	39856	245546	4740	35447	50877	0.527505225517038
precomputed	12883823	True	t-sne	2	10.0	0.6279705584367772	265493	4575	34878	31664	238105	2557	39012	57757	0.5401385234506573
precomputed	12883823	True	t-sne	3	10.0	0.5401385234506573	238105	2557	39012	57757	265493	4575	34878	31664	0.6279705584367772
precomputed	12883823	True	t-sne	4	10.0	0.6522543642872229	263406	2146	36972	34086	257032	2760	38872	38767	0.6271671708419722
precomputed	12883823	True	t-sne	5	10.0	0.6271671708419722	257032	2760	38872	38767	263406	2146	36972	34086	0.6522543642872229
