n_components	dissimilarity	n_init	n_jobs	random_state	method	cv_iteration	distance_threshold	training_mcc	training_tn	training_fn	training_tp	training_fp	validation_tn	validation_fn	validation_tp	validation_fp	validation_mcc
6	precomputed	2	1	12883823	mds	0	0.0	0.12997811489309555	36403	4720	3358	12135	25186	824	7111	23495	0.2880586574879893
6	precomputed	2	1	12883823	mds	1	0.0	0.2880586574879893	25186	824	7111	23495	36403	4720	3358	12135	0.12997811489309555
6	precomputed	2	1	12883823	mds	2	0.0	0.2646211866052112	20382	272	7143	28819	37488	5322	3398	10408	0.14490218719699452
6	precomputed	2	1	12883823	mds	3	0.0	0.14490218719699452	37488	5322	3398	10408	20382	272	7143	28819	0.2646211866052112
6	precomputed	2	1	12883823	mds	4	0.0	0.17474402303155476	37298	4223	3593	11502	33459	4336	3934	14887	0.1257785094239688
6	precomputed	2	1	12883823	mds	5	0.0	0.1257785094239688	33459	4336	3934	14887	37298	4223	3593	11502	0.17474402303155476
