perplexity	learning_rate	metric	random_state	square_distances	method	cv_iteration	distance_threshold	training_mcc	training_tn	training_fn	training_tp	training_fp	validation_tn	validation_fn	validation_tp	validation_fp	validation_mcc
15.0	500.0	precomputed	12883823	True	t-sne	0	2.0	0.48882905574518115	401270	38734	17093	2264	404943	36463	15954	2001	0.49126470324181243
15.0	500.0	precomputed	12883823	True	t-sne	1	2.0	0.49126470324181243	404943	36463	15954	2001	401270	38734	17093	2264	0.48882905574518115
15.0	500.0	precomputed	12883823	True	t-sne	2	2.0	0.43427691420370246	404362	39390	13309	2300	401890	40882	14351	2238	0.44328769555724723
15.0	500.0	precomputed	12883823	True	t-sne	3	2.0	0.44328769555724723	401890	40882	14351	2238	404362	39390	13309	2300	0.43427691420370246
15.0	500.0	precomputed	12883823	True	t-sne	4	2.0	0.44560526200722345	402846	40461	14064	1990	404250	37432	15775	1904	0.48542808131370274
15.0	500.0	precomputed	12883823	True	t-sne	5	2.0	0.48542808131370274	404250	37432	15775	1904	402846	40461	14064	1990	0.44560526200722345
