perplexity	learning_rate	metric	random_state	square_distances	method	cv_iteration	distance_threshold	training_mcc	training_tn	training_fn	training_tp	training_fp	validation_tn	validation_fn	validation_tp	validation_fp	validation_mcc
15.0	100.0	precomputed	12883823	True	t-sne	0	6.0	0.4870900460787082	47347	330	11423	20301	49273	72	10563	19892	0.4936699995711174
15.0	100.0	precomputed	12883823	True	t-sne	1	6.0	0.4936699995711174	49273	72	10563	19892	47347	330	11423	20301	0.4870900460787082
15.0	100.0	precomputed	12883823	True	t-sne	2	6.0	0.5086802164075754	53587	686	9513	15615	47455	1247	11014	20084	0.4443467148258388
15.0	100.0	precomputed	12883823	True	t-sne	3	6.0	0.4443467148258388	47455	1247	11014	20084	53587	686	9513	15615	0.5086802164075754
15.0	100.0	precomputed	12883823	True	t-sne	4	6.0	0.7275138131295956	62219	268	10268	6646	40829	1308	10543	27120	0.349401457809119
15.0	100.0	precomputed	12883823	True	t-sne	5	6.0	0.349401457809119	40829	1308	10543	27120	62219	268	10268	6646	0.7275138131295956
