perplexity	learning_rate	metric	random_state	square_distances	method	cv_iteration	distance_threshold	training_mcc	training_tn	training_fn	training_tp	training_fp	validation_tn	validation_fn	validation_tp	validation_fp	validation_mcc
100.0	100.0	precomputed	12883823	True	t-sne	0	4.0	0.5766707795232608	328108	981	54846	75426	304309	99	52318	102635	0.5015996668823225
100.0	100.0	precomputed	12883823	True	t-sne	1	4.0	0.5015996668823225	304309	99	52318	102635	328108	981	54846	75426	0.5766707795232608
100.0	100.0	precomputed	12883823	True	t-sne	2	4.0	0.6586094719201735	354890	400	52299	51772	302291	204	55029	101837	0.5104953858349766
100.0	100.0	precomputed	12883823	True	t-sne	3	4.0	0.5104953858349766	302291	204	55029	101837	354890	400	52299	51772	0.6586094719201735
100.0	100.0	precomputed	12883823	True	t-sne	4	4.0	0.5285278037221548	311639	384	54141	93197	299331	105	53102	106823	0.4937601833977367
100.0	100.0	precomputed	12883823	True	t-sne	5	4.0	0.4937601833977367	299331	105	53102	106823	311639	384	54141	93197	0.5285278037221548
