perplexity	learning_rate	metric	random_state	square_distances	method	cv_iteration	distance_threshold	training_mcc	training_tn	training_fn	training_tp	training_fp	validation_tn	validation_fn	validation_tp	validation_fp	validation_mcc
30.0	100.0	precomputed	12883823	True	t-sne	0	6.0	0.8505455994163162	394134	5731	50096	9400	378245	6040	46377	28699	0.7001358059095932
30.0	100.0	precomputed	12883823	True	t-sne	1	6.0	0.7001358059095932	378245	6040	46377	28699	394134	5731	50096	9400	0.8505455994163162
30.0	100.0	precomputed	12883823	True	t-sne	2	6.0	0.7140069744765234	376423	4308	48391	30239	376040	6067	49166	28088	0.7136177384644762
30.0	100.0	precomputed	12883823	True	t-sne	3	6.0	0.7136177384644762	376040	6067	49166	28088	376423	4308	48391	30239	0.7140069744765234
30.0	100.0	precomputed	12883823	True	t-sne	4	6.0	0.7066000250887229	375127	5671	48854	29709	386991	6857	46350	19163	0.754049016233672
30.0	100.0	precomputed	12883823	True	t-sne	5	6.0	0.754049016233672	386991	6857	46350	19163	375127	5671	48854	29709	0.7066000250887229
