perplexity	learning_rate	metric	random_state	square_distances	method	cv_iteration	distance_threshold	training_mcc	training_tn	training_fn	training_tp	training_fp	validation_tn	validation_fn	validation_tp	validation_fp	validation_mcc
100.0	100.0	precomputed	12883823	True	t-sne	0	0.0	0.18892921362282783	44411	6031	2047	4127	42812	5318	2617	5869	0.2034920098053277
100.0	100.0	precomputed	12883823	True	t-sne	1	0.0	0.2034920098053277	42812	5318	2617	5869	44411	6031	2047	4127	0.18892921362282783
100.0	100.0	precomputed	12883823	True	t-sne	2	0.0	0.2880667777452949	45201	4775	2640	4000	43965	6431	2289	3931	0.20826417939325056
100.0	100.0	precomputed	12883823	True	t-sne	3	0.0	0.20826417939325056	43965	6431	2289	3931	45201	4775	2640	4000	0.2880667777452949
100.0	100.0	precomputed	12883823	True	t-sne	4	0.0	0.24560794428490487	44975	5469	2347	3825	42672	5868	2402	5674	0.17480125845740294
100.0	100.0	precomputed	12883823	True	t-sne	5	0.0	0.17480125845740294	42672	5868	2402	5674	44975	5469	2347	3825	0.24560794428490487
