n_neighbors	min_dist	init	random_state	method	cv_iteration	distance_threshold	training_mcc	training_tn	training_fn	training_tp	training_fp	validation_tn	validation_fn	validation_tp	validation_fp	validation_mcc
25	0.1	spectral	12883823	umap	0	6.0	0.17941645866754508	17913	1026	7052	30625	32017	1321	6614	16664	0.3465610709939459
25	0.1	spectral	12883823	umap	1	6.0	0.3465610709939459	32017	1321	6614	16664	17913	1026	7052	30625	0.17941645866754508
25	0.1	spectral	12883823	umap	2	6.0	0.3645339978674586	34933	1424	5991	14268	17680	1036	7684	30216	0.1920822896257144
25	0.1	spectral	12883823	umap	3	6.0	0.1920822896257144	17680	1036	7684	30216	34933	1424	5991	14268	0.3645339978674586
25	0.1	spectral	12883823	umap	4	6.0	0.4002603261940457	38531	2088	5728	10269	17262	986	7284	31084	0.1797208928290234
25	0.1	spectral	12883823	umap	5	6.0	0.1797208928290234	17262	986	7284	31084	38531	2088	5728	10269	0.4002603261940457
