n_neighbors	min_dist	init	random_state	method	cv_iteration	distance_threshold	training_mcc	training_tn	training_fn	training_tp	training_fp	validation_tn	validation_fn	validation_tp	validation_fp	validation_mcc
25	0.05	spectral	12883823	umap	0	6.0	0.5031938437760934	39148	1262	6816	9390	32017	1321	6614	16664	0.3465610709939459
25	0.05	spectral	12883823	umap	1	6.0	0.3465610709939459	32017	1321	6614	16664	39148	1262	6816	9390	0.5031938437760934
25	0.05	spectral	12883823	umap	2	6.0	0.36547927258312973	34930	1413	6002	14271	31400	1456	7264	16496	0.3573911276997606
25	0.05	spectral	12883823	umap	3	6.0	0.3573911276997606	31400	1456	7264	16496	34930	1413	6002	14271	0.36547927258312973
25	0.05	spectral	12883823	umap	4	6.0	0.33729414418241427	35559	2088	5728	13241	17262	986	7284	31084	0.1797208928290234
25	0.05	spectral	12883823	umap	5	6.0	0.1797208928290234	17262	986	7284	31084	35559	2088	5728	13241	0.33729414418241427
