n_neighbors	min_dist	init	random_state	method	cv_iteration	distance_threshold	training_mcc	training_tn	training_fn	training_tp	training_fp	validation_tn	validation_fn	validation_tp	validation_fp	validation_mcc
50	0.05	spectral	12883823	umap	0	2.0	0.709658487363409	374092	5918	49909	29442	365929	9222	43195	41015	0.594323777075594
50	0.05	spectral	12883823	umap	1	2.0	0.594323777075594	365929	9222	43195	41015	374092	5918	49909	29442	0.709658487363409
50	0.05	spectral	12883823	umap	2	2.0	0.647676289257369	375421	9098	43601	31241	377151	5924	49309	26977	0.721888512810843
50	0.05	spectral	12883823	umap	3	2.0	0.721888512810843	377151	5924	49309	26977	375421	9098	43601	31241	0.647676289257369
50	0.05	spectral	12883823	umap	4	2.0	0.6590036036246598	383972	13882	40643	20864	376004	4272	48935	30150	0.7166959905849128
50	0.05	spectral	12883823	umap	5	2.0	0.7166959905849128	376004	4272	48935	30150	383972	13882	40643	20864	0.6590036036246598
