n_neighbors	min_dist	init	random_state	method	cv_iteration	distance_threshold	training_mcc	training_tn	training_fn	training_tp	training_fp	validation_tn	validation_fn	validation_tp	validation_fp	validation_mcc
50	0.25	spectral	12883823	umap	0	2.0	0.7074380189376316	362616	1086	54741	40918	356550	182	52235	50394	0.6661294392339383
50	0.25	spectral	12883823	umap	1	2.0	0.6661294392339383	356550	182	52235	50394	362616	1086	54741	40918	0.7074380189376316
50	0.25	spectral	12883823	umap	2	2.0	0.6563916086207192	354659	504	52195	52003	363478	953	54280	40650	0.7085919272712597
50	0.25	spectral	12883823	umap	3	2.0	0.7085919272712597	363478	953	54280	40650	354659	504	52195	52003	0.6563916086207192
50	0.25	spectral	12883823	umap	4	2.0	0.6541257992039721	373364	9122	45403	31472	365532	872	52335	40622	0.7038203434449908
50	0.25	spectral	12883823	umap	5	2.0	0.7038203434449908	365532	872	52335	40622	373364	9122	45403	31472	0.6541257992039721
