perplexity	learning_rate	metric	random_state	square_distances	method	cv_iteration	distance_threshold	training_mcc	training_tn	training_fn	training_tp	training_fp	validation_tn	validation_fn	validation_tp	validation_fp	validation_mcc
30.0	500.0	precomputed	12883823	True	t-sne	0	8.0	0.21228277711190716	3496	0	352	3533	3740	0	447	3316	0.2509245577835475
30.0	500.0	precomputed	12883823	True	t-sne	1	8.0	0.2509245577835475	3740	0	447	3316	3496	0	352	3533	0.21228277711190716
30.0	500.0	precomputed	12883823	True	t-sne	2	8.0	0.22180632197362132	3606	9	385	3381	3822	24	383	3274	0.21734869186380731
30.0	500.0	precomputed	12883823	True	t-sne	3	8.0	0.21734869186380731	3822	24	383	3274	3606	9	385	3381	0.22180632197362132
30.0	500.0	precomputed	12883823	True	t-sne	4	8.0	0.20572177956247478	3702	17	340	3322	3720	2	427	3354	0.24203613210542294
30.0	500.0	precomputed	12883823	True	t-sne	5	8.0	0.24203613210542294	3720	2	427	3354	3702	17	340	3322	0.20572177956247478
