n_components	dissimilarity	n_init	n_jobs	random_state	method	cv_iteration	distance_threshold	training_mcc	training_tn	training_fn	training_tp	training_fp	validation_tn	validation_fn	validation_tp	validation_fp	validation_mcc
4	precomputed	2	1	12883823	mds	0	8.0	0.3695599291840028	53138	3717	8036	14510	46884	3083	7552	22281	0.27253034537426113
4	precomputed	2	1	12883823	mds	1	8.0	0.27253034537426113	46884	3083	7552	22281	53138	3717	8036	14510	0.3695599291840028
4	precomputed	2	1	12883823	mds	2	8.0	0.2571072671695719	48378	3397	6802	20824	56253	3211	9050	11286	0.4725236900693346
4	precomputed	2	1	12883823	mds	3	8.0	0.4725236900693346	56253	3211	9050	11286	48378	3397	6802	20824	0.2571072671695719
4	precomputed	2	1	12883823	mds	4	8.0	0.3579856159406559	54539	3407	7129	14326	46646	2694	9157	21303	0.3361021320826728
4	precomputed	2	1	12883823	mds	5	8.0	0.3361021320826728	46646	2694	9157	21303	54539	3407	7129	14326	0.3579856159406559
