init	random_state	method	cv_iteration	distance_threshold	training_mcc	training_tn	training_fn	training_tp	training_fp	validation_tn	validation_fn	validation_tp	validation_fp	validation_mcc
spectral	12883823	umap	0	12.0	0.21083895545895748	24380	328	10547	52316	23790	78	10032	53671	0.21487770280187438
spectral	12883823	umap	1	12.0	0.21487770280187438	23790	78	10032	53671	24380	328	10547	52316	0.21083895545895748
spectral	12883823	umap	2	12.0	0.22827217797731786	24150	0	10541	52880	41004	534	9885	36148	0.3113633269405491
spectral	12883823	umap	3	12.0	0.3113633269405491	41004	534	9885	36148	24150	0	10541	52880	0.22827217797731786
spectral	12883823	umap	4	12.0	0.3576517453037671	42282	48	10658	34583	43771	47	10196	33557	0.3608831608540574
spectral	12883823	umap	5	12.0	0.3608831608540574	43771	47	10196	33557	42282	48	10658	34583	0.3576517453037671
