metric	random_state	square_distances	method	cv_iteration	distance_threshold	training_mcc	training_tn	training_fn	training_tp	training_fp	validation_tn	validation_fn	validation_tp	validation_fp	validation_mcc
precomputed	12883823	True	t-sne	0	12.0	0.2688130305675887	30355	83	10792	46341	30063	1	10109	47398	0.26113910401481566
precomputed	12883823	True	t-sne	1	12.0	0.26113910401481566	30063	1	10109	47398	30355	83	10792	46341	0.2688130305675887
precomputed	12883823	True	t-sne	2	12.0	0.27638756138483106	31785	43	10498	45245	28946	0	10419	48206	0.2582214263274766
precomputed	12883823	True	t-sne	3	12.0	0.2582214263274766	28946	0	10419	48206	31785	43	10498	45245	0.27638756138483106
precomputed	12883823	True	t-sne	4	12.0	0.4085880069002335	50029	368	10338	26836	32118	1	10242	45210	0.27691850806587265
precomputed	12883823	True	t-sne	5	12.0	0.27691850806587265	32118	1	10242	45210	50029	368	10338	26836	0.4085880069002335
