dissimilarity	n_components	n_init	n_jobs	random_state	method	cv_iteration	distance_threshold	training_mcc	training_tn	training_fn	training_tp	training_fp	validation_tn	validation_fn	validation_tp	validation_fp	validation_mcc
precomputed	2	2	1	12883823	mds	0	12.0	0.37270672981787106	51309	1255	9620	25387	18667	452	9658	58794	0.15183159608024477
precomputed	2	2	1	12883823	mds	1	12.0	0.15183159608024477	18667	452	9658	58794	51309	1255	9620	25387	0.37270672981787106
precomputed	2	2	1	12883823	mds	2	12.0	0.1447687803458265	20070	750	9791	56960	17760	375	10044	59392	0.15516416378585315
precomputed	2	2	1	12883823	mds	3	12.0	0.15516416378585315	17760	375	10044	59392	20070	750	9791	56960	0.1447687803458265
precomputed	2	2	1	12883823	mds	4	12.0	0.14559597864855783	18130	575	10131	58735	53718	663	9580	23610	0.41731202142529694
precomputed	2	2	1	12883823	mds	5	12.0	0.41731202142529694	53718	663	9580	23610	18130	575	10131	58735	0.14559597864855783
