n_neighbors	min_dist	init	random_state	method	cv_iteration	distance_threshold	training_mcc	training_tn	training_fn	training_tp	training_fp	validation_tn	validation_fn	validation_tp	validation_fp	validation_mcc
25	0.05	spectral	12883823	umap	0	6.0	0.5559760632724172	50831	0	11753	16817	37492	0	10635	31673	0.3691336294275936
25	0.05	spectral	12883823	umap	1	6.0	0.3691336294275936	37492	0	10635	31673	50831	0	11753	16817	0.5559760632724172
25	0.05	spectral	12883823	umap	2	6.0	0.26237660084662323	25280	0	10199	43922	55809	0	12261	11730	0.6498506807307348
25	0.05	spectral	12883823	umap	3	6.0	0.6498506807307348	55809	0	12261	11730	25280	0	10199	43922	0.26237660084662323
25	0.05	spectral	12883823	umap	4	6.0	0.4876246998055042	48314	0	10536	20551	56369	0	11851	11580	0.6477549156544562
25	0.05	spectral	12883823	umap	5	6.0	0.6477549156544562	56369	0	11851	11580	48314	0	10536	20551	0.4876246998055042
