perplexity	learning_rate	metric	random_state	square_distances	method	cv_iteration	distance_threshold	training_mcc	training_tn	training_fn	training_tp	training_fp	validation_tn	validation_fn	validation_tp	validation_fp	validation_mcc
100.0	100.0	precomputed	12883823	True	t-sne	0	8.0	0.4169098671756817	258326	408	55419	145208	269359	99	52318	137585	0.4261355788035605
100.0	100.0	precomputed	12883823	True	t-sne	1	8.0	0.4261355788035605	269359	99	52318	137585	258326	408	55419	145208	0.4169098671756817
100.0	100.0	precomputed	12883823	True	t-sne	2	8.0	0.6004323035247368	339336	400	52299	67326	269276	204	55029	134852	0.43764244261883195
100.0	100.0	precomputed	12883823	True	t-sne	3	8.0	0.43764244261883195	269276	204	55029	134852	339336	400	52299	67326	0.6004323035247368
100.0	100.0	precomputed	12883823	True	t-sne	4	8.0	0.42860864913772234	267380	384	54141	137456	261253	105	53102	144901	0.41439267862576984
100.0	100.0	precomputed	12883823	True	t-sne	5	8.0	0.41439267862576984	261253	105	53102	144901	267380	384	54141	137456	0.42860864913772234
