method,recombination_rate,replicate_count,r_squared_mean,r_squared_std,slope_mean,slope_std,intercept_mean,intercept_std
mds,low-recombination-rate,5,0.9736235300561672,0.009493464605013616,1.0406264856142813,0.01442319355174674,-4.689224321632492,1.0831714929967866
pca,low-recombination-rate,5,0.8386150300184936,0.027878290885214277,0.11392774288939589,0.012710431535159307,0.33728906584911766,0.8158589656165437
t-sne,low-recombination-rate,5,0.6133169886149407,0.0963957524876616,0.39719255086639293,0.10318947788165578,-0.15670766016384546,6.737175920178712
umap,low-recombination-rate,5,0.48334928922627246,0.08209738346925023,0.14967021826969512,0.04007775469161469,1.6222989313326088,2.5549192466849857
mds,moderate-recombination-rate,5,0.9640343503935197,0.01004299865535392,1.0528575641909128,0.011558655125118196,-5.535006049150636,0.8051055329279803
pca,moderate-recombination-rate,5,0.8175150283917324,0.038097192404598315,0.12337843054532124,0.006674952321018445,-0.188777057074806,0.4110092261257305
t-sne,moderate-recombination-rate,5,0.6827547348693066,0.08216053802235372,0.5020337321824043,0.07249991024213301,-6.529314741184746,4.654752246103889
umap,moderate-recombination-rate,5,0.473447679219558,0.19683870702668677,0.17712359854628984,0.06284637935841694,0.9244349485204154,4.41132045868256
mds,high-recombination-rate,5,0.9503386305493329,0.010866018125685162,1.0655182868449171,0.00469820782537108,-6.321605768249671,0.49338596411230645
pca,high-recombination-rate,5,0.7753217251642444,0.021838678534813256,0.12589231851630622,0.006731792479809295,-0.5267144309206676,0.4218465277368956
t-sne,high-recombination-rate,5,0.6959567715812509,0.044506038805301525,0.5723170928504029,0.1366841807927659,-10.960284763134478,6.044110293106275
umap,high-recombination-rate,5,0.5055517969126013,0.11688331256545109,0.20312012471131138,0.02794335005707838,-1.0664924043181052,2.9269680882178903
