perplexity	learning_rate	metric	random_state	square_distances	method	cv_iteration	distance_threshold	training_mcc	training_tn	training_fn	training_tp	training_fp	validation_tn	validation_fn	validation_tp	validation_fp	validation_mcc
30.0	100.0	precomputed	12883823	True	t-sne	0	6.0	0.21228277711190716	3496	0	352	3533	3740	0	447	3316	0.2509245577835475
30.0	100.0	precomputed	12883823	True	t-sne	1	6.0	0.2509245577835475	3740	0	447	3316	3496	0	352	3533	0.21228277711190716
30.0	100.0	precomputed	12883823	True	t-sne	2	6.0	0.22526459551355116	3496	0	394	3491	3740	0	407	3356	0.2387586381922555
30.0	100.0	precomputed	12883823	True	t-sne	3	6.0	0.2387586381922555	3740	0	407	3356	3496	0	394	3491	0.22526459551355116
30.0	100.0	precomputed	12883823	True	t-sne	4	6.0	0.2212392596832722	3621	0	357	3403	3650	0	429	3424	0.2396862088014138
30.0	100.0	precomputed	12883823	True	t-sne	5	6.0	0.2396862088014138	3650	0	429	3424	3621	0	357	3403	0.2212392596832722
