metric	random_state	square_distances	method	cv_iteration	distance_threshold	training_mcc	training_tn	training_fn	training_tp	training_fp	validation_tn	validation_fn	validation_tp	validation_fp	validation_mcc
precomputed	12883823	True	t-sne	0	2.0	0.6467850281368227	294845	20450	19737	1578	295842	18735	21905	949	0.6940058359043773
precomputed	12883823	True	t-sne	1	2.0	0.6940058359043773	295842	18735	21905	949	294845	20450	19737	1578	0.6467850281368227
precomputed	12883823	True	t-sne	2	2.0	0.7292511828320583	296124	16153	23300	1033	294426	18070	23499	1436	0.7041048955892857
precomputed	12883823	True	t-sne	3	2.0	0.7041048955892857	294426	18070	23499	1436	296124	16153	23300	1033	0.7292511828320583
precomputed	12883823	True	t-sne	4	2.0	0.6792928277640464	296291	18581	20537	1201	294251	15626	26006	1548	0.743905091410095
precomputed	12883823	True	t-sne	5	2.0	0.743905091410095	294251	15626	26006	1548	296291	18581	20537	1201	0.6792928277640464
