init	random_state	method	cv_iteration	distance_threshold	training_mcc	training_tn	training_fn	training_tp	training_fp	validation_tn	validation_fn	validation_tp	validation_fp	validation_mcc
spectral	12883823	umap	0	2.0	0.7570389708386638	277461	2517	37670	18962	292816	6903	33737	3975	0.8437118436160652
spectral	12883823	umap	1	2.0	0.8437118436160652	292816	6903	33737	3975	277461	2517	37670	18962	0.7570389708386638
spectral	12883823	umap	2	2.0	0.7628002802423508	284065	5183	34270	13092	271831	4259	37310	24031	0.6956473626013069
spectral	12883823	umap	3	2.0	0.6956473626013069	271831	4259	37310	24031	284065	5183	34270	13092	0.7628002802423508
spectral	12883823	umap	4	2.0	0.7615136468430453	282012	3813	35305	15480	291444	6417	35215	4355	0.8495653825427933
spectral	12883823	umap	5	2.0	0.8495653825427933	291444	6417	35215	4355	282012	3813	35305	15480	0.7615136468430453
