dissimilarity	n_components	n_init	n_jobs	random_state	method	cv_iteration	distance_threshold	training_mcc	training_tn	training_fn	training_tp	training_fp	validation_tn	validation_fn	validation_tp	validation_fp	validation_mcc
precomputed	2	2	1	12883823	mds	0	2.0	0.5677977931806428	285133	17440	22747	11290	290642	12591	28049	6149	0.7220058699460588
precomputed	2	2	1	12883823	mds	1	2.0	0.7220058699460588	290642	12591	28049	6149	285133	17440	22747	11290	0.5677977931806428
precomputed	2	2	1	12883823	mds	2	2.0	0.765727020239315	292693	10942	28511	4464	289441	15302	26267	6421	0.6780018941214677
precomputed	2	2	1	12883823	mds	3	2.0	0.6780018941214677	289441	15302	26267	6421	292693	10942	28511	4464	0.765727020239315
precomputed	2	2	1	12883823	mds	4	2.0	0.6466563260530183	290988	15851	23267	6504	288353	15337	26295	7446	0.6648146656303112
precomputed	2	2	1	12883823	mds	5	2.0	0.6648146656303112	288353	15337	26295	7446	290988	15851	23267	6504	0.6466563260530183
