n_components	svd_solver	random_state	method	cv_iteration	distance_threshold	training_mcc	training_tn	training_fn	training_tp	training_fp	validation_tn	validation_fn	validation_tp	validation_fp	validation_mcc
10	full	12883823	pca	0	2.0	0.4452752068300068	271042	17425	22762	25381	273098	17681	22959	23693	0.45742690082059134
10	full	12883823	pca	1	2.0	0.45742690082059134	273098	17681	22959	23693	271042	17425	22762	25381	0.4452752068300068
10	full	12883823	pca	2	2.0	0.4537435332934999	273014	17034	22419	24143	271534	18000	23569	24328	0.4565096556016513
10	full	12883823	pca	3	2.0	0.4565096556016513	271534	18000	23569	24328	273014	17034	22419	24143	0.4537435332934999
10	full	12883823	pca	4	2.0	0.4512172380302131	273017	16855	22263	24475	271838	18013	23619	23961	0.4595553115735769
10	full	12883823	pca	5	2.0	0.4595553115735769	271838	18013	23619	23961	273017	16855	22263	24475	0.4512172380302131
