n_neighbors	min_dist	init	random_state	method	cv_iteration	distance_threshold	training_mcc	training_tn	training_fn	training_tp	training_fp	validation_tn	validation_fn	validation_tp	validation_fp	validation_mcc
50	0.1	spectral	12883823	umap	0	2.0	0.31395284417695357	28813	1176	6902	19725	37102	1187	6748	11579	0.45448084040560516
50	0.1	spectral	12883823	umap	1	2.0	0.45448084040560516	37102	1187	6748	11579	28813	1176	6902	19725	0.31395284417695357
50	0.1	spectral	12883823	umap	2	2.0	0.5836391250535683	41544	675	6740	7657	33173	1662	7058	14723	0.37245353758971594
50	0.1	spectral	12883823	umap	3	2.0	0.37245353758971594	33173	1662	7058	14723	41544	675	6740	7657	0.5836391250535683
50	0.1	spectral	12883823	umap	4	2.0	0.38366863225071124	37244	1953	5863	11556	28763	212	8058	19583	0.40224443835774204
50	0.1	spectral	12883823	umap	5	2.0	0.40224443835774204	28763	212	8058	19583	37244	1953	5863	11556	0.38366863225071124
