n_neighbors	min_dist	init	random_state	method	cv_iteration	distance_threshold	training_mcc	training_tn	training_fn	training_tp	training_fp	validation_tn	validation_fn	validation_tp	validation_fp	validation_mcc
50	0.25	spectral	12883823	umap	0	2.0	0.31395284417695357	28813	1176	6902	19725	24189	1557	6378	24492	0.20961295470019434
50	0.25	spectral	12883823	umap	1	2.0	0.20961295470019434	24189	1557	6378	24492	28813	1176	6902	19725	0.31395284417695357
50	0.25	spectral	12883823	umap	2	2.0	0.37884434565971653	28069	67	7348	21132	20408	1179	7541	27488	0.21618066386745113
50	0.25	spectral	12883823	umap	3	2.0	0.21618066386745113	20408	1179	7541	27488	28069	67	7348	21132	0.37884434565971653
50	0.25	spectral	12883823	umap	4	2.0	0.38366863225071124	37244	1953	5863	11556	17262	0	8270	31084	0.27391990754749906
50	0.25	spectral	12883823	umap	5	2.0	0.27391990754749906	17262	0	8270	31084	37244	1953	5863	11556	0.38366863225071124
