perplexity	learning_rate	metric	random_state	square_distances	method	cv_iteration	distance_threshold	training_mcc	training_tn	training_fn	training_tp	training_fp	validation_tn	validation_fn	validation_tp	validation_fp	validation_mcc
30.0	200.0	precomputed	12883823	True	t-sne	0	8.0	0.6080533593472364	336707	705	55122	66827	376203	5261	47156	30741	0.6982183672857717
30.0	200.0	precomputed	12883823	True	t-sne	1	8.0	0.6982183672857717	376203	5261	47156	30741	336707	705	55122	66827	0.6080533593472364
30.0	200.0	precomputed	12883823	True	t-sne	2	8.0	0.5960901481745102	339050	677	52022	67612	391480	6067	49166	12648	0.8185460394129958
30.0	200.0	precomputed	12883823	True	t-sne	3	8.0	0.8185460394129958	391480	6067	49166	12648	339050	677	52022	67612	0.5960901481745102
30.0	200.0	precomputed	12883823	True	t-sne	4	8.0	0.589939036905823	350118	5582	48943	54718	365146	610	52597	41008	0.7051580788743063
30.0	200.0	precomputed	12883823	True	t-sne	5	8.0	0.7051580788743063	365146	610	52597	41008	350118	5582	48943	54718	0.589939036905823
