init	random_state	method	cv_iteration	distance_threshold	training_mcc	training_tn	training_fn	training_tp	training_fp	validation_tn	validation_fn	validation_tp	validation_fp	validation_mcc
spectral	12883823	umap	0	2.0	0.6042725250381241	70404	2553	8322	6292	71143	840	9270	6318	0.6978717228421487
spectral	12883823	umap	1	2.0	0.6978717228421487	71143	840	9270	6318	70404	2553	8322	6292	0.6042725250381241
spectral	12883823	umap	2	2.0	0.6413037685277863	72260	2561	7980	4770	70078	915	9504	7074	0.6780884682231008
spectral	12883823	umap	3	2.0	0.6780884682231008	70078	915	9504	7074	72260	2561	7980	4770	0.6413037685277863
spectral	12883823	umap	4	2.0	0.602757186159309	71722	3025	7681	5143	70485	258	9985	6843	0.7229595432831284
spectral	12883823	umap	5	2.0	0.7229595432831284	70485	258	9985	6843	71722	3025	7681	5143	0.602757186159309
