metric	random_state	square_distances	method	cv_iteration	distance_threshold	training_mcc	training_tn	training_fn	training_tp	training_fp	validation_tn	validation_fn	validation_tp	validation_fp	validation_mcc
precomputed	12883823	True	t-sne	0	2.0	0.6610773611789583	69647	1333	9542	7049	73516	1756	8354	3945	0.7131502882733324
precomputed	12883823	True	t-sne	1	2.0	0.7131502882733324	73516	1756	8354	3945	69647	1333	9542	7049	0.6610773611789583
precomputed	12883823	True	t-sne	2	2.0	0.672465932123751	73832	2941	7600	3198	72922	1935	8484	4230	0.697961090286748
precomputed	12883823	True	t-sne	3	2.0	0.697961090286748	72922	1935	8484	4230	73832	2941	7600	3198	0.672465932123751
precomputed	12883823	True	t-sne	4	2.0	0.6847500987935372	73731	2858	7848	3134	74519	2131	8112	2809	0.7350277100936801
precomputed	12883823	True	t-sne	5	2.0	0.7350277100936801	74519	2131	8112	2809	73731	2858	7848	3134	0.6847500987935372
