dissimilarity	n_components	n_init	n_jobs	random_state	method	cv_iteration	distance_threshold	training_mcc	training_tn	training_fn	training_tp	training_fp	validation_tn	validation_fn	validation_tp	validation_fp	validation_mcc
precomputed	2	2	1	12883823	mds	0	2.0	0.5370375544994487	70019	3412	7463	6677	71530	2816	7294	5931	0.5755464660478468
precomputed	2	2	1	12883823	mds	1	2.0	0.5755464660478468	71530	2816	7294	5931	70019	3412	7463	6677	0.5370375544994487
precomputed	2	2	1	12883823	mds	2	2.0	0.5841494132540374	70657	2689	7852	6373	70098	4051	6368	7054	0.46712078690652975
precomputed	2	2	1	12883823	mds	3	2.0	0.46712078690652975	70098	4051	6368	7054	70657	2689	7852	6373	0.5841494132540374
precomputed	2	2	1	12883823	mds	4	2.0	0.5621932535320637	72503	3991	6715	4362	72645	3426	6817	4683	0.5756460281099558
precomputed	2	2	1	12883823	mds	5	2.0	0.5756460281099558	72645	3426	6817	4683	72503	3991	6715	4362	0.5621932535320637
