perplexity	learning_rate	metric	random_state	square_distances	method	cv_iteration	distance_threshold	training_mcc	training_tn	training_fn	training_tp	training_fp	validation_tn	validation_fn	validation_tp	validation_fp	validation_mcc
15.0	500.0	precomputed	12883823	True	t-sne	0	10.0	0.7314867167204776	394432	16018	39809	9102	396229	21387	31030	10715	0.6256951510077479
15.0	500.0	precomputed	12883823	True	t-sne	1	10.0	0.6256951510077479	396229	21387	31030	10715	394432	16018	39809	9102	0.7314867167204776
15.0	500.0	precomputed	12883823	True	t-sne	2	10.0	0.8012746710267677	395667	8037	44662	10995	382876	11325	43908	21252	0.692039860344755
15.0	500.0	precomputed	12883823	True	t-sne	3	10.0	0.692039860344755	382876	11325	43908	21252	395667	8037	44662	10995	0.8012746710267677
15.0	500.0	precomputed	12883823	True	t-sne	4	10.0	0.7874942825397894	392893	8993	45532	11943	394528	11170	42037	11626	0.7586245269900248
15.0	500.0	precomputed	12883823	True	t-sne	5	10.0	0.7586245269900248	394528	11170	42037	11626	392893	8993	45532	11943	0.7874942825397894
