n_neighbors	min_dist	init	random_state	method	cv_iteration	distance_threshold	training_mcc	training_tn	training_fn	training_tp	training_fp	validation_tn	validation_fn	validation_tp	validation_fp	validation_mcc
25	0.1	spectral	12883823	umap	0	2.0	0.6940561032614297	388887	15228	40599	14647	383445	14446	37971	23499	0.622576047118285
25	0.1	spectral	12883823	umap	1	2.0	0.622576047118285	383445	14446	37971	23499	388887	15228	40599	14647	0.6940561032614297
25	0.1	spectral	12883823	umap	2	2.0	0.6631582931539524	387777	13918	38781	18885	386911	16831	38402	17217	0.6507120185930296
25	0.1	spectral	12883823	umap	3	2.0	0.6507120185930296	386911	16831	38402	17217	387777	13918	38781	18885	0.6631582931539524
25	0.1	spectral	12883823	umap	4	2.0	0.6765679937756206	386456	13882	40643	18380	375124	9374	43833	31030	0.6476109012027171
25	0.1	spectral	12883823	umap	5	2.0	0.6476109012027171	375124	9374	43833	31030	386456	13882	40643	18380	0.6765679937756206
