n_neighbors	min_dist	init	random_state	method	cv_iteration	distance_threshold	training_mcc	training_tn	training_fn	training_tp	training_fp	validation_tn	validation_fn	validation_tp	validation_fp	validation_mcc
25	0.05	spectral	12883823	umap	0	2.0	0.6914210749747005	394905	19548	36279	8629	383279	14516	37901	23665	0.6205385123456276
25	0.05	spectral	12883823	umap	1	2.0	0.6205385123456276	383279	14516	37901	23665	394905	19548	36279	8629	0.6914210749747005
25	0.05	spectral	12883823	umap	2	2.0	0.6401020375932205	387777	15633	37066	18885	383835	18330	36903	20293	0.6087027956776261
25	0.05	spectral	12883823	umap	3	2.0	0.6087027956776261	383835	18330	36903	20293	387777	15633	37066	18885	0.6401020375932205
25	0.05	spectral	12883823	umap	4	2.0	0.6765679937756206	386456	13882	40643	18380	387521	15672	37535	18633	0.6443077644621711
25	0.05	spectral	12883823	umap	5	2.0	0.6443077644621711	387521	15672	37535	18633	386456	13882	40643	18380	0.6765679937756206
