n_neighbors	min_dist	init	random_state	method	cv_iteration	distance_threshold	training_mcc	training_tn	training_fn	training_tp	training_fp	validation_tn	validation_fn	validation_tp	validation_fp	validation_mcc
25	0.25	spectral	12883823	umap	0	2.0	0.7210137438356684	376524	6149	49678	27010	375317	13958	38459	31627	0.5800419473899768
25	0.25	spectral	12883823	umap	1	2.0	0.5800419473899768	375317	13958	38459	31627	376524	6149	49678	27010	0.7210137438356684
25	0.25	spectral	12883823	umap	2	2.0	0.6629008849294405	385377	12657	40042	21285	383730	14317	40916	20398	0.6601749496618903
25	0.25	spectral	12883823	umap	3	2.0	0.6601749496618903	383730	14317	40916	20398	385377	12657	40042	21285	0.6629008849294405
25	0.25	spectral	12883823	umap	4	2.0	0.6765679937756206	386456	13882	40643	18380	377929	872	52335	28225	0.7692484828738939
25	0.25	spectral	12883823	umap	5	2.0	0.7692484828738939	377929	872	52335	28225	386456	13882	40643	18380	0.6765679937756206
