metric	random_state	square_distances	method	cv_iteration	distance_threshold	training_mcc	training_tn	training_fn	training_tp	training_fp	validation_tn	validation_fn	validation_tp	validation_fp	validation_mcc
precomputed	12883823	True	t-sne	0	14.0	0.3527809011514576	40934	0	10875	35762	39827	79	10031	37634	0.32489402426230574
precomputed	12883823	True	t-sne	1	14.0	0.32489402426230574	39827	79	10031	37634	40934	0	10875	35762	0.3527809011514576
precomputed	12883823	True	t-sne	2	14.0	0.3420780899013837	40374	1	10540	36656	48774	84	10335	28378	0.4068715925042612
precomputed	12883823	True	t-sne	3	14.0	0.4068715925042612	48774	84	10335	28378	40374	1	10540	36656	0.3420780899013837
precomputed	12883823	True	t-sne	4	14.0	0.32911624247320886	39040	90	10616	37825	41694	1	10242	35634	0.3469008432066819
precomputed	12883823	True	t-sne	5	14.0	0.3469008432066819	41694	1	10242	35634	39040	90	10616	37825	0.32911624247320886
