init	random_state	method	cv_iteration	distance_threshold	training_mcc	training_tn	training_fn	training_tp	training_fp	validation_tn	validation_fn	validation_tp	validation_fp	validation_mcc
spectral	12883823	umap	0	14.0	0.21083895545895748	24380	328	10547	52316	23790	78	10032	53671	0.21487770280187438
spectral	12883823	umap	1	14.0	0.21487770280187438	23790	78	10032	53671	24380	328	10547	52316	0.21083895545895748
spectral	12883823	umap	2	14.0	0.2814774198136326	34162	222	10319	42868	36666	84	10335	40486	0.30649398605305356
spectral	12883823	umap	3	14.0	0.30649398605305356	36666	84	10335	40486	34162	222	10319	42868	0.2814774198136326
spectral	12883823	umap	4	14.0	0.3183619762835803	37638	90	10616	39227	43644	216	10027	33684	0.34922290750034557
spectral	12883823	umap	5	14.0	0.34922290750034557	43644	216	10027	33684	37638	90	10616	39227	0.3183619762835803
