perplexity	learning_rate	metric	random_state	square_distances	method	cv_iteration	distance_threshold	training_mcc	training_tn	training_fn	training_tp	training_fp	validation_tn	validation_fn	validation_tp	validation_fp	validation_mcc
100.0	200.0	precomputed	12883823	True	t-sne	0	0.0	0.2239904355433074	383793	43318	12509	19741	383941	42860	9557	23003	0.15585818539461344
100.0	200.0	precomputed	12883823	True	t-sne	1	0.0	0.15585818539461344	383941	42860	9557	23003	383793	43318	12509	19741	0.2239904355433074
100.0	200.0	precomputed	12883823	True	t-sne	2	0.0	0.19367517212768648	389589	42981	9718	17073	380900	45104	10129	23228	0.15780412461097199
100.0	200.0	precomputed	12883823	True	t-sne	3	0.0	0.15780412461097199	380900	45104	10129	23228	389589	42981	9718	17073	0.19367517212768648
100.0	200.0	precomputed	12883823	True	t-sne	4	0.0	0.1431683237937262	379536	44704	9821	25300	385926	43715	9492	20228	0.16729099199822367
100.0	200.0	precomputed	12883823	True	t-sne	5	0.0	0.16729099199822367	385926	43715	9492	20228	379536	44704	9821	25300	0.1431683237937262
