n_neighbors	min_dist	init	random_state	method	cv_iteration	distance_threshold	training_mcc	training_tn	training_fn	training_tp	training_fp	validation_tn	validation_fn	validation_tp	validation_fp	validation_mcc
25	0.25	spectral	12883823	umap	0	4.0	0.49525114231720946	38997	1310	6768	9541	28012	1806	6129	20669	0.24183420094100247
25	0.25	spectral	12883823	umap	1	4.0	0.24183420094100247	28012	1806	6129	20669	38997	1310	6768	9541	0.49525114231720946
25	0.25	spectral	12883823	umap	2	4.0	0.5112769550445453	41613	1480	5935	7588	33358	1599	7121	14538	0.38108340343060143
25	0.25	spectral	12883823	umap	3	4.0	0.38108340343060143	33358	1599	7121	14538	41613	1480	5935	7588	0.5112769550445453
25	0.25	spectral	12883823	umap	4	4.0	0.3594410183036943	35528	1832	5984	13272	17262	986	7284	31084	0.1797208928290234
25	0.25	spectral	12883823	umap	5	4.0	0.1797208928290234	17262	986	7284	31084	35528	1832	5984	13272	0.3594410183036943
