perplexity	learning_rate	metric	random_state	square_distances	method	cv_iteration	distance_threshold	training_mcc	training_tn	training_fn	training_tp	training_fp	validation_tn	validation_fn	validation_tp	validation_fp	validation_mcc
15.0	200.0	precomputed	12883823	True	t-sne	0	4.0	0.7374629630530845	401955	22004	33823	1579	405149	27689	24728	1795	0.6370396349020493
15.0	200.0	precomputed	12883823	True	t-sne	1	4.0	0.6370396349020493	405149	27689	24728	1795	401955	22004	33823	1579	0.7374629630530845
15.0	200.0	precomputed	12883823	True	t-sne	2	4.0	0.6715846587986469	404983	25546	27153	1679	402516	25522	29711	1612	0.6889253594251248
15.0	200.0	precomputed	12883823	True	t-sne	3	4.0	0.6889253594251248	402516	25522	29711	1612	404983	25546	27153	1679	0.6715846587986469
15.0	200.0	precomputed	12883823	True	t-sne	4	4.0	0.6881921303713333	403032	25062	29463	1804	404764	32081	21126	1390	0.5834577068907915
15.0	200.0	precomputed	12883823	True	t-sne	5	4.0	0.5834577068907915	404764	32081	21126	1390	403032	25062	29463	1804	0.6881921303713333
