n_neighbors	min_dist	init	random_state	method	cv_iteration	distance_threshold	training_mcc	training_tn	training_fn	training_tp	training_fp	validation_tn	validation_fn	validation_tp	validation_fp	validation_mcc
50	0.25	spectral	12883823	umap	0	0.0	0.3222126217178328	29700	0	11753	37948	63837	2159	8476	5328	0.6469306812440028
50	0.25	spectral	12883823	umap	1	0.0	0.6469306812440028	63837	2159	8476	5328	29700	0	11753	37948	0.3222126217178328
50	0.25	spectral	12883823	umap	2	0.0	0.5789636954993541	66852	4537	5662	2350	31164	0	12261	36375	0.3410619777568225
50	0.25	spectral	12883823	umap	3	0.0	0.3410619777568225	31164	0	12261	36375	66852	4537	5662	2350	0.5789636954993541
50	0.25	spectral	12883823	umap	4	0.0	0.27833143853936093	26690	0	10536	42175	65555	4425	7426	2394	0.6401681184384732
50	0.25	spectral	12883823	umap	5	0.0	0.6401681184384732	65555	4425	7426	2394	26690	0	10536	42175	0.27833143853936093
