n_neighbors	min_dist	init	random_state	method	cv_iteration	distance_threshold	training_mcc	training_tn	training_fn	training_tp	training_fp	validation_tn	validation_fn	validation_tp	validation_fp	validation_mcc
50	0.05	spectral	12883823	umap	0	0.0	0.24754200322547562	66000	9751	2002	1648	65905	4197	6438	3260	0.5806516982696781
50	0.05	spectral	12883823	umap	1	0.0	0.5806516982696781	65905	4197	6438	3260	66000	9751	2002	1648	0.24754200322547562
50	0.05	spectral	12883823	umap	2	0.0	0.5044582208105752	66583	5315	4884	2619	61308	2309	9952	6231	0.6452196174080861
50	0.05	spectral	12883823	umap	3	0.0	0.6452196174080861	61308	2309	9952	6231	66583	5315	4884	2619	0.5044582208105752
50	0.05	spectral	12883823	umap	4	0.0	0.5916744448587312	67434	5179	5357	1431	65360	4644	7207	2589	0.6177071498312526
50	0.05	spectral	12883823	umap	5	0.0	0.6177071498312526	65360	4644	7207	2589	67434	5179	5357	1431	0.5916744448587312
