perplexity	learning_rate	metric	random_state	square_distances	method	cv_iteration	distance_threshold	training_mcc	training_tn	training_fn	training_tp	training_fp	validation_tn	validation_fn	validation_tp	validation_fp	validation_mcc
15.0	500.0	precomputed	12883823	True	t-sne	0	10.0	0.3222126217178328	29700	0	11753	37948	47248	72	10563	21917	0.4678999930443343
15.0	500.0	precomputed	12883823	True	t-sne	1	10.0	0.4678999930443343	47248	72	10563	21917	29700	0	11753	37948	0.3222126217178328
15.0	500.0	precomputed	12883823	True	t-sne	2	10.0	0.26237660084662323	25280	0	10199	43922	47455	38	12223	20084	0.5139070937403862
15.0	500.0	precomputed	12883823	True	t-sne	3	10.0	0.5139070937403862	47455	38	12223	20084	25280	0	10199	43922	0.26237660084662323
15.0	500.0	precomputed	12883823	True	t-sne	4	10.0	0.37254549861982955	38070	44	10492	30795	30000	0	11851	37949	0.32413947190453823
15.0	500.0	precomputed	12883823	True	t-sne	5	10.0	0.32413947190453823	30000	0	11851	37949	38070	44	10492	30795	0.37254549861982955
