n_components	dissimilarity	n_init	n_jobs	random_state	method	cv_iteration	distance_threshold	training_mcc	training_tn	training_fn	training_tp	training_fp	validation_tn	validation_fn	validation_tp	validation_fp	validation_mcc
6	precomputed	2	1	12883823	mds	0	0.0	0.40135050429907193	54212	3500	8253	13436	51082	3445	7190	18083	0.302921718605434
6	precomputed	2	1	12883823	mds	1	0.0	0.302921718605434	51082	3445	7190	18083	54212	3500	8253	13436	0.40135050429907193
6	precomputed	2	1	12883823	mds	2	0.0	0.3376751061858572	54805	3533	6666	14397	52679	3399	8862	14860	0.39666856897802505
6	precomputed	2	1	12883823	mds	3	0.0	0.39666856897802505	52679	3399	8862	14860	54805	3533	6666	14397	0.3376751061858572
6	precomputed	2	1	12883823	mds	4	0.0	0.40040193228684673	56764	3352	7184	12101	40792	6230	5621	27157	0.053949889459367094
6	precomputed	2	1	12883823	mds	5	0.0	0.053949889459367094	40792	6230	5621	27157	56764	3352	7184	12101	0.40040193228684673
