perplexity	learning_rate	metric	random_state	square_distances	method	cv_iteration	distance_threshold	training_mcc	training_tn	training_fn	training_tp	training_fp	validation_tn	validation_fn	validation_tp	validation_fp	validation_mcc
15.0	200.0	precomputed	12883823	True	t-sne	0	0.0	0.4265075919991126	45438	4355	3723	3100	48010	3206	4729	671	0.6880396819765352
15.0	200.0	precomputed	12883823	True	t-sne	1	0.0	0.6880396819765352	48010	3206	4729	671	45438	4355	3723	3100	0.4265075919991126
15.0	200.0	precomputed	12883823	True	t-sne	2	0.0	0.5254852318638289	45127	2599	4816	4074	45408	5672	3048	2488	0.36166842623218387
15.0	200.0	precomputed	12883823	True	t-sne	3	0.0	0.36166842623218387	45408	5672	3048	2488	45127	2599	4816	4074	0.5254852318638289
15.0	200.0	precomputed	12883823	True	t-sne	4	0.0	0.624530386561724	47603	3393	4423	1197	46238	5301	2969	2108	0.3898805219055311
15.0	200.0	precomputed	12883823	True	t-sne	5	0.0	0.3898805219055311	46238	5301	2969	2108	47603	3393	4423	1197	0.624530386561724
