perplexity	learning_rate	metric	random_state	square_distances	method	cv_iteration	distance_threshold	training_mcc	training_tn	training_fn	training_tp	training_fp	validation_tn	validation_fn	validation_tp	validation_fp	validation_mcc
30.0	100.0	precomputed	12883823	True	t-sne	0	8.0	0.2772323143324314	17886	0	8078	30652	23956	742	7193	24725	0.27901845123474023
30.0	100.0	precomputed	12883823	True	t-sne	1	8.0	0.27901845123474023	23956	742	7193	24725	17886	0	8078	30652	0.2772323143324314
30.0	100.0	precomputed	12883823	True	t-sne	2	8.0	0.25002107832040793	16618	2	7413	32583	17680	0	8720	30216	0.2875239880551231
30.0	100.0	precomputed	12883823	True	t-sne	3	8.0	0.2875239880551231	17680	0	8720	30216	16618	2	7413	32583	0.25002107832040793
30.0	100.0	precomputed	12883823	True	t-sne	4	8.0	0.28173778948756245	24494	750	7066	24306	17262	0	8270	31084	0.27391990754749906
30.0	100.0	precomputed	12883823	True	t-sne	5	8.0	0.27391990754749906	17262	0	8270	31084	24494	750	7066	24306	0.28173778948756245
