n_neighbors	min_dist	init	random_state	method	cv_iteration	distance_threshold	training_mcc	training_tn	training_fn	training_tp	training_fp	validation_tn	validation_fn	validation_tp	validation_fp	validation_mcc
50	0.05	spectral	12883823	umap	0	0.0	0.5513195208367291	6418	17	335	611	4364	0	447	2692	0.2967708144815585
50	0.05	spectral	12883823	umap	1	0.0	0.2967708144815585	4364	0	447	2692	6418	17	335	611	0.5513195208367291
50	0.05	spectral	12883823	umap	2	0.0	0.5197678865319306	6252	28	366	735	6278	17	390	818	0.5194896914019993
50	0.05	spectral	12883823	umap	3	0.0	0.5194896914019993	6278	17	390	818	6252	28	366	735	0.5197678865319306
50	0.05	spectral	12883823	umap	4	0.0	0.49025990103210787	6235	24	333	789	4194	0	429	2880	0.27724386704916315
50	0.05	spectral	12883823	umap	5	0.0	0.27724386704916315	4194	0	429	2880	6235	24	333	789	0.49025990103210787
