n_neighbors	min_dist	init	random_state	method	cv_iteration	distance_threshold	training_mcc	training_tn	training_fn	training_tp	training_fp	validation_tn	validation_fn	validation_tp	validation_fp	validation_mcc
50	0.1	spectral	12883823	umap	0	0.0	0.5686154566880265	6414	5	347	615	4364	0	447	2692	0.2967708144815585
50	0.1	spectral	12883823	umap	1	0.0	0.2967708144815585	4364	0	447	2692	6414	5	347	615	0.5686154566880265
50	0.1	spectral	12883823	umap	2	0.0	0.509257926426362	6318	49	345	669	6275	19	388	821	0.5160282446397833
50	0.1	spectral	12883823	umap	3	0.0	0.5160282446397833	6275	19	388	821	6318	49	345	669	0.509257926426362
50	0.1	spectral	12883823	umap	4	0.0	0.2547317414068835	4139	0	357	2885	4194	0	429	2880	0.27724386704916315
50	0.1	spectral	12883823	umap	5	0.0	0.27724386704916315	4194	0	429	2880	4139	0	357	2885	0.2547317414068835
