perplexity	learning_rate	metric	random_state	square_distances	method	cv_iteration	distance_threshold	training_mcc	training_tn	training_fn	training_tp	training_fp	validation_tn	validation_fn	validation_tp	validation_fp	validation_mcc
15.0	100.0	precomputed	12883823	True	t-sne	0	10.0	0.823733041300931	394219	8137	47690	9315	386737	13668	38749	20207	0.6555113931983099
15.0	100.0	precomputed	12883823	True	t-sne	1	10.0	0.6555113931983099	386737	13668	38749	20207	394219	8137	47690	9315	0.823733041300931
15.0	100.0	precomputed	12883823	True	t-sne	2	10.0	0.787799399177571	395667	9125	43574	10995	383676	12449	42784	20452	0.683439418606885
15.0	100.0	precomputed	12883823	True	t-sne	3	10.0	0.683439418606885	383676	12449	42784	20452	395667	9125	43574	10995	0.787799399177571
15.0	100.0	precomputed	12883823	True	t-sne	4	10.0	0.5482424254603339	358498	11735	42790	46338	399020	9432	43775	7134	0.8208182820269329
15.0	100.0	precomputed	12883823	True	t-sne	5	10.0	0.8208182820269329	399020	9432	43775	7134	358498	11735	42790	46338	0.5482424254603339
