n_neighbors	min_dist	init	random_state	method	cv_iteration	distance_threshold	training_mcc	training_tn	training_fn	training_tp	training_fp	validation_tn	validation_fn	validation_tp	validation_fp	validation_mcc
50	0.1	spectral	12883823	umap	0	0.0	0.19973272520975646	53995	6569	5184	13653	64976	3085	7550	4189	0.6230591126452264
50	0.1	spectral	12883823	umap	1	0.0	0.6230591126452264	64976	3085	7550	4189	53995	6569	5184	13653	0.19973272520975646
50	0.1	spectral	12883823	umap	2	0.0	0.5498717759038905	66939	4964	5235	2263	61424	1983	10278	6115	0.6673992755841172
50	0.1	spectral	12883823	umap	3	0.0	0.6673992755841172	61424	1983	10278	6115	66939	4964	5235	2263	0.5498717759038905
50	0.1	spectral	12883823	umap	4	0.0	0.571500645282962	67000	5132	5404	1865	65713	5038	6813	2236	0.6078363105233707
50	0.1	spectral	12883823	umap	5	0.0	0.6078363105233707	65713	5038	6813	2236	67000	5132	5404	1865	0.571500645282962
