n_neighbors	min_dist	init	random_state	method	cv_iteration	distance_threshold	training_mcc	training_tn	training_fn	training_tp	training_fp	validation_tn	validation_fn	validation_tp	validation_fp	validation_mcc
100	0.05	spectral	12883823	umap	0	2.0	0.32138468945228077	29031	1128	6950	19507	29661	441	7494	19020	0.3852170029156304
100	0.05	spectral	12883823	umap	1	2.0	0.3852170029156304	29661	441	7494	19020	29031	1128	6950	19507	0.32138468945228077
100	0.05	spectral	12883823	umap	2	2.0	0.37884434565971653	28069	67	7348	21132	31204	1519	7201	16692	0.3488472233974032
100	0.05	spectral	12883823	umap	3	2.0	0.3488472233974032	31204	1519	7201	16692	28069	67	7348	21132	0.37884434565971653
100	0.05	spectral	12883823	umap	4	2.0	0.45635172921533845	37178	1117	6699	11622	28763	1198	7072	19583	0.31846004458293253
100	0.05	spectral	12883823	umap	5	2.0	0.31846004458293253	28763	1198	7072	19583	37178	1117	6699	11622	0.45635172921533845
