n_neighbors	min_dist	init	random_state	method	cv_iteration	distance_threshold	training_mcc	training_tn	training_fn	training_tp	training_fp	validation_tn	validation_fn	validation_tp	validation_fp	validation_mcc
100	0.1	spectral	12883823	umap	0	2.0	0.31395284417695357	28813	1176	6902	19725	29661	441	7494	19020	0.3852170029156304
100	0.1	spectral	12883823	umap	1	2.0	0.3852170029156304	29661	441	7494	19020	28813	1176	6902	19725	0.31395284417695357
100	0.1	spectral	12883823	umap	2	2.0	0.40717007006025785	30042	62	7353	19159	27708	1404	7316	20188	0.30152575412285715
100	0.1	spectral	12883823	umap	3	2.0	0.30152575412285715	27708	1404	7316	20188	30042	62	7353	19159	0.40717007006025785
100	0.1	spectral	12883823	umap	4	2.0	0.38366863225071124	37244	1953	5863	11556	28763	212	8058	19583	0.40224443835774204
100	0.1	spectral	12883823	umap	5	2.0	0.40224443835774204	28763	212	8058	19583	37244	1953	5863	11556	0.38366863225071124
