n_components	dissimilarity	n_init	n_jobs	random_state	method	cv_iteration	distance_threshold	training_mcc	training_tn	training_fn	training_tp	training_fp	validation_tn	validation_fn	validation_tp	validation_fp	validation_mcc
6	precomputed	2	1	12883823	mds	0	10.0	0.161376915504231	89376	1386	54441	314158	66584	1078	51339	340360	0.12833759794886584
6	precomputed	2	1	12883823	mds	1	10.0	0.12833759794886584	66584	1078	51339	340360	89376	1386	54441	314158	0.161376915504231
6	precomputed	2	1	12883823	mds	2	10.0	0.13127353882347986	68989	1133	51566	337673	62490	965	54268	341638	0.12928564042436583
6	precomputed	2	1	12883823	mds	3	10.0	0.12928564042436583	62490	965	54268	341638	68989	1133	51566	337673	0.13127353882347986
6	precomputed	2	1	12883823	mds	4	10.0	0.1550008653857028	90094	1686	52839	314742	70675	1084	52123	335479	0.13542368813865324
6	precomputed	2	1	12883823	mds	5	10.0	0.13542368813865324	70675	1084	52123	335479	90094	1686	52839	314742	0.1550008653857028
