n_components	dissimilarity	n_init	n_jobs	random_state	method	cv_iteration	distance_threshold	training_mcc	training_tn	training_fn	training_tp	training_fp	validation_tn	validation_fn	validation_tp	validation_fp	validation_mcc
4	precomputed	2	1	12883823	mds	0	14.0	0.06272143348408633	11114	1180	10573	56534	28542	7	10628	40623	0.292125911494436
4	precomputed	2	1	12883823	mds	1	14.0	0.292125911494436	28542	7	10628	40623	11114	1180	10573	56534	0.06272143348408633
4	precomputed	2	1	12883823	mds	2	14.0	0.2645668026378225	25596	3	10196	43606	42554	1938	10323	24985	0.3426951065267755
4	precomputed	2	1	12883823	mds	3	14.0	0.3426951065267755	42554	1938	10323	24985	25596	3	10196	43606	0.2645668026378225
4	precomputed	2	1	12883823	mds	4	14.0	0.2715723385570337	33153	898	9638	35712	10691	1260	10591	57258	0.05084197921783326
4	precomputed	2	1	12883823	mds	5	14.0	0.05084197921783326	10691	1260	10591	57258	33153	898	9638	35712	0.2715723385570337
