perplexity	learning_rate	metric	random_state	square_distances	method	cv_iteration	distance_threshold	training_mcc	training_tn	training_fn	training_tp	training_fp	validation_tn	validation_fn	validation_tp	validation_fp	validation_mcc
15.0	500.0	precomputed	12883823	True	t-sne	0	14.0	0.45737968975539994	33803	462	7616	14735	23956	742	7193	24725	0.27901845123474023
15.0	500.0	precomputed	12883823	True	t-sne	1	14.0	0.27901845123474023	23956	742	7193	24725	33803	462	7616	14735	0.45737968975539994
15.0	500.0	precomputed	12883823	True	t-sne	2	14.0	0.48070269850221337	37266	647	6768	11935	26841	840	7880	21055	0.33511206579864944
15.0	500.0	precomputed	12883823	True	t-sne	3	14.0	0.33511206579864944	26841	840	7880	21055	37266	647	6768	11935	0.48070269850221337
15.0	500.0	precomputed	12883823	True	t-sne	4	14.0	0.28173778948756245	24494	750	7066	24306	17262	0	8270	31084	0.27391990754749906
15.0	500.0	precomputed	12883823	True	t-sne	5	14.0	0.27391990754749906	17262	0	8270	31084	24494	750	7066	24306	0.28173778948756245
