init	random_state	method	cv_iteration	distance_threshold	training_mcc	training_tn	training_fn	training_tp	training_fp	validation_tn	validation_fn	validation_tp	validation_fp	validation_mcc
spectral	12883823	umap	0	8.0	0.48400257876247305	215746	498	39689	80677	75924	2156	38484	220867	0.15648826334874097
spectral	12883823	umap	1	8.0	0.15648826334874097	75924	2156	38484	220867	193225	501	39686	103198	0.4194479579774133
spectral	12883823	umap	2	8.0	0.46152395736845364	207360	0	39453	89797	237279	2	41567	58583	0.5769211811070839
spectral	12883823	umap	3	8.0	0.5769211811070839	237279	2	41567	58583	207360	0	39453	89797	0.46152395736845364
spectral	12883823	umap	4	8.0	0.36150849600086654	167804	2	39116	129688	214659	0	41632	81140	0.4960668114992661
spectral	12883823	umap	5	8.0	0.15546704774742484	68327	1638	39994	227472	167804	2	39116	129688	0.36150849600086654
