perplexity	learning_rate	metric	random_state	square_distances	method	cv_iteration	distance_threshold	training_mcc	training_tn	training_fn	training_tp	training_fp	validation_tn	validation_fn	validation_tp	validation_fp	validation_mcc
30.0	200.0	precomputed	12883823	True	t-sne	0	4.0	0.4246069726795301	29440	0	8078	19098	26398	863	7072	22283	0.3011873142098428
30.0	200.0	precomputed	12883823	True	t-sne	1	4.0	0.3011873142098428	26398	863	7072	22283	29440	0	8078	19098	0.4246069726795301
30.0	200.0	precomputed	12883823	True	t-sne	2	4.0	0.404802293890474	32966	597	6818	16235	26841	840	7880	21055	0.33511206579864944
30.0	200.0	precomputed	12883823	True	t-sne	3	4.0	0.33511206579864944	26841	840	7880	21055	32966	597	6818	16235	0.404802293890474
30.0	200.0	precomputed	12883823	True	t-sne	4	4.0	0.28173778948756245	24494	750	7066	24306	29127	180	8090	19219	0.4104398072779853
30.0	200.0	precomputed	12883823	True	t-sne	5	4.0	0.4104398072779853	29127	180	8090	19219	24494	750	7066	24306	0.28173778948756245
