perplexity	learning_rate	metric	random_state	square_distances	method	cv_iteration	distance_threshold	training_mcc	training_tn	training_fn	training_tp	training_fp	validation_tn	validation_fn	validation_tp	validation_fp	validation_mcc
100.0	500.0	precomputed	12883823	True	t-sne	0	4.0	0.056624821300048644	3807	144	208	3222	1937	127	320	5119	-0.005087542349461126
100.0	500.0	precomputed	12883823	True	t-sne	1	4.0	-0.005087542349461126	1937	127	320	5119	3807	144	208	3222	0.056624821300048644
100.0	500.0	precomputed	12883823	True	t-sne	2	4.0	0.0799591902391213	3914	151	243	3073	4177	193	214	2919	0.0525606822959624
100.0	500.0	precomputed	12883823	True	t-sne	3	4.0	0.0525606822959624	4177	193	214	2919	3914	151	243	3073	0.0799591902391213
100.0	500.0	precomputed	12883823	True	t-sne	4	4.0	0.12320182891198313	4490	129	228	2534	2568	165	264	4506	-0.01041964697092625
100.0	500.0	precomputed	12883823	True	t-sne	5	4.0	-0.01041964697092625	2568	165	264	4506	4490	129	228	2534	0.12320182891198313
