metric	random_state	square_distances	method	cv_iteration	distance_threshold	training_mcc	training_tn	training_fn	training_tp	training_fp	validation_tn	validation_fn	validation_tp	validation_fp	validation_mcc
precomputed	12883823	True	t-sne	0	12.0	0.527505225517038	245546	4740	35447	50877	256935	2884	37756	39856	0.6146536711841217
precomputed	12883823	True	t-sne	1	12.0	0.6146536711841217	256935	2884	37756	39856	245546	4740	35447	50877	0.527505225517038
precomputed	12883823	True	t-sne	2	12.0	0.6279705584367772	265493	4575	34878	31664	238105	2557	39012	57757	0.5401385234506573
precomputed	12883823	True	t-sne	3	12.0	0.5401385234506573	238105	2557	39012	57757	265493	4575	34878	31664	0.6279705584367772
precomputed	12883823	True	t-sne	4	12.0	0.5847126079274741	250444	2029	37089	47048	220081	2760	38872	75718	0.4706475962045217
precomputed	12883823	True	t-sne	5	12.0	0.4706475962045217	220081	2760	38872	75718	250444	2029	37089	47048	0.5847126079274741
