dissimilarity	n_components	n_init	n_jobs	random_state	method	cv_iteration	distance_threshold	training_mcc	training_tn	training_fn	training_tp	training_fp	validation_tn	validation_fn	validation_tp	validation_fp	validation_mcc
precomputed	2	2	1	12883823	mds	0	12.0	0.16750149047895055	75508	1516	38671	220915	75202	1867	38773	221589	0.16083252199855308
precomputed	2	2	1	12883823	mds	1	12.0	0.16083252199855308	75202	1867	38773	221589	75508	1516	38671	220915	0.16750149047895055
precomputed	2	2	1	12883823	mds	2	12.0	0.24793993523017627	128626	2253	37200	168531	68412	1735	39834	227450	0.15347169621925924
precomputed	2	2	1	12883823	mds	3	12.0	0.15347169621925924	68412	1735	39834	227450	128626	2253	37200	168531	0.24793993523017627
precomputed	2	2	1	12883823	mds	4	12.0	0.4206755103812208	204680	1913	37205	92812	73002	1779	39853	222797	0.16158272455276132
precomputed	2	2	1	12883823	mds	5	12.0	0.16158272455276132	73002	1779	39853	222797	204680	1913	37205	92812	0.4206755103812208
