init	random_state	method	cv_iteration	distance_threshold	training_mcc	training_tn	training_fn	training_tp	training_fp	validation_tn	validation_fn	validation_tp	validation_fp	validation_mcc
spectral	12883823	umap	0	12.0	0.3601379883721794	164601	3	40184	131822	67162	1270	39370	229629	0.15788093500689435
spectral	12883823	umap	1	12.0	0.15788093500689435	67162	1270	39370	229629	164601	3	40184	131822	0.3601379883721794
spectral	12883823	umap	2	12.0	0.26062072941104053	124018	1020	38433	173139	106421	0	41569	189441	0.254412515392293
spectral	12883823	umap	3	12.0	0.254412515392293	106421	0	41569	189441	124018	1020	38433	173139	0.26062072941104053
spectral	12883823	umap	4	12.0	0.17435897831143393	63210	0	39118	234282	116480	0	41632	179319	0.2723911429362757
spectral	12883823	umap	5	12.0	0.2723911429362757	116480	0	41632	179319	63210	0	39118	234282	0.17435897831143393
