n_components	svd_solver	random_state	method	cv_iteration	distance_threshold	training_mcc	training_tn	training_fn	training_tp	training_fp	validation_tn	validation_fn	validation_tp	validation_fp	validation_mcc
10	full	12883823	pca	0	12.0	0.003231979197891139	7210	916	39271	289213	13623	1634	39006	283168	0.008919948179865526
10	full	12883823	pca	1	12.0	0.008919948179865526	13623	1634	39006	283168	7210	916	39271	289213	0.003231979197891139
10	full	12883823	pca	2	12.0	0.002776380527187886	15620	1998	37455	281537	58173	1187	40382	237689	0.14507326984836802
10	full	12883823	pca	3	12.0	0.14507326984836802	58173	1187	40382	237689	15620	1998	37455	281537	0.002776380527187886
10	full	12883823	pca	4	12.0	0.002997870280159457	99531	12915	26203	197961	13737	1538	40094	282062	0.015024546087057604
10	full	12883823	pca	5	12.0	0.015024546087057604	13737	1538	40094	282062	99531	12915	26203	197961	0.002997870280159457
