n_neighbors	min_dist	init	random_state	method	cv_iteration	distance_threshold	training_mcc	training_tn	training_fn	training_tp	training_fp	validation_tn	validation_fn	validation_tp	validation_fp	validation_mcc
25	0.1	spectral	12883823	umap	0	10.0	0.14938763891090592	63860	4	55823	339674	329092	10230	42187	77852	0.44398549460298187
25	0.1	spectral	12883823	umap	1	10.0	0.44398549460298187	329092	10230	42187	77852	63860	4	55823	339674	0.14938763891090592
25	0.1	spectral	12883823	umap	2	10.0	0.2127459855969428	157548	3627	49072	249114	225777	5507	49726	178351	0.2985599173275946
25	0.1	spectral	12883823	umap	3	10.0	0.2985599173275946	225777	5507	49726	178351	157548	3627	49072	249114	0.2127459855969428
25	0.1	spectral	12883823	umap	4	10.0	0.47589435068913405	288546	93	54432	116290	278954	8988	44219	127200	0.34267935511289205
25	0.1	spectral	12883823	umap	5	10.0	0.34267935511289205	278954	8988	44219	127200	288546	93	54432	116290	0.47589435068913405
