n_neighbors	min_dist	init	random_state	method	cv_iteration	distance_threshold	training_mcc	training_tn	training_fn	training_tp	training_fp	validation_tn	validation_fn	validation_tp	validation_fp	validation_mcc
25	0.25	spectral	12883823	umap	0	10.0	0.14938763891090592	63860	4	55823	339674	197540	0	52417	209404	0.3117410844696288
25	0.25	spectral	12883823	umap	1	10.0	0.3117410844696288	197540	0	52417	209404	63860	4	55823	339674	0.14938763891090592
25	0.25	spectral	12883823	umap	2	10.0	0.2964095968121652	189320	400	52299	217342	63048	0	55233	341080	0.14745392713845312
25	0.25	spectral	12883823	umap	3	10.0	0.14745392713845312	63048	0	55233	341080	189320	400	52299	217342	0.2964095968121652
25	0.25	spectral	12883823	umap	4	10.0	0.0882904655981826	25162	2	54523	379674	128938	176	53031	277216	0.22364793716901887
25	0.25	spectral	12883823	umap	5	10.0	0.22364793716901887	128938	176	53031	277216	25162	2	54523	379674	0.0882904655981826
