n_components	dissimilarity	n_init	n_jobs	random_state	method	cv_iteration	distance_threshold	training_mcc	training_tn	training_fn	training_tp	training_fp	validation_tn	validation_fn	validation_tp	validation_fp	validation_mcc
2	precomputed	2	1	12883823	mds	0	2.0	0.49237463492697436	61333	4527	7226	6315	56013	3833	6802	13152	0.3527310274170777
2	precomputed	2	1	12883823	mds	1	2.0	0.3527310274170777	56013	3833	6802	13152	61333	4527	7226	6315	0.49237463492697436
2	precomputed	2	1	12883823	mds	2	2.0	0.3199707669947036	56552	4200	5999	12650	58665	6179	6082	8874	0.3369598508890824
2	precomputed	2	1	12883823	mds	3	2.0	0.3369598508890824	58665	6179	6082	8874	56552	4200	5999	12650	0.3199707669947036
2	precomputed	2	1	12883823	mds	4	2.0	0.3824208788717536	58095	3983	6553	10770	59432	4275	7576	8517	0.45546848733884454
2	precomputed	2	1	12883823	mds	5	2.0	0.45546848733884454	59432	4275	7576	8517	58095	3983	6553	10770	0.3824208788717536
