n_components	dissimilarity	n_init	n_jobs	random_state	method	cv_iteration	distance_threshold	training_mcc	training_tn	training_fn	training_tp	training_fp	validation_tn	validation_fn	validation_tp	validation_fp	validation_mcc
6	precomputed	2	1	12883823	mds	0	14.0	0.041835204358104554	7211	835	10918	60437	41478	2074	8561	27687	0.2762342467716754
6	precomputed	2	1	12883823	mds	1	14.0	0.2762342467716754	41478	2074	8561	27687	7211	835	10918	60437	0.041835204358104554
6	precomputed	2	1	12883823	mds	2	14.0	0.24663674492018448	41518	2381	7818	27684	24286	2691	9570	43253	0.10680613798917367
6	precomputed	2	1	12883823	mds	3	14.0	0.10680613798917367	24286	2691	9570	43253	41518	2381	7818	27684	0.24663674492018448
6	precomputed	2	1	12883823	mds	4	14.0	0.30416064928924463	36903	928	9608	31962	12681	1622	10229	55268	0.0461336629940889
6	precomputed	2	1	12883823	mds	5	14.0	0.0461336629940889	12681	1622	10229	55268	36903	928	9608	31962	0.30416064928924463
