n_components	svd_solver	random_state	method	cv_iteration	distance_threshold	training_mcc	training_tn	training_fn	training_tp	training_fp	validation_tn	validation_fn	validation_tp	validation_fp	validation_mcc
10	full	12883823	pca	0	0.0	0.09790548534830318	5670	219	133	1359	5675	242	205	1381	0.15240868928071763
10	full	12883823	pca	1	0.0	0.15240868928071763	5675	242	205	1381	5670	219	133	1359	0.09790548534830318
10	full	12883823	pca	2	0.0	0.15562743013927427	5841	225	169	1146	5599	228	179	1497	0.12444444445584993
10	full	12883823	pca	3	0.0	0.12444444445584993	5599	228	179	1497	5841	225	169	1146	0.15562743013927427
10	full	12883823	pca	4	0.0	0.037252791711464395	4614	205	152	2410	6002	251	178	1072	0.16411214606581212
10	full	12883823	pca	5	0.0	0.16411214606581212	6002	251	178	1072	4614	205	152	2410	0.037252791711464395
