n_neighbors	min_dist	init	random_state	method	cv_iteration	distance_threshold	training_mcc	training_tn	training_fn	training_tp	training_fp	validation_tn	validation_fn	validation_tp	validation_fp	validation_mcc
50	0.1	spectral	12883823	umap	0	2.0	0.709658487363409	374092	5918	49909	29442	356550	182	52235	50394	0.6661294392339383
50	0.1	spectral	12883823	umap	1	2.0	0.6661294392339383	356550	182	52235	50394	374092	5918	49909	29442	0.709658487363409
50	0.1	spectral	12883823	umap	2	2.0	0.6441410540852528	375255	9300	43399	31407	374671	6794	48439	29457	0.6969246757310557
50	0.1	spectral	12883823	umap	3	2.0	0.6969246757310557	374671	6794	48439	29457	375255	9300	43399	31407	0.6441410540852528
50	0.1	spectral	12883823	umap	4	2.0	0.6541257992039721	373364	9122	45403	31472	365532	872	52335	40622	0.7038203434449908
50	0.1	spectral	12883823	umap	5	2.0	0.7038203434449908	365532	872	52335	40622	373364	9122	45403	31472	0.6541257992039721
