n_neighbors	min_dist	init	random_state	method	cv_iteration	distance_threshold	training_mcc	training_tn	training_fn	training_tp	training_fp	validation_tn	validation_fn	validation_tp	validation_fp	validation_mcc
50	0.25	spectral	12883823	umap	0	4.0	0.17941645866754508	17913	1026	7052	30625	16620	0	7935	32061	0.2602561194656133
50	0.25	spectral	12883823	umap	1	4.0	0.2602561194656133	16620	0	7935	32061	17913	1026	7052	30625	0.17941645866754508
50	0.25	spectral	12883823	umap	2	4.0	0.2525548319229307	16836	0	7415	32365	17680	1036	7684	30216	0.1920822896257144
50	0.25	spectral	12883823	umap	3	4.0	0.1920822896257144	17680	1036	7684	30216	16836	0	7415	32365	0.2525548319229307
50	0.25	spectral	12883823	umap	4	4.0	0.21046156439530866	24740	1584	6232	24060	17262	0	8270	31084	0.27391990754749906
50	0.25	spectral	12883823	umap	5	4.0	0.27391990754749906	17262	0	8270	31084	24740	1584	6232	24060	0.21046156439530866
