n_neighbors	min_dist	init	random_state	method	cv_iteration	distance_threshold	training_mcc	training_tn	training_fn	training_tp	training_fp	validation_tn	validation_fn	validation_tp	validation_fp	validation_mcc
50	0.05	spectral	12883823	umap	0	4.0	0.31395284417695357	28813	1176	6902	19725	29868	384	7551	18813	0.39331081013870206
50	0.05	spectral	12883823	umap	1	4.0	0.39331081013870206	29868	384	7551	18813	28813	1176	6902	19725	0.31395284417695357
50	0.05	spectral	12883823	umap	2	4.0	0.5470274810449683	38175	129	7286	11026	31204	1519	7201	16692	0.3488472233974032
50	0.05	spectral	12883823	umap	3	4.0	0.3488472233974032	31204	1519	7201	16692	38175	129	7286	11026	0.5470274810449683
50	0.05	spectral	12883823	umap	4	4.0	0.3565690224376299	32314	1205	6611	16486	17262	0	8270	31084	0.27391990754749906
50	0.05	spectral	12883823	umap	5	4.0	0.27391990754749906	17262	0	8270	31084	32314	1205	6611	16486	0.3565690224376299
