n_neighbors	min_dist	init	random_state	method	cv_iteration	distance_threshold	training_mcc	training_tn	training_fn	training_tp	training_fp	validation_tn	validation_fn	validation_tp	validation_fp	validation_mcc
100	0.25	spectral	12883823	umap	0	14.0	0.21228277711190716	3496	0	352	3533	3740	0	447	3316	0.2509245577835475
100	0.25	spectral	12883823	umap	1	14.0	0.2509245577835475	3740	0	447	3316	3496	0	352	3533	0.21228277711190716
100	0.25	spectral	12883823	umap	2	14.0	0.22101282109792014	3520	5	389	3467	3740	0	407	3356	0.2387586381922555
100	0.25	spectral	12883823	umap	3	14.0	0.2387586381922555	3740	0	407	3356	3520	5	389	3467	0.22101282109792014
100	0.25	spectral	12883823	umap	4	14.0	0.2212392596832722	3621	0	357	3403	3650	0	429	3424	0.2396862088014138
100	0.25	spectral	12883823	umap	5	14.0	0.2396862088014138	3650	0	429	3424	3621	0	357	3403	0.2212392596832722
