perplexity	learning_rate	metric	random_state	square_distances	method	cv_iteration	distance_threshold	training_mcc	training_tn	training_fn	training_tp	training_fp	validation_tn	validation_fn	validation_tp	validation_fp	validation_mcc
100.0	100.0	precomputed	12883823	True	t-sne	0	12.0	0.2953818271873788	181332	408	55419	222202	146110	0	52417	260834	0.2451108257944313
100.0	100.0	precomputed	12883823	True	t-sne	1	12.0	0.2451108257944313	146110	0	52417	260834	181332	408	55419	222202	0.2953818271873788
100.0	100.0	precomputed	12883823	True	t-sne	2	12.0	0.6004323035247368	339336	400	52299	67326	132264	0	55233	271864	0.23508363178000127
100.0	100.0	precomputed	12883823	True	t-sne	3	12.0	0.23508363178000127	132264	0	55233	271864	339336	400	52299	67326	0.6004323035247368
100.0	100.0	precomputed	12883823	True	t-sne	4	12.0	0.42860864913772234	267380	384	54141	137456	261253	105	53102	144901	0.41439267862576984
100.0	100.0	precomputed	12883823	True	t-sne	5	12.0	0.41439267862576984	261253	105	53102	144901	267380	384	54141	137456	0.42860864913772234
