n_neighbors	min_dist	init	random_state	method	cv_iteration	distance_threshold	training_mcc	training_tn	training_fn	training_tp	training_fp	validation_tn	validation_fn	validation_tp	validation_fp	validation_mcc
25	0.1	spectral	12883823	umap	0	0.0	0.3651291613802169	65082	8048	3705	2566	63420	1965	8670	5745	0.646811547840928
25	0.1	spectral	12883823	umap	1	0.0	0.646811547840928	63420	1965	8670	5745	65082	8048	3705	2566	0.3651291613802169
25	0.1	spectral	12883823	umap	2	0.0	0.5550424180815334	67247	5096	5103	1955	65674	9953	2308	1865	0.26019084234276424
25	0.1	spectral	12883823	umap	3	0.0	0.26019084234276424	65674	9953	2308	1865	67247	5096	5103	1955	0.5550424180815334
25	0.1	spectral	12883823	umap	4	0.0	0.5615478140144483	67379	5530	5006	1486	59465	2525	9326	8484	0.5654397967717688
25	0.1	spectral	12883823	umap	5	0.0	0.5654397967717688	59465	2525	9326	8484	67379	5530	5006	1486	0.5615478140144483
