dissimilarity	n_components	n_init	n_jobs	random_state	method	cv_iteration	distance_threshold	training_mcc	training_tn	training_fn	training_tp	training_fp	validation_tn	validation_fn	validation_tp	validation_fp	validation_mcc
precomputed	2	2	1	12883823	mds	0	8.0	0.19860230723978747	19174	10	10865	57522	53048	1	10109	24413	0.4477687056211364
precomputed	2	2	1	12883823	mds	1	8.0	0.4477687056211364	53048	1	10109	24413	19174	10	10865	57522	0.19860230723978747
precomputed	2	2	1	12883823	mds	2	8.0	0.4561310948892111	53204	68	10473	23826	18130	0	10419	59022	0.18777178877903525
precomputed	2	2	1	12883823	mds	3	8.0	0.18777178877903525	18130	0	10419	59022	53204	68	10473	23826	0.4561310948892111
precomputed	2	2	1	12883823	mds	4	8.0	0.1459834765338371	18130	570	10136	58735	53398	112	10131	23930	0.44801461350636573
precomputed	2	2	1	12883823	mds	5	8.0	0.44801461350636573	53398	112	10131	23930	18130	570	10136	58735	0.1459834765338371
