init	random_state	method	cv_iteration	distance_threshold	training_mcc	training_tn	training_fn	training_tp	training_fp	validation_tn	validation_fn	validation_tp	validation_fp	validation_mcc
spectral	12883823	umap	0	8.0	0.5553480839793986	63129	824	10051	13567	58138	840	9270	19323	0.4548488353103479
spectral	12883823	umap	1	8.0	0.4548488353103479	58138	840	9270	19323	63129	824	10051	13567	0.5553480839793986
spectral	12883823	umap	2	8.0	0.3826978259904643	46803	223	10318	30227	64594	497	9922	12558	0.5851889579664057
spectral	12883823	umap	3	8.0	0.5851889579664057	64594	497	9922	12558	46803	223	10318	30227	0.3826978259904643
spectral	12883823	umap	4	8.0	0.5585836009100752	62179	418	10288	14686	63975	216	10027	13353	0.5857103610832695
spectral	12883823	umap	5	8.0	0.5857103610832695	63975	216	10027	13353	62179	418	10288	14686	0.5585836009100752
