metric	random_state	square_distances	method	cv_iteration	distance_threshold	training_mcc	training_tn	training_fn	training_tp	training_fp	validation_tn	validation_fn	validation_tp	validation_fp	validation_mcc
precomputed	12883823	True	t-sne	0	8.0	0.5819124695858165	63065	368	10507	13631	58124	294	9816	19337	0.4891125509440389
precomputed	12883823	True	t-sne	1	8.0	0.4891125509440389	58124	294	9816	19337	63065	368	10507	13631	0.5819124695858165
precomputed	12883823	True	t-sne	2	8.0	0.49129658775270296	56828	191	10350	20202	63358	452	9967	13794	0.5663610039418849
precomputed	12883823	True	t-sne	3	8.0	0.5663610039418849	63358	452	9967	13794	56828	191	10350	20202	0.49129658775270296
precomputed	12883823	True	t-sne	4	8.0	0.4858204110330884	57116	418	10288	19749	63975	216	10027	13353	0.5857103610832695
precomputed	12883823	True	t-sne	5	8.0	0.5857103610832695	63975	216	10027	13353	57116	418	10288	19749	0.4858204110330884
