perplexity	learning_rate	metric	random_state	square_distances	method	cv_iteration	distance_threshold	training_mcc	training_tn	training_fn	training_tp	training_fp	validation_tn	validation_fn	validation_tp	validation_fp	validation_mcc
30.0	100.0	precomputed	12883823	True	t-sne	0	2.0	0.6313331046328985	63112	3216	8537	4536	64891	3026	7609	4274	0.6240516621583257
30.0	100.0	precomputed	12883823	True	t-sne	1	2.0	0.6240516621583257	64891	3026	7609	4274	63112	3216	8537	4536	0.6313331046328985
30.0	100.0	precomputed	12883823	True	t-sne	2	2.0	0.683621783155594	65253	2155	8044	3949	55342	3542	8719	12197	0.4350185860269915
30.0	100.0	precomputed	12883823	True	t-sne	3	2.0	0.4350185860269915	55342	3542	8719	12197	65253	2155	8044	3949	0.683621783155594
30.0	100.0	precomputed	12883823	True	t-sne	4	2.0	0.721018481370084	65106	1809	8727	3759	56884	3366	8485	11065	0.45734593608477186
30.0	100.0	precomputed	12883823	True	t-sne	5	2.0	0.45734593608477186	56884	3366	8485	11065	65106	1809	8727	3759	0.721018481370084
