perplexity	learning_rate	metric	random_state	square_distances	method	cv_iteration	distance_threshold	training_mcc	training_tn	training_fn	training_tp	training_fp	validation_tn	validation_fn	validation_tp	validation_fp	validation_mcc
30.0	100.0	precomputed	12883823	True	t-sne	0	4.0	0.8505455994163162	394134	5731	50096	9400	378333	7118	45299	28611	0.6869602219037046
30.0	100.0	precomputed	12883823	True	t-sne	1	4.0	0.6869602219037046	378333	7118	45299	28611	394134	5731	50096	9400	0.8505455994163162
30.0	100.0	precomputed	12883823	True	t-sne	2	4.0	0.816785496832754	395550	6690	46009	11112	391585	7012	48221	12543	0.8083244189079759
30.0	100.0	precomputed	12883823	True	t-sne	3	4.0	0.8083244189079759	391585	7012	48221	12543	395550	6690	46009	11112	0.816785496832754
30.0	100.0	precomputed	12883823	True	t-sne	4	4.0	0.6960568092268362	375207	6571	47954	29629	394646	7942	45265	11508	0.799671170261852
30.0	100.0	precomputed	12883823	True	t-sne	5	4.0	0.799671170261852	394646	7942	45265	11508	375207	6571	47954	29629	0.6960568092268362
