perplexity	learning_rate	metric	random_state	square_distances	method	cv_iteration	distance_threshold	training_mcc	training_tn	training_fn	training_tp	training_fp	validation_tn	validation_fn	validation_tp	validation_fp	validation_mcc
100.0	100.0	precomputed	12883823	True	t-sne	0	0.0	0.16899549869442895	382199	45568	10259	21335	392169	42620	9797	14775	0.21279553914609875
100.0	100.0	precomputed	12883823	True	t-sne	1	0.0	0.21279553914609875	392169	42620	9797	14775	382199	45568	10259	21335	0.16899549869442895
100.0	100.0	precomputed	12883823	True	t-sne	2	0.0	0.203740458751052	391853	43244	9455	14809	384008	46106	9127	20120	0.15379949563313264
100.0	100.0	precomputed	12883823	True	t-sne	3	0.0	0.15379949563313264	384008	46106	9127	20120	391853	43244	9455	14809	0.203740458751052
100.0	100.0	precomputed	12883823	True	t-sne	4	0.0	0.16964431568897217	381154	43808	10717	23682	393408	43216	9991	12746	0.23074328322480966
100.0	100.0	precomputed	12883823	True	t-sne	5	0.0	0.23074328322480966	393408	43216	9991	12746	381154	43808	10717	23682	0.16964431568897217
