n_neighbors	min_dist	init	random_state	method	cv_iteration	distance_threshold	training_mcc	training_tn	training_fn	training_tp	training_fp	validation_tn	validation_fn	validation_tp	validation_fp	validation_mcc
25	0.05	spectral	12883823	umap	0	4.0	0.5559760632724172	50831	0	11753	16817	37492	0	10635	31673	0.3691336294275936
25	0.05	spectral	12883823	umap	1	4.0	0.3691336294275936	37492	0	10635	31673	50831	0	11753	16817	0.5559760632724172
25	0.05	spectral	12883823	umap	2	4.0	0.4888967825569322	49116	0	10199	20086	55809	0	12261	11730	0.6498506807307348
25	0.05	spectral	12883823	umap	3	4.0	0.6498506807307348	55809	0	12261	11730	49116	0	10199	20086	0.4888967825569322
25	0.05	spectral	12883823	umap	4	4.0	0.4876246998055042	48314	0	10536	20551	56369	0	11851	11580	0.6477549156544562
25	0.05	spectral	12883823	umap	5	4.0	0.6477549156544562	56369	0	11851	11580	48314	0	10536	20551	0.4876246998055042
