n_components	dissimilarity	n_init	n_jobs	random_state	method	cv_iteration	distance_threshold	training_mcc	training_tn	training_fn	training_tp	training_fp	validation_tn	validation_fn	validation_tp	validation_fp	validation_mcc
4	precomputed	2	1	12883823	mds	0	6.0	0.3450628878098713	39396	3109	4969	9142	24936	853	7082	23745	0.28212418127241917
4	precomputed	2	1	12883823	mds	1	6.0	0.28212418127241917	24936	853	7082	23745	39396	3109	4969	9142	0.3450628878098713
4	precomputed	2	1	12883823	mds	2	6.0	0.2657638123797578	20439	267	7148	28762	38587	3665	5055	9309	0.3196643893216664
4	precomputed	2	1	12883823	mds	3	6.0	0.3196643893216664	38587	3665	5055	9309	20439	267	7148	28762	0.2657638123797578
4	precomputed	2	1	12883823	mds	4	6.0	0.35701998579185507	41207	3281	4535	7593	17262	0	8270	31084	0.27391990754749906
4	precomputed	2	1	12883823	mds	5	6.0	0.27391990754749906	17262	0	8270	31084	41207	3281	4535	7593	0.35701998579185507
