n_neighbors	min_dist	init	random_state	method	cv_iteration	distance_threshold	training_mcc	training_tn	training_fn	training_tp	training_fp	validation_tn	validation_fn	validation_tp	validation_fp	validation_mcc
50	0.25	spectral	12883823	umap	0	6.0	0.5652055873916473	324031	890	54937	79503	303917	99	52318	103027	0.5006418873193523
50	0.25	spectral	12883823	umap	1	6.0	0.5006418873193523	303917	99	52318	103027	324031	890	54937	79503	0.5652055873916473
50	0.25	spectral	12883823	umap	2	6.0	0.6563916086207192	354659	504	52195	52003	355008	371	54862	49120	0.6775158793313908
50	0.25	spectral	12883823	umap	3	6.0	0.6775158793313908	355008	371	54862	49120	354659	504	52195	52003	0.6563916086207192
50	0.25	spectral	12883823	umap	4	6.0	0.6680509638338724	353985	386	54139	50851	299393	281	52926	106761	0.49181145470958926
50	0.25	spectral	12883823	umap	5	6.0	0.49181145470958926	299393	281	52926	106761	353985	386	54139	50851	0.6680509638338724
