n_components	svd_solver	random_state	method	cv_iteration	distance_threshold	training_mcc	training_tn	training_fn	training_tp	training_fp	validation_tn	validation_fn	validation_tp	validation_fp	validation_mcc
10	full	12883823	pca	0	8.0	0.07426618090598458	26528	3559	4519	22010	27267	3829	4106	21414	0.05411969868716896
10	full	12883823	pca	1	8.0	0.05411969868716896	27267	3829	4106	21414	26528	3559	4519	22010	0.07426618090598458
10	full	12883823	pca	2	8.0	0.06776254170219655	27357	3381	4034	21844	26107	3887	4833	21789	0.07183016014297403
10	full	12883823	pca	3	8.0	0.07183016014297403	26107	3887	4833	21789	27357	3381	4034	21844	0.06776254170219655
10	full	12883823	pca	4	8.0	0.06167110671446189	27552	3718	4098	21248	26560	3617	4653	21786	0.07929148908387965
10	full	12883823	pca	5	8.0	0.07929148908387965	26560	3617	4653	21786	27552	3718	4098	21248	0.06167110671446189
