n_components	dissimilarity	n_init	n_jobs	random_state	method	cv_iteration	distance_threshold	training_mcc	training_tn	training_fn	training_tp	training_fp	validation_tn	validation_fn	validation_tp	validation_fp	validation_mcc
4	precomputed	2	1	12883823	mds	0	4.0	0.4158379021460316	56944	4090	7663	10704	52003	3481	7154	17162	0.3134831200960269
4	precomputed	2	1	12883823	mds	1	4.0	0.3134831200960269	52003	3481	7154	17162	56944	4090	7663	10704	0.4158379021460316
4	precomputed	2	1	12883823	mds	2	4.0	0.30713686222662134	55056	4029	6170	14146	57349	3605	8656	10190	0.47130576864313295
4	precomputed	2	1	12883823	mds	3	4.0	0.47130576864313295	57349	3605	8656	10190	55056	4029	6170	14146	0.30713686222662134
4	precomputed	2	1	12883823	mds	4	4.0	0.37866284480066636	56760	3669	6867	12105	54912	3680	8171	13037	0.4005824355146301
4	precomputed	2	1	12883823	mds	5	4.0	0.4005824355146301	54912	3680	8171	13037	56760	3669	6867	12105	0.37866284480066636
