metric	random_state	square_distances	method	cv_iteration	distance_threshold	training_mcc	training_tn	training_fn	training_tp	training_fp	validation_tn	validation_fn	validation_tp	validation_fp	validation_mcc
precomputed	12883823	True	t-sne	0	6.0	0.5216463585039628	62734	1266	9609	13962	59268	801	9309	18193	0.4722519015574467
precomputed	12883823	True	t-sne	1	6.0	0.4722519015574467	59268	801	9309	18193	62734	1266	9609	13962	0.5216463585039628
precomputed	12883823	True	t-sne	2	6.0	0.4687071853648678	58396	891	9650	18634	57935	1080	9339	19217	0.44703118961006333
precomputed	12883823	True	t-sne	3	6.0	0.44703118961006333	57935	1080	9339	19217	58396	891	9650	18634	0.4687071853648678
precomputed	12883823	True	t-sne	4	6.0	0.5395024020476581	63378	1053	9653	13487	59142	895	9348	18186	0.46893294455783335
precomputed	12883823	True	t-sne	5	6.0	0.46893294455783335	59142	895	9348	18186	63378	1053	9653	13487	0.5395024020476581
