init	random_state	method	cv_iteration	distance_threshold	training_mcc	training_tn	training_fn	training_tp	training_fp	validation_tn	validation_fn	validation_tp	validation_fp	validation_mcc
spectral	12883823	umap	0	6.0	0.6670451694122286	67682	457	10418	9014	67270	323	9787	10191	0.6370158123789699
spectral	12883823	umap	1	6.0	0.6370158123789699	67270	323	9787	10191	67682	457	10418	9014	0.6670451694122286
spectral	12883823	umap	2	6.0	0.6479824304729613	66282	77	10464	10748	67325	997	9422	9827	0.607418929127108
spectral	12883823	umap	3	6.0	0.607418929127108	67325	997	9422	9827	66282	77	10464	10748	0.6479824304729613
spectral	12883823	umap	4	6.0	0.6663994106600274	69457	1047	9659	7408	70406	371	9872	6922	0.7136776413561058
spectral	12883823	umap	5	6.0	0.7136776413561058	70406	371	9872	6922	69457	1047	9659	7408	0.6663994106600274
