dissimilarity	n_components	n_init	n_jobs	random_state	method	cv_iteration	distance_threshold	training_mcc	training_tn	training_fn	training_tp	training_fp	validation_tn	validation_fn	validation_tp	validation_fp	validation_mcc
precomputed	2	2	1	12883823	mds	0	6.0	0.6402201159600798	71502	2499	8376	5194	70584	2580	7530	6877	0.5654618596892912
precomputed	2	2	1	12883823	mds	1	6.0	0.5654618596892912	70584	2580	7530	6877	71502	2499	8376	5194	0.6402201159600798
precomputed	2	2	1	12883823	mds	2	6.0	0.6090625250473868	71788	2816	7725	5242	71580	2769	7650	5572	0.5986430535851551
precomputed	2	2	1	12883823	mds	3	6.0	0.5986430535851551	71580	2769	7650	5572	71788	2816	7725	5242	0.6090625250473868
precomputed	2	2	1	12883823	mds	4	6.0	0.5502946435902857	68770	2594	8112	8095	69422	2638	7605	7906	0.5389433730565464
precomputed	2	2	1	12883823	mds	5	6.0	0.5389433730565464	69422	2638	7605	7906	68770	2594	8112	8095	0.5502946435902857
