perplexity	learning_rate	metric	random_state	square_distances	method	cv_iteration	distance_threshold	training_mcc	training_tn	training_fn	training_tp	training_fp	validation_tn	validation_fn	validation_tp	validation_fp	validation_mcc
15.0	100.0	precomputed	12883823	True	t-sne	0	8.0	0.8005040026577293	394334	10218	45609	9200	389823	14522	37895	17121	0.6667356258829487
15.0	100.0	precomputed	12883823	True	t-sne	1	8.0	0.6667356258829487	389823	14522	37895	17121	394334	10218	45609	9200	0.8005040026577293
15.0	100.0	precomputed	12883823	True	t-sne	2	8.0	0.7918636837977355	400131	12131	40568	6531	397756	12449	42784	6372	0.7984017165135175
15.0	100.0	precomputed	12883823	True	t-sne	3	8.0	0.7984017165135175	397756	12449	42784	6372	400131	12131	40568	6531	0.7918636837977355
15.0	100.0	precomputed	12883823	True	t-sne	4	8.0	0.6688081834497975	393860	19056	35469	10976	399154	10518	42689	7000	0.8089055833579613
15.0	100.0	precomputed	12883823	True	t-sne	5	8.0	0.8089055833579613	399154	10518	42689	7000	393860	19056	35469	10976	0.6688081834497975
