init	random_state	method	cv_iteration	distance_threshold	training_mcc	training_tn	training_fn	training_tp	training_fp	validation_tn	validation_fn	validation_tp	validation_fp	validation_mcc
spectral	12883823	umap	0	0.0	0.4517660183011143	75392	7260	3615	1304	76673	5115	4995	788	0.6226508092477059
spectral	12883823	umap	1	0.0	0.6226508092477059	76673	5115	4995	788	75392	7260	3615	1304	0.4517660183011143
spectral	12883823	umap	2	0.0	0.4637158921802185	76341	7359	3182	689	76019	7624	2795	1133	0.39663573998380036
spectral	12883823	umap	3	0.0	0.39663573998380036	76019	7624	2795	1133	76341	7359	3182	689	0.4637158921802185
spectral	12883823	umap	4	0.0	0.503351522229233	75459	6472	4234	1406	76603	6116	4127	725	0.552841737333665
spectral	12883823	umap	5	0.0	0.552841737333665	76603	6116	4127	725	75459	6472	4234	1406	0.503351522229233
