dissimilarity	n_components	n_init	n_jobs	random_state	method	cv_iteration	distance_threshold	training_mcc	training_tn	training_fn	training_tp	training_fp	validation_tn	validation_fn	validation_tp	validation_fp	validation_mcc
precomputed	2	2	1	12883823	mds	0	0.0	0.5058484137742122	73288	5341	5534	3408	75356	3363	6747	2105	0.6786744723516943
precomputed	2	2	1	12883823	mds	1	0.0	0.6786744723516943	75356	3363	6747	2105	73288	5341	5534	3408	0.5058484137742122
precomputed	2	2	1	12883823	mds	2	0.0	0.424856373179351	72168	5521	5020	4862	74099	4695	5724	3053	0.549635894255824
precomputed	2	2	1	12883823	mds	3	0.0	0.549635894255824	74099	4695	5724	3053	72168	5521	5020	4862	0.424856373179351
precomputed	2	2	1	12883823	mds	4	0.0	0.47832924509395064	73214	5479	5227	3651	71760	4125	6118	5568	0.49643540282813853
precomputed	2	2	1	12883823	mds	5	0.0	0.49643540282813853	71760	4125	6118	5568	73214	5479	5227	3651	0.47832924509395064
