metric	random_state	square_distances	method	cv_iteration	distance_threshold	training_mcc	training_tn	training_fn	training_tp	training_fp	validation_tn	validation_fn	validation_tp	validation_fp	validation_mcc
precomputed	12883823	True	t-sne	0	0.0	0.7228643057620406	75897	4036	6839	799	75982	5572	4538	1479	0.5429247093751295
precomputed	12883823	True	t-sne	1	0.0	0.5429247093751295	75982	5572	4538	1479	75897	4036	6839	799	0.7228643057620406
precomputed	12883823	True	t-sne	2	0.0	0.6989926960329736	76136	4175	6366	894	76411	3724	6695	741	0.7351738623773846
precomputed	12883823	True	t-sne	3	0.0	0.7351738623773846	76411	3724	6695	741	76136	4175	6366	894	0.6989926960329736
precomputed	12883823	True	t-sne	4	0.0	0.6978301198971089	75990	4279	6427	875	76588	5236	5007	740	0.6219922385326979
precomputed	12883823	True	t-sne	5	0.0	0.6219922385326979	76588	5236	5007	740	75990	4279	6427	875	0.6978301198971089
