n_components	dissimilarity	n_init	n_jobs	random_state	method	cv_iteration	distance_threshold	training_mcc	training_tn	training_fn	training_tp	training_fp	validation_tn	validation_fn	validation_tp	validation_fp	validation_mcc
4	precomputed	2	1	12883823	mds	0	12.0	0.560301883965194	6466	22	330	563	5942	66	381	1114	0.41152901700681077
4	precomputed	2	1	12883823	mds	1	12.0	0.41152901700681077	5942	66	381	1114	6466	22	330	563	0.560301883965194
4	precomputed	2	1	12883823	mds	2	12.0	0.4886086042895994	6317	63	331	670	5724	15	392	1372	0.4111616428232497
4	precomputed	2	1	12883823	mds	3	12.0	0.4111616428232497	5724	15	392	1372	6317	63	331	670	0.4886086042895994
4	precomputed	2	1	12883823	mds	4	12.0	0.38441144050518095	5676	20	337	1348	6417	74	355	657	0.49932587737590434
4	precomputed	2	1	12883823	mds	5	12.0	0.49932587737590434	6417	74	355	657	5676	20	337	1348	0.38441144050518095
