n_neighbors	min_dist	init	random_state	method	cv_iteration	distance_threshold	training_mcc	training_tn	training_fn	training_tp	training_fp	validation_tn	validation_fn	validation_tp	validation_fp	validation_mcc
100	0.25	spectral	12883823	umap	0	10.0	0.36268693169409744	226203	313	55514	177331	197540	0	52417	209404	0.3117410844696288
100	0.25	spectral	12883823	umap	1	10.0	0.3117410844696288	197540	0	52417	209404	226203	313	55514	177331	0.36268693169409744
100	0.25	spectral	12883823	umap	2	10.0	0.3373793085895479	217265	299	52400	189397	63048	0	55233	341080	0.14745392713845312
100	0.25	spectral	12883823	umap	3	10.0	0.14745392713845312	63048	0	55233	341080	217265	299	52400	189397	0.3373793085895479
100	0.25	spectral	12883823	umap	4	10.0	0.3233444481228091	203221	293	54232	201615	68718	0	53207	337436	0.15180436210159023
100	0.25	spectral	12883823	umap	5	10.0	0.15180436210159023	68718	0	53207	337436	203221	293	54232	201615	0.3233444481228091
