n_neighbors	min_dist	init	random_state	method	cv_iteration	distance_threshold	training_mcc	training_tn	training_fn	training_tp	training_fp	validation_tn	validation_fn	validation_tp	validation_fp	validation_mcc
100	0.1	spectral	12883823	umap	0	10.0	0.306892257097749	189343	377	55450	214191	313101	83	52334	93843	0.5241060629075011
100	0.1	spectral	12883823	umap	1	10.0	0.5241060629075011	313101	83	52334	93843	189343	377	55450	214191	0.306892257097749
100	0.1	spectral	12883823	umap	2	10.0	0.5100911081923706	308554	402	52297	98108	183929	79	55154	220199	0.3011340105005125
100	0.1	spectral	12883823	umap	3	10.0	0.3011340105005125	183929	79	55154	220199	308554	402	52297	98108	0.5100911081923706
100	0.1	spectral	12883823	umap	4	10.0	0.42931039270636057	267180	291	54234	137656	272301	363	52844	133853	0.4323780527796561
100	0.1	spectral	12883823	umap	5	10.0	0.4323780527796561	272301	363	52844	133853	267180	291	54234	137656	0.42931039270636057
