dissimilarity	n_components	n_init	n_jobs	random_state	method	cv_iteration	distance_threshold	training_mcc	training_tn	training_fn	training_tp	training_fp	validation_tn	validation_fn	validation_tp	validation_fp	validation_mcc
precomputed	2	2	1	12883823	mds	0	12.0	0.19543933514890974	74051	5	40182	222372	75896	0	40640	220895	0.19934071952920684
precomputed	2	2	1	12883823	mds	1	12.0	0.19934071952920684	75896	0	40640	220895	74051	5	40182	222372	0.19543933514890974
precomputed	2	2	1	12883823	mds	2	12.0	0.20345552163209446	80004	0	39453	217153	72538	46	41523	223324	0.1952194907093937
precomputed	2	2	1	12883823	mds	3	12.0	0.1952194907093937	72538	46	41523	223324	80004	0	39453	217153	0.20345552163209446
precomputed	2	2	1	12883823	mds	4	12.0	0.19760393229829304	77108	3	39115	220384	72821	0	41632	222978	0.19680697203233496
precomputed	2	2	1	12883823	mds	5	12.0	0.19680697203233496	72821	0	41632	222978	77108	3	39115	220384	0.19760393229829304
