perplexity	learning_rate	metric	random_state	square_distances	method	cv_iteration	distance_threshold	training_mcc	training_tn	training_fn	training_tp	training_fp	validation_tn	validation_fn	validation_tp	validation_fp	validation_mcc
30.0	500.0	precomputed	12883823	True	t-sne	0	2.0	0.6608492858329903	401036	27033	28794	2498	404891	31289	21128	2053	0.5781236161230372
30.0	500.0	precomputed	12883823	True	t-sne	1	2.0	0.5781236161230372	404891	31289	21128	2053	401036	27033	28794	2498	0.6608492858329903
30.0	500.0	precomputed	12883823	True	t-sne	2	2.0	0.6141437700146171	401075	26023	26676	5587	402283	23470	31763	1845	0.7125575455354213
30.0	500.0	precomputed	12883823	True	t-sne	3	2.0	0.7125575455354213	402283	23470	31763	1845	401075	26023	26676	5587	0.6141437700146171
30.0	500.0	precomputed	12883823	True	t-sne	4	2.0	0.6656308501579219	402985	26684	27841	1851	404454	31193	22014	1700	0.5923443907548266
30.0	500.0	precomputed	12883823	True	t-sne	5	2.0	0.5923443907548266	404454	31193	22014	1700	402985	26684	27841	1851	0.6656308501579219
