n_components	dissimilarity	n_init	n_jobs	random_state	method	cv_iteration	distance_threshold	training_mcc	training_tn	training_fn	training_tp	training_fp	validation_tn	validation_fn	validation_tp	validation_fp	validation_mcc
4	precomputed	2	1	12883823	mds	0	8.0	0.3487794466065328	40810	3466	4612	7728	24936	853	7082	23745	0.28212418127241917
4	precomputed	2	1	12883823	mds	1	8.0	0.28212418127241917	24936	853	7082	23745	40810	3466	4612	7728	0.3487794466065328
4	precomputed	2	1	12883823	mds	2	8.0	0.2657638123797578	20439	267	7148	28762	38862	3602	5118	9034	0.33205443144526525
4	precomputed	2	1	12883823	mds	3	8.0	0.33205443144526525	38862	3602	5118	9034	20439	267	7148	28762	0.2657638123797578
4	precomputed	2	1	12883823	mds	4	8.0	0.36951153172962514	41389	3205	4611	7411	17262	0	8270	31084	0.27391990754749906
4	precomputed	2	1	12883823	mds	5	8.0	0.27391990754749906	17262	0	8270	31084	41389	3205	4611	7411	0.36951153172962514
