n_neighbors	min_dist	init	random_state	method	cv_iteration	distance_threshold	training_mcc	training_tn	training_fn	training_tp	training_fp	validation_tn	validation_fn	validation_tp	validation_fp	validation_mcc
100	0.05	spectral	12883823	umap	0	0.0	0.4403157615269088	47116	5126	2952	1422	47459	4478	3457	1222	0.5176278355147718
100	0.05	spectral	12883823	umap	1	0.0	0.5176278355147718	47459	4478	3457	1222	47116	5126	2952	1422	0.4403157615269088
100	0.05	spectral	12883823	umap	2	0.0	0.6406135954448346	48455	3392	4023	746	46764	3964	4756	1132	0.6170013437203665
100	0.05	spectral	12883823	umap	3	0.0	0.6170013437203665	46764	3964	4756	1132	48455	3392	4023	746	0.6406135954448346
100	0.05	spectral	12883823	umap	4	0.0	0.5263884456650607	47614	4351	3465	1186	47594	4858	3412	752	0.537168025477505
100	0.05	spectral	12883823	umap	5	0.0	0.537168025477505	47594	4858	3412	752	47614	4351	3465	1186	0.5263884456650607
