n_neighbors	min_dist	init	random_state	method	cv_iteration	distance_threshold	training_mcc	training_tn	training_fn	training_tp	training_fp	validation_tn	validation_fn	validation_tp	validation_fp	validation_mcc
100	0.25	spectral	12883823	umap	0	0.0	0.604549973480018	43607	1669	6409	4931	47605	3246	4689	1076	0.6529517722204802
100	0.25	spectral	12883823	umap	1	0.0	0.6529517722204802	47605	3246	4689	1076	43607	1669	6409	4931	0.604549973480018
100	0.25	spectral	12883823	umap	2	0.0	0.4968783012818878	42838	2027	5388	6363	46623	3680	5040	1273	0.6323570052528219
100	0.25	spectral	12883823	umap	3	0.0	0.6323570052528219	46623	3680	5040	1273	42838	2027	5388	6363	0.4968783012818878
100	0.25	spectral	12883823	umap	4	0.0	0.38366863225071124	37244	1953	5863	11556	28763	1198	7072	19583	0.31846004458293253
100	0.25	spectral	12883823	umap	5	0.0	0.31846004458293253	28763	1198	7072	19583	37244	1953	5863	11556	0.38366863225071124
