n_components	dissimilarity	n_init	n_jobs	random_state	method	cv_iteration	distance_threshold	training_mcc	training_tn	training_fn	training_tp	training_fp	validation_tn	validation_fn	validation_tp	validation_fp	validation_mcc
2	precomputed	2	1	12883823	mds	0	14.0	0.2779689598407548	17951	0	8078	30587	16736	0	7935	31945	0.26154232425736945
2	precomputed	2	1	12883823	mds	1	14.0	0.26154232425736945	16736	0	7935	31945	17951	0	8078	30587	0.2779689598407548
2	precomputed	2	1	12883823	mds	2	14.0	0.2535864515690021	16952	2	7413	32249	17680	0	8720	30216	0.2875239880551231
2	precomputed	2	1	12883823	mds	3	14.0	0.2875239880551231	17680	0	8720	30216	16952	2	7413	32249	0.2535864515690021
2	precomputed	2	1	12883823	mds	4	14.0	0.2661796933078194	17382	2	7814	31418	17262	0	8270	31084	0.27391990754749906
2	precomputed	2	1	12883823	mds	5	14.0	0.27391990754749906	17262	0	8270	31084	17382	2	7814	31418	0.2661796933078194
