perplexity	learning_rate	metric	random_state	square_distances	method	cv_iteration	distance_threshold	training_mcc	training_tn	training_fn	training_tp	training_fp	validation_tn	validation_fn	validation_tp	validation_fp	validation_mcc
100.0	500.0	precomputed	12883823	True	t-sne	0	0.0	0.5994274522265465	63708	4051	7702	3940	61656	7601	3034	7509	0.17736940239219054
100.0	500.0	precomputed	12883823	True	t-sne	1	0.0	0.17736940239219054	61656	7601	3034	7509	63708	4051	7702	3940	0.5994274522265465
100.0	500.0	precomputed	12883823	True	t-sne	2	0.0	0.1712779404433349	63076	7669	2530	6126	63499	8427	3834	4040	0.3057853510958002
100.0	500.0	precomputed	12883823	True	t-sne	3	0.0	0.3057853510958002	63499	8427	3834	4040	63076	7669	2530	6126	0.1712779404433349
100.0	500.0	precomputed	12883823	True	t-sne	4	0.0	0.45347315103819635	63603	4881	5655	5262	64025	8542	3309	3924	0.2743157282349743
100.0	500.0	precomputed	12883823	True	t-sne	5	0.0	0.2743157282349743	64025	8542	3309	3924	63603	4881	5655	5262	0.45347315103819635
