n_neighbors	min_dist	init	random_state	method	cv_iteration	distance_threshold	training_mcc	training_tn	training_fn	training_tp	training_fp	validation_tn	validation_fn	validation_tp	validation_fp	validation_mcc
25	0.25	spectral	12883823	umap	0	4.0	0.5559760632724172	50831	0	11753	16817	37492	0	10635	31673	0.3691336294275936
25	0.25	spectral	12883823	umap	1	4.0	0.3691336294275936	37492	0	10635	31673	50831	0	11753	16817	0.5559760632724172
25	0.25	spectral	12883823	umap	2	4.0	0.26237660084662323	25280	0	10199	43922	50069	0	12261	17470	0.5529238629383016
25	0.25	spectral	12883823	umap	3	4.0	0.5529238629383016	50069	0	12261	17470	25280	0	10199	43922	0.26237660084662323
25	0.25	spectral	12883823	umap	4	4.0	0.4876246998055042	48314	0	10536	20551	39275	0	11851	28674	0.4111332007688717
25	0.25	spectral	12883823	umap	5	4.0	0.4111332007688717	39275	0	11851	28674	48314	0	10536	20551	0.4876246998055042
