dissimilarity	n_components	n_init	n_jobs	random_state	method	cv_iteration	distance_threshold	training_mcc	training_tn	training_fn	training_tp	training_fp	validation_tn	validation_fn	validation_tp	validation_fp	validation_mcc
precomputed	2	2	1	12883823	mds	0	6.0	0.2779689598407548	17951	0	8078	30587	20900	310	7625	27781	0.27989585473620765
precomputed	2	2	1	12883823	mds	1	6.0	0.27989585473620765	20900	310	7625	27781	17951	0	8078	30587	0.2779689598407548
precomputed	2	2	1	12883823	mds	2	6.0	0.25987947813803886	21005	396	7019	28196	17680	0	8720	30216	0.2875239880551231
precomputed	2	2	1	12883823	mds	3	6.0	0.2875239880551231	17680	0	8720	30216	21005	396	7019	28196	0.25987947813803886
precomputed	2	2	1	12883823	mds	4	6.0	0.2661796933078194	17382	2	7814	31418	17262	0	8270	31084	0.27391990754749906
precomputed	2	2	1	12883823	mds	5	6.0	0.27391990754749906	17262	0	8270	31084	17382	2	7814	31418	0.2661796933078194
