perplexity	learning_rate	metric	random_state	square_distances	method	cv_iteration	distance_threshold	training_mcc	training_tn	training_fn	training_tp	training_fp	validation_tn	validation_fn	validation_tp	validation_fp	validation_mcc
15.0	200.0	precomputed	12883823	True	t-sne	0	14.0	0.5828991316451149	348268	6404	49423	55266	376120	9645	42772	30824	0.6416425491860317
15.0	200.0	precomputed	12883823	True	t-sne	1	14.0	0.6416425491860317	376120	9645	42772	30824	348268	6404	49423	55266	0.5828991316451149
15.0	200.0	precomputed	12883823	True	t-sne	2	14.0	0.5888142200668829	378128	14743	37956	28534	377556	9953	45280	26572	0.675145895916053
15.0	200.0	precomputed	12883823	True	t-sne	3	14.0	0.675145895916053	377556	9953	45280	26572	378128	14743	37956	28534	0.5888142200668829
15.0	200.0	precomputed	12883823	True	t-sne	4	14.0	0.6960568092268362	375207	6571	47954	29629	377633	6505	46702	28521	0.6983350199907492
15.0	200.0	precomputed	12883823	True	t-sne	5	14.0	0.6983350199907492	377633	6505	46702	28521	375207	6571	47954	29629	0.6960568092268362
