n_neighbors	min_dist	init	random_state	method	cv_iteration	distance_threshold	training_mcc	training_tn	training_fn	training_tp	training_fp	validation_tn	validation_fn	validation_tp	validation_fp	validation_mcc
25	0.05	spectral	12883823	umap	0	4.0	0.5770215409518379	42194	1416	6662	6344	36988	2062	5873	11693	0.37516826035007034
25	0.05	spectral	12883823	umap	1	4.0	0.37516826035007034	36988	2062	5873	11693	42194	1416	6662	6344	0.5770215409518379
25	0.05	spectral	12883823	umap	2	4.0	0.36547927258312973	34930	1413	6002	14271	33358	1599	7121	14538	0.38108340343060143
25	0.05	spectral	12883823	umap	3	4.0	0.38108340343060143	33358	1599	7121	14538	34930	1413	6002	14271	0.36547927258312973
25	0.05	spectral	12883823	umap	4	4.0	0.4002603261940457	38531	2088	5728	10269	28763	1198	7072	19583	0.31846004458293253
25	0.05	spectral	12883823	umap	5	4.0	0.31846004458293253	28763	1198	7072	19583	38531	2088	5728	10269	0.4002603261940457
