perplexity	learning_rate	metric	random_state	square_distances	method	cv_iteration	distance_threshold	training_mcc	training_tn	training_fn	training_tp	training_fp	validation_tn	validation_fn	validation_tp	validation_fp	validation_mcc
15.0	100.0	precomputed	12883823	True	t-sne	0	8.0	0.48817545978057364	33535	42	8036	15003	26398	863	7072	22283	0.3011873142098428
15.0	100.0	precomputed	12883823	True	t-sne	1	8.0	0.3011873142098428	26398	863	7072	22283	33535	42	8036	15003	0.48817545978057364
15.0	100.0	precomputed	12883823	True	t-sne	2	8.0	0.404802293890474	32966	597	6818	16235	26841	840	7880	21055	0.33511206579864944
15.0	100.0	precomputed	12883823	True	t-sne	3	8.0	0.33511206579864944	26841	840	7880	21055	32966	597	6818	16235	0.404802293890474
15.0	100.0	precomputed	12883823	True	t-sne	4	8.0	0.3567864686734423	30836	927	6889	17964	28980	162	8108	19366	0.40975169231186404
15.0	100.0	precomputed	12883823	True	t-sne	5	8.0	0.40975169231186404	28980	162	8108	19366	30836	927	6889	17964	0.3567864686734423
