n_components	svd_solver	random_state	method	cv_iteration	distance_threshold	training_mcc	training_tn	training_fn	training_tp	training_fp	validation_tn	validation_fn	validation_tp	validation_fp	validation_mcc
10	full	12883823	pca	0	4.0	0.08247639608646416	21528	0	55827	382006	19536	1078	51339	387408	0.042141627046170506
10	full	12883823	pca	1	4.0	0.042141627046170506	19536	1078	51339	387408	21528	0	55827	382006	0.08247639608646416
10	full	12883823	pca	2	4.0	0.174832405364238	87671	0	52699	318991	18753	945	54288	385375	0.0470295212876678
10	full	12883823	pca	3	4.0	0.0470295212876678	18753	945	54288	385375	87671	0	52699	318991	0.174832405364238
10	full	12883823	pca	4	4.0	0.1734500779669468	83874	0	54525	320962	21444	106	53101	384710	0.07689062850815208
10	full	12883823	pca	5	4.0	0.07689062850815208	21444	106	53101	384710	83874	0	54525	320962	0.1734500779669468
