perplexity	learning_rate	metric	random_state	square_distances	method	cv_iteration	distance_threshold	training_mcc	training_tn	training_fn	training_tp	training_fp	validation_tn	validation_fn	validation_tp	validation_fp	validation_mcc
100.0	200.0	precomputed	12883823	True	t-sne	0	0.0	0.15933160180776246	43836	6109	1969	4702	43163	3779	4156	5518	0.3785143714844628
100.0	200.0	precomputed	12883823	True	t-sne	1	0.0	0.3785143714844628	43163	3779	4156	5518	43836	6109	1969	4702	0.15933160180776246
100.0	200.0	precomputed	12883823	True	t-sne	2	0.0	0.26033313053657164	45200	4998	2417	4001	43739	6427	2293	4157	0.20014585240372532
100.0	200.0	precomputed	12883823	True	t-sne	3	0.0	0.20014585240372532	43739	6427	2293	4157	45200	4998	2417	4001	0.26033313053657164
100.0	200.0	precomputed	12883823	True	t-sne	4	0.0	0.27850427326795657	45594	5418	2398	3206	45551	5926	2344	2795	0.2773753752680029
100.0	200.0	precomputed	12883823	True	t-sne	5	0.0	0.2773753752680029	45551	5926	2344	2795	45594	5418	2398	3206	0.27850427326795657
