init	random_state	method	cv_iteration	distance_threshold	training_mcc	training_tn	training_fn	training_tp	training_fp	validation_tn	validation_fn	validation_tp	validation_fp	validation_mcc
spectral	12883823	umap	0	6.0	0.6883344427058702	263073	501	39686	33350	248665	2156	38484	48126	0.5847794330030053
spectral	12883823	umap	1	6.0	0.5847794330030053	248665	2156	38484	48126	232897	501	39686	63526	0.5437393775179775
spectral	12883823	umap	2	6.0	0.700222986564666	278296	5780	33673	18861	262717	2	41567	33145	0.7028520503258666
spectral	12883823	umap	3	6.0	0.7028520503258666	262717	2	41567	33145	278296	5780	33673	18861	0.700222986564666
spectral	12883823	umap	4	6.0	0.7107794538053982	272417	2189	36929	25075	266705	0	41632	29094	0.7285197286753742
spectral	12883823	umap	5	6.0	0.5465349938869053	235988	1638	39994	59811	272417	2189	36929	25075	0.7107794538053982
