dissimilarity	n_components	n_init	n_jobs	random_state	method	cv_iteration	distance_threshold	training_mcc	training_tn	training_fn	training_tp	training_fp	validation_tn	validation_fn	validation_tp	validation_fp	validation_mcc
precomputed	2	2	1	12883823	mds	0	6.0	0.45531822878744543	204108	105	40082	92315	75896	0	40640	220895	0.19934071952920684
precomputed	2	2	1	12883823	mds	1	6.0	0.19934071952920684	75896	0	40640	220895	204108	105	40082	92315	0.45531822878744543
precomputed	2	2	1	12883823	mds	2	6.0	0.20345552163209446	80004	0	39453	217153	72538	46	41523	223324	0.1952194907093937
precomputed	2	2	1	12883823	mds	3	6.0	0.1952194907093937	72538	46	41523	223324	80004	0	39453	217153	0.20345552163209446
precomputed	2	2	1	12883823	mds	4	6.0	0.44956006451950914	205538	280	38838	91954	72821	0	41632	222978	0.19680697203233496
precomputed	2	2	1	12883823	mds	5	6.0	0.19680697203233496	72821	0	41632	222978	205538	280	38838	91954	0.44956006451950914
