metric	random_state	square_distances	method	cv_iteration	distance_threshold	training_mcc	training_tn	training_fn	training_tp	training_fp	validation_tn	validation_fn	validation_tp	validation_fp	validation_mcc
precomputed	12883823	True	t-sne	0	6.0	0.7186199196011415	270752	1730	38457	25671	277557	2156	38484	19234	0.7624807509673099
precomputed	12883823	True	t-sne	1	6.0	0.7624807509673099	277557	2156	38484	19234	270752	1730	38457	25671	0.7186199196011415
precomputed	12883823	True	t-sne	2	6.0	0.5967400739913298	257628	3708	35745	39529	248938	1584	39985	46924	0.6037378984547874
precomputed	12883823	True	t-sne	3	6.0	0.6037378984547874	248938	1584	39985	46924	257628	3708	35745	39529	0.5967400739913298
precomputed	12883823	True	t-sne	4	6.0	0.6185474993105022	261390	3447	35671	36102	254960	0	41632	40839	0.6596304290494873
precomputed	12883823	True	t-sne	5	6.0	0.6596304290494873	254960	0	41632	40839	261390	3447	35671	36102	0.6185474993105022
