dissimilarity	n_components	n_init	n_jobs	random_state	method	cv_iteration	distance_threshold	training_mcc	training_tn	training_fn	training_tp	training_fp	validation_tn	validation_fn	validation_tp	validation_fp	validation_mcc
precomputed	2	2	1	12883823	mds	0	8.0	0.4037864004542656	6047	50	302	982	6153	109	338	903	0.4001952411096814
precomputed	2	2	1	12883823	mds	1	8.0	0.4001952411096814	6153	109	338	903	6047	50	302	982	0.4037864004542656
precomputed	2	2	1	12883823	mds	2	8.0	0.46456709821279124	6300	76	318	687	5683	18	389	1413	0.401185107676576
precomputed	2	2	1	12883823	mds	3	8.0	0.401185107676576	5683	18	389	1413	6300	76	318	687	0.46456709821279124
precomputed	2	2	1	12883823	mds	4	8.0	0.3409308773125632	5336	18	339	1688	6388	65	364	686	0.5029449618510791
precomputed	2	2	1	12883823	mds	5	8.0	0.5029449618510791	6388	65	364	686	5336	18	339	1688	0.3409308773125632
