n_neighbors	min_dist	init	random_state	method	cv_iteration	distance_threshold	training_mcc	training_tn	training_fn	training_tp	training_fp	validation_tn	validation_fn	validation_tp	validation_fp	validation_mcc
25	0.1	spectral	12883823	umap	0	12.0	0.14938763891090592	63860	4	55823	339674	285772	10230	42187	121172	0.33678707126294377
25	0.1	spectral	12883823	umap	1	12.0	0.33678707126294377	285772	10230	42187	121172	63860	4	55823	339674	0.14938763891090592
25	0.1	spectral	12883823	umap	2	12.0	0.13592889929228277	100625	3625	49074	306037	63048	0	55233	341080	0.14745392713845312
25	0.1	spectral	12883823	umap	3	12.0	0.14745392713845312	63048	0	55233	341080	100625	3625	49074	306037	0.13592889929228277
25	0.1	spectral	12883823	umap	4	12.0	0.3599288721356457	225921	93	54432	178915	69912	408	52799	336242	0.1461713976587814
25	0.1	spectral	12883823	umap	5	12.0	0.1461713976587814	69912	408	52799	336242	225921	93	54432	178915	0.3599288721356457
