n_neighbors	min_dist	init	random_state	method	cv_iteration	distance_threshold	training_mcc	training_tn	training_fn	training_tp	training_fp	validation_tn	validation_fn	validation_tp	validation_fp	validation_mcc
25	0.05	spectral	12883823	umap	0	12.0	0.24028401330462526	142493	697	55130	261041	65490	0	52417	341454	0.14634545800699203
25	0.05	spectral	12883823	umap	1	12.0	0.14634545800699203	65490	0	52417	341454	142493	697	55130	261041	0.24028401330462526
25	0.05	spectral	12883823	umap	2	12.0	0.24985360443023374	153618	402	52297	253044	44505	945	54288	359623	0.10132091745809389
25	0.05	spectral	12883823	umap	3	12.0	0.10132091745809389	44505	945	54288	359623	153618	402	52297	253044	0.24985360443023374
25	0.05	spectral	12883823	umap	4	12.0	0.3394040873257599	212533	95	54430	192303	221228	7936	45271	184926	0.2531590428074244
25	0.05	spectral	12883823	umap	5	12.0	0.2531590428074244	221228	7936	45271	184926	212533	95	54430	192303	0.3394040873257599
