n_components	dissimilarity	n_init	n_jobs	random_state	method	cv_iteration	distance_threshold	training_mcc	training_tn	training_fn	training_tp	training_fp	validation_tn	validation_fn	validation_tp	validation_fp	validation_mcc
6	precomputed	2	1	12883823	mds	0	8.0	0.23418796631911845	168076	3888	51939	235458	100558	2825	49592	306386	0.1470950435368899
6	precomputed	2	1	12883823	mds	1	8.0	0.1470950435368899	100558	2825	49592	306386	168076	3888	51939	235458	0.23418796631911845
6	precomputed	2	1	12883823	mds	2	8.0	0.14632036524564437	101828	3040	49659	304834	96765	2604	52629	307363	0.15189957433752718
6	precomputed	2	1	12883823	mds	3	8.0	0.15189957433752718	96765	2604	52629	307363	101828	3040	49659	304834	0.14632036524564437
6	precomputed	2	1	12883823	mds	4	8.0	0.1550008653857028	90094	1686	52839	314742	104194	3059	50148	301960	0.15057051571837723
6	precomputed	2	1	12883823	mds	5	8.0	0.15057051571837723	104194	3059	50148	301960	90094	1686	52839	314742	0.1550008653857028
