n_neighbors	min_dist	init	random_state	method	cv_iteration	distance_threshold	training_mcc	training_tn	training_fn	training_tp	training_fp	validation_tn	validation_fn	validation_tp	validation_fp	validation_mcc
25	0.25	spectral	12883823	umap	0	8.0	0.14938763891090592	63860	4	55823	339674	303917	99	52318	103027	0.5006418873193523
25	0.25	spectral	12883823	umap	1	8.0	0.5006418873193523	303917	99	52318	103027	63860	4	55823	339674	0.14938763891090592
25	0.25	spectral	12883823	umap	2	8.0	0.2964095968121652	189320	400	52299	217342	355008	371	54862	49120	0.6775158793313908
25	0.25	spectral	12883823	umap	3	8.0	0.6775158793313908	355008	371	54862	49120	189320	400	52299	217342	0.2964095968121652
25	0.25	spectral	12883823	umap	4	8.0	0.3182392378081568	200458	386	54139	204378	261875	281	52926	144279	0.413449303198569
25	0.25	spectral	12883823	umap	5	8.0	0.413449303198569	261875	281	52926	144279	200458	386	54139	204378	0.3182392378081568
