n_neighbors	min_dist	init	random_state	method	cv_iteration	distance_threshold	training_mcc	training_tn	training_fn	training_tp	training_fp	validation_tn	validation_fn	validation_tp	validation_fp	validation_mcc
25	0.05	spectral	12883823	umap	0	8.0	0.41793811339701925	261829	890	54937	141705	356550	182	52235	50394	0.6661294392339383
25	0.05	spectral	12883823	umap	1	8.0	0.6661294392339383	356550	182	52235	50394	261829	890	54937	141705	0.41793811339701925
25	0.05	spectral	12883823	umap	2	8.0	0.31767817926667663	204618	402	52297	202044	355113	1316	53917	49015	0.666816291819736
25	0.05	spectral	12883823	umap	3	8.0	0.666816291819736	355113	1316	53917	49015	204618	402	52297	202044	0.31767817926667663
25	0.05	spectral	12883823	umap	4	8.0	0.5464627549216007	316980	95	54430	87856	361400	8280	44927	44754	0.5927560483997134
25	0.05	spectral	12883823	umap	5	8.0	0.5927560483997134	361400	8280	44927	44754	316980	95	54430	87856	0.5464627549216007
