n_neighbors	min_dist	init	random_state	method	cv_iteration	distance_threshold	training_mcc	training_tn	training_fn	training_tp	training_fp	validation_tn	validation_fn	validation_tp	validation_fp	validation_mcc
25	0.1	spectral	12883823	umap	0	8.0	0.3288191373456497	205540	494	55333	197994	366161	10230	42187	40783	0.5823393118890324
25	0.1	spectral	12883823	umap	1	8.0	0.5823393118890324	366161	10230	42187	40783	205540	494	55333	197994	0.3288191373456497
25	0.1	spectral	12883823	umap	2	8.0	0.30835269352029476	227015	3924	48775	179647	361019	5623	49610	43109	0.6413823415694505
25	0.1	spectral	12883823	umap	3	8.0	0.6413823415694505	361019	5623	49610	43109	227015	3924	48775	179647	0.30835269352029476
25	0.1	spectral	12883823	umap	4	8.0	0.4317793620125788	310542	8283	46242	94294	348408	9198	44009	57746	0.5278476677532583
25	0.1	spectral	12883823	umap	5	8.0	0.5278476677532583	348408	9198	44009	57746	310542	8283	46242	94294	0.4317793620125788
