perplexity	learning_rate	metric	random_state	square_distances	method	cv_iteration	distance_threshold	training_mcc	training_tn	training_fn	training_tp	training_fp	validation_tn	validation_fn	validation_tp	validation_fp	validation_mcc
15.0	200.0	precomputed	12883823	True	t-sne	0	8.0	0.7985362050007166	395774	11490	44337	7760	391647	15386	37031	15297	0.6693747201045471
15.0	200.0	precomputed	12883823	True	t-sne	1	8.0	0.6693747201045471	391647	15386	37031	15297	395774	11490	44337	7760	0.7985362050007166
15.0	200.0	precomputed	12883823	True	t-sne	2	8.0	0.6982720432620068	400161	19359	33340	6501	383676	12449	42784	20452	0.683439418606885
15.0	200.0	precomputed	12883823	True	t-sne	3	8.0	0.683439418606885	383676	12449	42784	20452	400161	19359	33340	6501	0.6982720432620068
15.0	200.0	precomputed	12883823	True	t-sne	4	8.0	0.663833074735723	382433	12696	41829	22403	402245	12122	41085	3909	0.8209700027411826
15.0	200.0	precomputed	12883823	True	t-sne	5	8.0	0.8209700027411826	402245	12122	41085	3909	382433	12696	41829	22403	0.663833074735723
