n_components	dissimilarity	n_init	n_jobs	random_state	method	cv_iteration	distance_threshold	training_mcc	training_tn	training_fn	training_tp	training_fp	validation_tn	validation_fn	validation_tp	validation_fp	validation_mcc
6	precomputed	2	1	12883823	mds	0	4.0	0.40625712607823955	55658	3843	7910	11990	53645	3685	6950	15520	0.32425727042662256
6	precomputed	2	1	12883823	mds	1	4.0	0.32425727042662256	53645	3685	6950	15520	55658	3843	7910	11990	0.40625712607823955
6	precomputed	2	1	12883823	mds	2	4.0	0.35328656289369625	56132	3626	6573	13070	52796	3532	8729	14743	0.39067572278691565
6	precomputed	2	1	12883823	mds	3	4.0	0.39067572278691565	52796	3532	8729	14743	56132	3626	6573	13070	0.35328656289369625
6	precomputed	2	1	12883823	mds	4	4.0	0.3815182731489959	56266	3496	7040	12599	48927	6518	5333	19022	0.13132375951404468
6	precomputed	2	1	12883823	mds	5	4.0	0.13132375951404468	48927	6518	5333	19022	56266	3496	7040	12599	0.3815182731489959
