perplexity	learning_rate	metric	random_state	square_distances	method	cv_iteration	distance_threshold	training_mcc	training_tn	training_fn	training_tp	training_fp	validation_tn	validation_fn	validation_tp	validation_fp	validation_mcc
30.0	200.0	precomputed	12883823	True	t-sne	0	14.0	0.5792985124510993	327921	705	55122	75613	322618	1235	51182	84326	0.5362882028264507
30.0	200.0	precomputed	12883823	True	t-sne	1	14.0	0.5362882028264507	322618	1235	51182	84326	327921	705	55122	75613	0.5792985124510993
30.0	200.0	precomputed	12883823	True	t-sne	2	14.0	0.5674404119298361	330218	677	52022	76444	355291	780	54453	48837	0.6738974874507399
30.0	200.0	precomputed	12883823	True	t-sne	3	14.0	0.6738974874507399	355291	780	54453	48837	330218	677	52022	76444	0.5674404119298361
30.0	200.0	precomputed	12883823	True	t-sne	4	14.0	0.4990713181355999	300017	384	54141	104819	365146	610	52597	41008	0.7051580788743063
30.0	200.0	precomputed	12883823	True	t-sne	5	14.0	0.7051580788743063	365146	610	52597	41008	300017	384	54141	104819	0.4990713181355999
