method,recombination_rate,replicate_count,r_squared_mean,r_squared_std,slope_mean,slope_std,intercept_mean,intercept_std
mds,no-reassortment,5,0.968546234877237,0.017660081323340748,1.034813323757365,0.010852736365272722,-2.139689299321245,0.40696229197878026
pca,no-reassortment,5,0.7751866813392356,0.08164810088233172,0.14016579718602934,0.019099583180205562,0.8327705927796851,0.4288322303618585
t-sne,no-reassortment,5,0.5979699902566189,0.11190627727457762,0.8383917481018454,0.274951229010677,-0.42858150026424974,8.261218331050234
umap,no-reassortment,5,0.43128912558006355,0.039302636964475654,0.2949330052013045,0.09296688797905635,1.9302770233157598,2.2889587075752553
