perplexity	learning_rate	metric	random_state	square_distances	method	cv_iteration	distance_threshold	training_mcc	training_tn	training_fn	training_tp	training_fp	validation_tn	validation_fn	validation_tp	validation_fp	validation_mcc
100.0	200.0	precomputed	12883823	True	t-sne	0	0.0	0.22542135112088613	61959	8394	3359	5689	63086	7556	3079	6079	0.21499253244083627
100.0	200.0	precomputed	12883823	True	t-sne	1	0.0	0.21499253244083627	63086	7556	3079	6079	61959	8394	3359	5689	0.22542135112088613
100.0	200.0	precomputed	12883823	True	t-sne	2	0.0	0.22003467995776288	63776	7350	2849	5426	63206	8694	3567	4333	0.2738053656580493
100.0	200.0	precomputed	12883823	True	t-sne	3	0.0	0.2738053656580493	63206	8694	3567	4333	63776	7350	2849	5426	0.22003467995776288
100.0	200.0	precomputed	12883823	True	t-sne	4	0.0	0.49130577344476195	63893	4503	6033	4972	64893	8590	3261	3056	0.3031865291561479
100.0	200.0	precomputed	12883823	True	t-sne	5	0.0	0.3031865291561479	64893	8590	3261	3056	63893	4503	6033	4972	0.49130577344476195
