n_components	svd_solver	random_state	method	cv_iteration	distance_threshold	training_mcc	training_tn	training_fn	training_tp	training_fp	validation_tn	validation_fn	validation_tp	validation_fp	validation_mcc
10	full	12883823	pca	0	0.0	0.06564916222756227	36273	5368	2710	12265	37297	5280	2655	11384	0.08098778762622137
10	full	12883823	pca	1	0.0	0.08098778762622137	37297	5280	2655	11384	36273	5368	2710	12265	0.06564916222756227
10	full	12883823	pca	2	0.0	0.07388109579769572	34931	4518	2897	14270	34899	5692	3028	12997	0.060809634738513085
10	full	12883823	pca	3	0.0	0.060809634738513085	34899	5692	3028	12997	34931	4518	2897	14270	0.07388109579769572
10	full	12883823	pca	4	0.0	0.0674364506405391	37630	5374	2442	11170	35286	5127	3143	13060	0.0858857131437094
10	full	12883823	pca	5	0.0	0.0858857131437094	35286	5127	3143	13060	37630	5374	2442	11170	0.0674364506405391
