perplexity	learning_rate	metric	random_state	square_distances	method	cv_iteration	distance_threshold	training_mcc	training_tn	training_fn	training_tp	training_fp	validation_tn	validation_fn	validation_tp	validation_fp	validation_mcc
100.0	500.0	precomputed	12883823	True	t-sne	0	0.0	0.18379832096125356	44057	5971	2107	4481	40029	4912	3023	8652	0.17438802611285803
100.0	500.0	precomputed	12883823	True	t-sne	1	0.0	0.17438802611285803	40029	4912	3023	8652	44057	5971	2107	4481	0.18379832096125356
100.0	500.0	precomputed	12883823	True	t-sne	2	0.0	0.2934990219127384	45647	4881	2534	3554	44496	6379	2341	3400	0.23614380826608442
100.0	500.0	precomputed	12883823	True	t-sne	3	0.0	0.23614380826608442	44496	6379	2341	3400	45647	4881	2534	3554	0.2934990219127384
100.0	500.0	precomputed	12883823	True	t-sne	4	0.0	0.271512238027159	45481	5433	2383	3319	44975	5911	2359	3371	0.25237528262036824
100.0	500.0	precomputed	12883823	True	t-sne	5	0.0	0.25237528262036824	44975	5911	2359	3371	45481	5433	2383	3319	0.271512238027159
