perplexity	learning_rate	metric	random_state	square_distances	method	cv_iteration	distance_threshold	training_mcc	training_tn	training_fn	training_tp	training_fp	validation_tn	validation_fn	validation_tp	validation_fp	validation_mcc
15.0	100.0	precomputed	12883823	True	t-sne	0	6.0	0.2397194359489952	3944	0	352	3085	4364	0	447	2692	0.2967708144815585
15.0	100.0	precomputed	12883823	True	t-sne	1	6.0	0.2967708144815585	4364	0	447	2692	3944	0	352	3085	0.2397194359489952
15.0	100.0	precomputed	12883823	True	t-sne	2	6.0	0.25555954571780876	3961	0	394	3026	4340	0	407	2756	0.2805341071260691
15.0	100.0	precomputed	12883823	True	t-sne	3	6.0	0.2805341071260691	4340	0	407	2756	3961	0	394	3026	0.25555954571780876
15.0	100.0	precomputed	12883823	True	t-sne	4	6.0	0.2547317414068835	4139	0	357	2885	4194	0	429	2880	0.27724386704916315
15.0	100.0	precomputed	12883823	True	t-sne	5	6.0	0.27724386704916315	4194	0	429	2880	4139	0	357	2885	0.2547317414068835
