perplexity	learning_rate	metric	random_state	square_distances	method	cv_iteration	distance_threshold	training_mcc	training_tn	training_fn	training_tp	training_fp	validation_tn	validation_fn	validation_tp	validation_fp	validation_mcc
15.0	100.0	precomputed	12883823	True	t-sne	0	0.0	0.665723195631478	63529	2889	8864	4119	63891	4944	5691	5274	0.45299166461939816
15.0	100.0	precomputed	12883823	True	t-sne	1	0.0	0.45299166461939816	63891	4944	5691	5274	63529	2889	8864	4119	0.665723195631478
15.0	100.0	precomputed	12883823	True	t-sne	2	0.0	0.6442514717580446	65113	2651	7548	4089	63354	3586	8675	4185	0.6331637563763313
15.0	100.0	precomputed	12883823	True	t-sne	3	0.0	0.6331637563763313	63354	3586	8675	4185	65113	2651	7548	4089	0.6442514717580446
15.0	100.0	precomputed	12883823	True	t-sne	4	0.0	0.7492327714601595	66380	2160	8376	2485	62608	7052	4799	5341	0.3484422747115949
15.0	100.0	precomputed	12883823	True	t-sne	5	0.0	0.3484422747115949	62608	7052	4799	5341	66380	2160	8376	2485	0.7492327714601595
