init	random_state	method	cv_iteration	distance_threshold	training_mcc	training_tn	training_fn	training_tp	training_fp	validation_tn	validation_fn	validation_tp	validation_fp	validation_mcc
spectral	12883823	umap	0	4.0	0.6829912347065331	69374	863	10012	7322	71143	840	9270	6318	0.6978717228421487
spectral	12883823	umap	1	4.0	0.6978717228421487	71143	840	9270	6318	69374	863	10012	7322	0.6829912347065331
spectral	12883823	umap	2	4.0	0.7228738242195097	69945	228	10313	7085	70078	497	9922	7074	0.7045210452813758
spectral	12883823	umap	3	4.0	0.7045210452813758	70078	497	9922	7074	69945	228	10313	7085	0.7228738242195097
spectral	12883823	umap	4	4.0	0.7180996015138735	70041	458	10248	6824	70485	258	9985	6843	0.7229595432831284
spectral	12883823	umap	5	4.0	0.7229595432831284	70485	258	9985	6843	70041	458	10248	6824	0.7180996015138735
