dissimilarity	n_components	n_init	n_jobs	random_state	method	cv_iteration	distance_threshold	training_mcc	training_tn	training_fn	training_tp	training_fp	validation_tn	validation_fn	validation_tp	validation_fp	validation_mcc
precomputed	2	2	1	12883823	mds	0	4.0	0.4779549840674365	58054	835	10040	18642	63183	776	9334	14278	0.5321044810820231
precomputed	2	2	1	12883823	mds	1	4.0	0.5321044810820231	63183	776	9334	14278	58054	835	10040	18642	0.4779549840674365
precomputed	2	2	1	12883823	mds	2	4.0	0.6568407486987008	69233	994	9547	7797	60315	1338	9081	16837	0.46339798664482457
precomputed	2	2	1	12883823	mds	3	4.0	0.46339798664482457	60315	1338	9081	16837	69233	994	9547	7797	0.6568407486987008
precomputed	2	2	1	12883823	mds	4	4.0	0.4657747458587787	60303	1459	9247	16562	59876	693	9550	17452	0.491775507826563
precomputed	2	2	1	12883823	mds	5	4.0	0.491775507826563	59876	693	9550	17452	60303	1459	9247	16562	0.4657747458587787
