metric	random_state	square_distances	method	cv_iteration	distance_threshold	training_mcc	training_tn	training_fn	training_tp	training_fp	validation_tn	validation_fn	validation_tp	validation_fp	validation_mcc
precomputed	12883823	True	t-sne	0	4.0	0.7107503127764162	69374	407	10468	7322	71053	294	9816	6408	0.7305640906214022
precomputed	12883823	True	t-sne	1	4.0	0.7305640906214022	71053	294	9816	6408	69374	407	10468	7322	0.7107503127764162
precomputed	12883823	True	t-sne	2	4.0	0.6188181491939766	65271	228	10313	11759	70528	497	9922	6624	0.7165954983140073
precomputed	12883823	True	t-sne	3	4.0	0.7165954983140073	70528	497	9922	6624	65271	228	10313	11759	0.6188181491939766
precomputed	12883823	True	t-sne	4	4.0	0.7180996015138735	70041	458	10248	6824	70788	258	9985	6540	0.7312185442094332
precomputed	12883823	True	t-sne	5	4.0	0.7312185442094332	70788	258	9985	6540	70041	458	10248	6824	0.7180996015138735
