perplexity	learning_rate	metric	random_state	square_distances	method	cv_iteration	distance_threshold	training_mcc	training_tn	training_fn	training_tp	training_fp	validation_tn	validation_fn	validation_tp	validation_fp	validation_mcc
15.0	500.0	precomputed	12883823	True	t-sne	0	10.0	0.45737968975539994	33803	462	7616	14735	26398	863	7072	22283	0.3011873142098428
15.0	500.0	precomputed	12883823	True	t-sne	1	10.0	0.3011873142098428	26398	863	7072	22283	33803	462	7616	14735	0.45737968975539994
15.0	500.0	precomputed	12883823	True	t-sne	2	10.0	0.48070269850221337	37266	647	6768	11935	26841	840	7880	21055	0.33511206579864944
15.0	500.0	precomputed	12883823	True	t-sne	3	10.0	0.33511206579864944	26841	840	7880	21055	37266	647	6768	11935	0.48070269850221337
15.0	500.0	precomputed	12883823	True	t-sne	4	10.0	0.34161329929012624	29072	792	7024	19728	29127	180	8090	19219	0.4104398072779853
15.0	500.0	precomputed	12883823	True	t-sne	5	10.0	0.4104398072779853	29127	180	8090	19219	29072	792	7024	19728	0.34161329929012624
