n_components	dissimilarity	n_init	n_jobs	random_state	method	cv_iteration	distance_threshold	training_mcc	training_tn	training_fn	training_tp	training_fp	validation_tn	validation_fn	validation_tp	validation_fp	validation_mcc
4	precomputed	2	1	12883823	mds	0	2.0	0.41698236063281396	56187	3834	7919	11461	49885	3233	7402	19280	0.30059260660389897
4	precomputed	2	1	12883823	mds	1	2.0	0.30059260660389897	49885	3233	7402	19280	56187	3834	7919	11461	0.41698236063281396
4	precomputed	2	1	12883823	mds	2	2.0	0.3303575297256012	55999	3920	6279	13203	57019	3449	8812	10520	0.4738064352538682
4	precomputed	2	1	12883823	mds	3	2.0	0.4738064352538682	57019	3449	8812	10520	55999	3920	6279	13203	0.3303575297256012
4	precomputed	2	1	12883823	mds	4	2.0	0.39607108403928665	56883	3448	7088	11982	52921	3536	8315	15028	0.3755704892867528
4	precomputed	2	1	12883823	mds	5	2.0	0.3755704892867528	52921	3536	8315	15028	56883	3448	7088	11982	0.39607108403928665
