n_neighbors	min_dist	init	random_state	method	cv_iteration	distance_threshold	training_mcc	training_tn	training_fn	training_tp	training_fp	validation_tn	validation_fn	validation_tp	validation_fp	validation_mcc
25	0.25	spectral	12883823	umap	0	0.0	0.48112815165631057	53629	2027	9726	14019	63330	1857	8778	5835	0.6511698017403436
25	0.25	spectral	12883823	umap	1	0.0	0.6511698017403436	63330	1857	8778	5835	53629	2027	9726	14019	0.48112815165631057
25	0.25	spectral	12883823	umap	2	0.0	0.5142411807612676	56525	1364	8835	12677	59303	94	12167	8236	0.7194894188821777
25	0.25	spectral	12883823	umap	3	0.0	0.7194894188821777	59303	94	12167	8236	56525	1364	8835	12677	0.5142411807612676
25	0.25	spectral	12883823	umap	4	0.0	0.6552078153533879	60916	864	9672	7949	59042	1958	9893	8907	0.5896735854843486
25	0.25	spectral	12883823	umap	5	0.0	0.5896735854843486	59042	1958	9893	8907	60916	864	9672	7949	0.6552078153533879
