n_neighbors	min_dist	init	random_state	method	cv_iteration	distance_threshold	training_mcc	training_tn	training_fn	training_tp	training_fp	validation_tn	validation_fn	validation_tp	validation_fp	validation_mcc
25	0.05	spectral	12883823	umap	0	0.0	0.2059599925509746	65511	9891	1862	2137	65027	2987	7648	4138	0.6315638116840468
25	0.05	spectral	12883823	umap	1	0.0	0.6315638116840468	65027	2987	7648	4138	65511	9891	1862	2137	0.2059599925509746
25	0.05	spectral	12883823	umap	2	0.0	0.3700238500534559	68115	7695	2504	1087	65735	10072	2189	1804	0.2511156119572915
25	0.05	spectral	12883823	umap	3	0.0	0.2511156119572915	65735	10072	2189	1804	68115	7695	2504	1087	0.3700238500534559
25	0.05	spectral	12883823	umap	4	0.0	0.5749354547427689	67500	5448	5088	1365	59562	2460	9391	8387	0.5717095883280229
25	0.05	spectral	12883823	umap	5	0.0	0.5717095883280229	59562	2460	9391	8387	67500	5448	5088	1365	0.5749354547427689
