n_neighbors	min_dist	init	random_state	method	cv_iteration	distance_threshold	training_mcc	training_tn	training_fn	training_tp	training_fp	validation_tn	validation_fn	validation_tp	validation_fp	validation_mcc
25	0.05	spectral	12883823	umap	0	2.0	0.32620695121832727	5019	0	352	2010	4364	0	447	2692	0.2967708144815585
25	0.05	spectral	12883823	umap	1	2.0	0.2967708144815585	4364	0	447	2692	5019	0	352	2010	0.32620695121832727
25	0.05	spectral	12883823	umap	2	2.0	0.25259514288880397	4000	5	389	2987	5647	0	407	1449	0.4177440848675448
25	0.05	spectral	12883823	umap	3	2.0	0.4177440848675448	5647	0	407	1449	4000	5	389	2987	0.25259514288880397
25	0.05	spectral	12883823	umap	4	2.0	0.2547317414068835	4139	0	357	2885	4194	0	429	2880	0.27724386704916315
25	0.05	spectral	12883823	umap	5	2.0	0.27724386704916315	4194	0	429	2880	4139	0	357	2885	0.2547317414068835
