n_neighbors	min_dist	init	random_state	method	cv_iteration	distance_threshold	training_mcc	training_tn	training_fn	training_tp	training_fp	validation_tn	validation_fn	validation_tp	validation_fp	validation_mcc
50	0.25	spectral	12883823	umap	0	0.0	0.48040997692293946	6065	0	352	964	4364	0	447	2692	0.2967708144815585
50	0.25	spectral	12883823	umap	1	0.0	0.2967708144815585	4364	0	447	2692	6065	0	352	964	0.48040997692293946
50	0.25	spectral	12883823	umap	2	0.0	0.25555954571780876	3961	0	394	3026	4340	0	407	2756	0.2805341071260691
50	0.25	spectral	12883823	umap	3	0.0	0.2805341071260691	4340	0	407	2756	3961	0	394	3026	0.25555954571780876
50	0.25	spectral	12883823	umap	4	0.0	0.2547317414068835	4139	0	357	2885	4194	0	429	2880	0.27724386704916315
50	0.25	spectral	12883823	umap	5	0.0	0.27724386704916315	4194	0	429	2880	4139	0	357	2885	0.2547317414068835
