n_neighbors	min_dist	init	random_state	method	cv_iteration	distance_threshold	training_mcc	training_tn	training_fn	training_tp	training_fp	validation_tn	validation_fn	validation_tp	validation_fp	validation_mcc
50	0.05	spectral	12883823	umap	0	2.0	0.3222126217178328	29700	0	11753	37948	37492	0	10635	31673	0.3691336294275936
50	0.05	spectral	12883823	umap	1	2.0	0.3691336294275936	37492	0	10635	31673	29700	0	11753	37948	0.3222126217178328
50	0.05	spectral	12883823	umap	2	2.0	0.28474333925382356	38700	1364	8835	30502	31164	0	12261	36375	0.3410619777568225
50	0.05	spectral	12883823	umap	3	2.0	0.3410619777568225	31164	0	12261	36375	38700	1364	8835	30502	0.28474333925382356
50	0.05	spectral	12883823	umap	4	2.0	0.27833143853936093	26690	0	10536	42175	48601	1258	10593	19348	0.44735956797625703
50	0.05	spectral	12883823	umap	5	2.0	0.44735956797625703	48601	1258	10593	19348	26690	0	10536	42175	0.27833143853936093
