n_neighbors	min_dist	init	random_state	method	cv_iteration	distance_threshold	training_mcc	training_tn	training_fn	training_tp	training_fp	validation_tn	validation_fn	validation_tp	validation_fp	validation_mcc
100	0.05	spectral	12883823	umap	0	4.0	0.6670257192850542	352387	690	55137	51147	356550	182	52235	50394	0.6661294392339383
100	0.05	spectral	12883823	umap	1	4.0	0.6661294392339383	356550	182	52235	50394	352387	690	55137	51147	0.6670257192850542
100	0.05	spectral	12883823	umap	2	4.0	0.6552723051957166	354684	604	52095	51978	355008	371	54862	49120	0.6775158793313908
100	0.05	spectral	12883823	umap	3	4.0	0.6775158793313908	355008	371	54862	49120	354684	604	52095	51978	0.6552723051957166
100	0.05	spectral	12883823	umap	4	4.0	0.6680509638338724	353985	386	54139	50851	355856	468	52739	50298	0.6654450916686436
100	0.05	spectral	12883823	umap	5	4.0	0.6654450916686436	355856	468	52739	50298	353985	386	54139	50851	0.6680509638338724
