perplexity	learning_rate	metric	random_state	square_distances	method	cv_iteration	distance_threshold	training_mcc	training_tn	training_fn	training_tp	training_fp	validation_tn	validation_fn	validation_tp	validation_fp	validation_mcc
15.0	500.0	precomputed	12883823	True	t-sne	0	0.0	0.4146732622473987	398495	40570	15257	5039	402072	40826	11591	4872	0.35774398353902054
15.0	500.0	precomputed	12883823	True	t-sne	1	0.0	0.35774398353902054	402072	40826	11591	4872	398495	40570	15257	5039	0.4146732622473987
15.0	500.0	precomputed	12883823	True	t-sne	2	0.0	0.39610224026703605	403620	40617	12082	3042	397457	43072	12161	6671	0.3340786062618993
15.0	500.0	precomputed	12883823	True	t-sne	3	0.0	0.3340786062618993	397457	43072	12161	6671	403620	40617	12082	3042	0.39610224026703605
15.0	500.0	precomputed	12883823	True	t-sne	4	0.0	0.2796386195295165	397064	44342	10183	7772	403508	39159	14048	2646	0.4403582665686689
15.0	500.0	precomputed	12883823	True	t-sne	5	0.0	0.4403582665686689	403508	39159	14048	2646	397064	44342	10183	7772	0.2796386195295165
