n_neighbors	min_dist	init	random_state	method	cv_iteration	distance_threshold	training_mcc	training_tn	training_fn	training_tp	training_fp	validation_tn	validation_fn	validation_tp	validation_fp	validation_mcc
25	0.05	spectral	12883823	umap	0	0.0	0.5650659040149321	6385	1	351	644	6224	62	385	832	0.477324370440139
25	0.05	spectral	12883823	umap	1	0.0	0.477324370440139	6224	62	385	832	6385	1	351	644	0.5650659040149321
25	0.05	spectral	12883823	umap	2	0.0	0.5677992474630685	6349	15	379	638	6228	14	393	868	0.5108061777882741
25	0.05	spectral	12883823	umap	3	0.0	0.5108061777882741	6228	14	393	868	6349	15	379	638	0.5677992474630685
25	0.05	spectral	12883823	umap	4	0.0	0.5155499270374686	6246	9	348	778	6414	45	384	660	0.5378947520837437
25	0.05	spectral	12883823	umap	5	0.0	0.5378947520837437	6414	45	384	660	6246	9	348	778	0.5155499270374686
