n_components	svd_solver	random_state	method	cv_iteration	distance_threshold	training_mcc	training_tn	training_fn	training_tp	training_fp	validation_tn	validation_fn	validation_tp	validation_fp	validation_mcc
10	full	12883823	pca	0	2.0	0.0554838042362406	4863	201	151	2166	4475	242	205	2581	0.0454751856892877
10	full	12883823	pca	1	2.0	0.0454751856892877	4475	242	205	2581	4863	201	151	2166	0.0554838042362406
10	full	12883823	pca	2	2.0	0.03182156308737394	4449	224	170	2538	4926	219	188	2170	0.07616775973843706
10	full	12883823	pca	3	2.0	0.07616775973843706	4926	219	188	2170	4449	224	170	2538	0.03182156308737394
10	full	12883823	pca	4	2.0	0.037252791711464395	4614	205	152	2410	4669	228	201	2405	0.06268949956656582
10	full	12883823	pca	5	2.0	0.06268949956656582	4669	228	201	2405	4614	205	152	2410	0.037252791711464395
