n_neighbors	min_dist	init	random_state	method	cv_iteration	distance_threshold	training_mcc	training_tn	training_fn	training_tp	training_fp	validation_tn	validation_fn	validation_tp	validation_fp	validation_mcc
50	0.05	spectral	12883823	umap	0	2.0	0.21228277711190716	3496	0	352	3533	4364	0	447	2692	0.2967708144815585
50	0.05	spectral	12883823	umap	1	2.0	0.2967708144815585	4364	0	447	2692	3496	0	352	3533	0.21228277711190716
50	0.05	spectral	12883823	umap	2	2.0	0.25259514288880397	4000	5	389	2987	3740	0	407	3356	0.2387586381922555
50	0.05	spectral	12883823	umap	3	2.0	0.2387586381922555	3740	0	407	3356	4000	5	389	2987	0.25259514288880397
50	0.05	spectral	12883823	umap	4	2.0	0.2212392596832722	3621	0	357	3403	4194	0	429	2880	0.27724386704916315
50	0.05	spectral	12883823	umap	5	2.0	0.27724386704916315	4194	0	429	2880	3621	0	357	3403	0.2212392596832722
