perplexity	learning_rate	metric	random_state	square_distances	method	cv_iteration	distance_threshold	training_mcc	training_tn	training_fn	training_tp	training_fp	validation_tn	validation_fn	validation_tp	validation_fp	validation_mcc
30.0	200.0	precomputed	12883823	True	t-sne	0	0.0	0.26315106968452695	390779	43930	11897	12755	392734	41092	11325	14210	0.2513535232917877
30.0	200.0	precomputed	12883823	True	t-sne	1	0.0	0.2513535232917877	392734	41092	11325	14210	390779	43930	11897	12755	0.26315106968452695
30.0	200.0	precomputed	12883823	True	t-sne	2	0.0	0.30204470808793776	397522	41158	11541	9140	387467	43917	11316	16661	0.2225581423360741
30.0	200.0	precomputed	12883823	True	t-sne	3	0.0	0.2225581423360741	387467	43917	11316	16661	397522	41158	11541	9140	0.30204470808793776
30.0	200.0	precomputed	12883823	True	t-sne	4	0.0	0.17451081978961197	382881	44030	10495	21955	392018	41984	11223	14136	0.2467983129730848
30.0	200.0	precomputed	12883823	True	t-sne	5	0.0	0.2467983129730848	392018	41984	11223	14136	382881	44030	10495	21955	0.17451081978961197
