perplexity	learning_rate	metric	random_state	square_distances	method	cv_iteration	distance_threshold	training_mcc	training_tn	training_fn	training_tp	training_fp	validation_tn	validation_fn	validation_tp	validation_fp	validation_mcc
15.0	500.0	precomputed	12883823	True	t-sne	0	8.0	0.2397194359489952	3944	0	352	3085	4364	0	447	2692	0.2967708144815585
15.0	500.0	precomputed	12883823	True	t-sne	1	8.0	0.2967708144815585	4364	0	447	2692	3944	0	352	3085	0.2397194359489952
15.0	500.0	precomputed	12883823	True	t-sne	2	8.0	0.4755981347380125	6045	22	372	942	4471	13	394	2625	0.2762719976250333
15.0	500.0	precomputed	12883823	True	t-sne	3	8.0	0.2762719976250333	4471	13	394	2625	6045	22	372	942	0.4755981347380125
15.0	500.0	precomputed	12883823	True	t-sne	4	8.0	0.23545882865414564	4925	67	290	2099	6453	14	415	621	0.5919773185269812
15.0	500.0	precomputed	12883823	True	t-sne	5	8.0	0.5919773185269812	6453	14	415	621	4925	67	290	2099	0.23545882865414564
