perplexity	learning_rate	metric	random_state	square_distances	method	cv_iteration	distance_threshold	training_mcc	training_tn	training_fn	training_tp	training_fp	validation_tn	validation_fn	validation_tp	validation_fp	validation_mcc
15.0	500.0	precomputed	12883823	True	t-sne	0	6.0	0.52590689874976	37373	504	7574	11165	26398	863	7072	22283	0.3011873142098428
15.0	500.0	precomputed	12883823	True	t-sne	1	6.0	0.3011873142098428	26398	863	7072	22283	37373	504	7574	11165	0.52590689874976
15.0	500.0	precomputed	12883823	True	t-sne	2	6.0	0.67795622901324	44917	919	6496	4284	26841	840	7880	21055	0.33511206579864944
15.0	500.0	precomputed	12883823	True	t-sne	3	6.0	0.33511206579864944	26841	840	7880	21055	44917	919	6496	4284	0.67795622901324
15.0	500.0	precomputed	12883823	True	t-sne	4	6.0	0.3805000122174188	32915	1048	6768	15885	34728	738	7532	13618	0.45928292289626377
15.0	500.0	precomputed	12883823	True	t-sne	5	6.0	0.45928292289626377	34728	738	7532	13618	32915	1048	6768	15885	0.3805000122174188
