perplexity	learning_rate	metric	random_state	square_distances	method	cv_iteration	distance_threshold	training_mcc	training_tn	training_fn	training_tp	training_fp	validation_tn	validation_fn	validation_tp	validation_fp	validation_mcc
100.0	100.0	precomputed	12883823	True	t-sne	0	0.0	0.5861177404989888	6572	32	320	457	6343	97	350	713	0.46288742738449445
100.0	100.0	precomputed	12883823	True	t-sne	1	0.0	0.46288742738449445	6343	97	350	713	6572	32	320	457	0.5861177404989888
100.0	100.0	precomputed	12883823	True	t-sne	2	0.0	0.5734443119134989	6475	42	352	512	6658	132	275	438	0.47419601221667346
100.0	100.0	precomputed	12883823	True	t-sne	3	0.0	0.47419601221667346	6658	132	275	438	6475	42	352	512	0.5734443119134989
100.0	100.0	precomputed	12883823	True	t-sne	4	0.0	0.37698573870233154	6140	84	273	884	6689	108	321	385	0.551761563705392
100.0	100.0	precomputed	12883823	True	t-sne	5	0.0	0.551761563705392	6689	108	321	385	6140	84	273	884	0.37698573870233154
