n_components	svd_solver	random_state	method	cv_iteration	distance_threshold	training_mcc	training_tn	training_fn	training_tp	training_fp	validation_tn	validation_fn	validation_tp	validation_fp	validation_mcc
10	full	12883823	pca	0	2.0	0.06734845494262884	47863	7289	4464	19785	31140	4816	5819	38025	-0.00178739016428261
10	full	12883823	pca	1	2.0	-0.00178739016428261	31140	4816	5819	38025	47863	7289	4464	19785	0.06734845494262884
10	full	12883823	pca	2	2.0	0.0015053473617813232	32765	4806	5393	36437	41577	7203	5058	25962	0.020807891933087574
10	full	12883823	pca	3	2.0	0.020807891933087574	41577	7203	5058	25962	32765	4806	5393	36437	0.0015053473617813232
10	full	12883823	pca	4	2.0	-0.00334641181132976	33655	5201	5335	35210	31879	5580	6271	36070	-0.001201094798904689
10	full	12883823	pca	5	2.0	-0.001201094798904689	31879	5580	6271	36070	33655	5201	5335	35210	-0.00334641181132976
