perplexity	learning_rate	metric	random_state	square_distances	method	cv_iteration	distance_threshold	training_mcc	training_tn	training_fn	training_tp	training_fp	validation_tn	validation_fn	validation_tp	validation_fp	validation_mcc
30.0	100.0	precomputed	12883823	True	t-sne	0	4.0	0.34361322642763126	34268	315	11438	33380	27004	0	10635	42161	0.28043944312033936
30.0	100.0	precomputed	12883823	True	t-sne	1	4.0	0.28043944312033936	27004	0	10635	42161	34268	315	11438	33380	0.34361322642763126
30.0	100.0	precomputed	12883823	True	t-sne	2	4.0	0.24399147472866328	26750	414	9785	42452	40229	0	12261	27310	0.42960243967326167
30.0	100.0	precomputed	12883823	True	t-sne	3	4.0	0.42960243967326167	40229	0	12261	27310	26750	414	9785	42452	0.24399147472866328
30.0	100.0	precomputed	12883823	True	t-sne	4	4.0	0.2805597045029597	28914	224	10312	39951	31799	252	11599	36150	0.32404164581943784
30.0	100.0	precomputed	12883823	True	t-sne	5	4.0	0.32404164581943784	31799	252	11599	36150	28914	224	10312	39951	0.2805597045029597
