n_neighbors	min_dist	init	random_state	method	cv_iteration	distance_threshold	training_mcc	training_tn	training_fn	training_tp	training_fp	validation_tn	validation_fn	validation_tp	validation_fp	validation_mcc
25	0.05	spectral	12883823	umap	0	8.0	0.3222126217178328	29700	0	11753	37948	37492	0	10635	31673	0.3691336294275936
25	0.05	spectral	12883823	umap	1	8.0	0.3691336294275936	37492	0	10635	31673	29700	0	11753	37948	0.3222126217178328
25	0.05	spectral	12883823	umap	2	8.0	0.26237660084662323	25280	0	10199	43922	55809	0	12261	11730	0.6498506807307348
25	0.05	spectral	12883823	umap	3	8.0	0.6498506807307348	55809	0	12261	11730	25280	0	10199	43922	0.26237660084662323
25	0.05	spectral	12883823	umap	4	8.0	0.27833143853936093	26690	0	10536	42175	35775	0	11851	32174	0.3764662977867698
25	0.05	spectral	12883823	umap	5	8.0	0.3764662977867698	35775	0	11851	32174	26690	0	10536	42175	0.27833143853936093
