perplexity	learning_rate	metric	random_state	square_distances	method	cv_iteration	distance_threshold	training_mcc	training_tn	training_fn	training_tp	training_fp	validation_tn	validation_fn	validation_tp	validation_fp	validation_mcc
15.0	100.0	precomputed	12883823	True	t-sne	0	4.0	0.7135184773438624	401853	23809	32018	1681	402790	27361	25056	4154	0.6095257798674463
15.0	100.0	precomputed	12883823	True	t-sne	1	4.0	0.6095257798674463	402790	27361	25056	4154	401853	23809	32018	1681	0.7135184773438624
15.0	100.0	precomputed	12883823	True	t-sne	2	4.0	0.6592170779633512	404983	26419	26280	1679	402516	25522	29711	1612	0.6889253594251248
15.0	100.0	precomputed	12883823	True	t-sne	3	4.0	0.6889253594251248	402516	25522	29711	1612	404983	26419	26280	1679	0.6592170779633512
15.0	100.0	precomputed	12883823	True	t-sne	4	4.0	0.6863879437681102	403029	25194	29331	1807	402471	30912	22295	3683	0.5679734327389623
15.0	100.0	precomputed	12883823	True	t-sne	5	4.0	0.5679734327389623	402471	30912	22295	3683	403029	25194	29331	1807	0.6863879437681102
