perplexity	learning_rate	metric	random_state	square_distances	method	cv_iteration	distance_threshold	training_mcc	training_tn	training_fn	training_tp	training_fp	validation_tn	validation_fn	validation_tp	validation_fp	validation_mcc
15.0	100.0	precomputed	12883823	True	t-sne	0	4.0	0.28345695288988054	4547	0	352	2482	4364	0	447	2692	0.2967708144815585
15.0	100.0	precomputed	12883823	True	t-sne	1	4.0	0.2967708144815585	4364	0	447	2692	4547	0	352	2482	0.28345695288988054
15.0	100.0	precomputed	12883823	True	t-sne	2	4.0	0.3537587724950272	5172	8	386	1815	4340	0	407	2756	0.2805341071260691
15.0	100.0	precomputed	12883823	True	t-sne	3	4.0	0.2805341071260691	4340	0	407	2756	5172	8	386	1815	0.3537587724950272
15.0	100.0	precomputed	12883823	True	t-sne	4	4.0	0.2547317414068835	4139	0	357	2885	4194	0	429	2880	0.27724386704916315
15.0	100.0	precomputed	12883823	True	t-sne	5	4.0	0.27724386704916315	4194	0	429	2880	4139	0	357	2885	0.2547317414068835
