method,recombination_rate,replicate_count,r_squared_mean,r_squared_std,slope_mean,slope_std,intercept_mean,intercept_std
mds,high,5,0.946049481132544,0.008658212383616552,1.066049342109529,0.005924463670758106,-5.810521574930652,0.3261339227704472
pca,high,5,0.7567653205357096,0.03344652176190546,0.13355501671929246,0.005213616261317319,-0.8556114798338779,0.2611935606965254
t-sne,high,5,0.6706243660468143,0.05338083225316171,0.608630033381969,0.06350200536117112,-10.934947861125234,2.3130059889535097
umap,high,5,0.4450692849586278,0.0990299349514844,0.24482224480744078,0.040063023899397435,-1.3852730370232893,2.668512362603629
