method,recombination_rate,replicate_count,r_squared_mean,r_squared_std,slope_mean,slope_std,intercept_mean,intercept_std
mds,high-recombination-rate,5,0.9503386305493329,0.010866018125685162,1.0655182868449171,0.00469820782537108,-6.321605768249671,0.49338596411230645
pca,high-recombination-rate,5,0.7753217251642444,0.021838678534813256,0.12589231851630622,0.006731792479809295,-0.5267144309206676,0.4218465277368956
t-sne,high-recombination-rate,5,0.6959567715812509,0.044506038805301525,0.5723170928504029,0.1366841807927659,-10.960284763134478,6.044110293106275
umap,high-recombination-rate,5,0.5055517969126013,0.11688331256545109,0.20312012471131138,0.02794335005707838,-1.0664924043181052,2.9269680882178903
