n_neighbors	min_dist	init	random_state	method	cv_iteration	distance_threshold	training_mcc	training_tn	training_fn	training_tp	training_fp	validation_tn	validation_fn	validation_tp	validation_fp	validation_mcc
50	0.1	spectral	12883823	umap	0	10.0	0.5018050730049244	298306	381	55446	105228	289976	182	52235	116968	0.46739938518625473
50	0.1	spectral	12883823	umap	1	10.0	0.46739938518625473	289976	182	52235	116968	298306	381	55446	105228	0.5018050730049244
50	0.1	spectral	12883823	umap	2	10.0	0.4735312460625009	293256	400	52299	113406	235553	5944	49289	168575	0.3095513841683812
50	0.1	spectral	12883823	umap	3	10.0	0.3095513841683812	235553	5944	49289	168575	293256	400	52299	113406	0.4735312460625009
50	0.1	spectral	12883823	umap	4	10.0	0.5331208215536738	315723	932	53593	89113	185020	176	53031	221134	0.29503315895404447
50	0.1	spectral	12883823	umap	5	10.0	0.29503315895404447	185020	176	53031	221134	315723	932	53593	89113	0.5331208215536738
