n_neighbors	min_dist	init	random_state	method	cv_iteration	distance_threshold	training_mcc	training_tn	training_fn	training_tp	training_fp	validation_tn	validation_fn	validation_tp	validation_fp	validation_mcc
50	0.25	spectral	12883823	umap	0	10.0	0.14938763891090592	63860	4	55823	339674	146110	0	52417	260834	0.2451108257944313
50	0.25	spectral	12883823	umap	1	10.0	0.2451108257944313	146110	0	52417	260834	63860	4	55823	339674	0.14938763891090592
50	0.25	spectral	12883823	umap	2	10.0	0.5992776905528896	339361	502	52197	67301	132809	79	55154	271319	0.23469645227280825
50	0.25	spectral	12883823	umap	3	10.0	0.23469645227280825	132809	79	55154	271319	339361	502	52197	67301	0.5992776905528896
50	0.25	spectral	12883823	umap	4	10.0	0.3640875722803368	228565	95	54430	176271	221647	105	53102	184507	0.3482269100738072
50	0.25	spectral	12883823	umap	5	10.0	0.3482269100738072	221647	105	53102	184507	228565	95	54430	176271	0.3640875722803368
