n_neighbors	min_dist	init	random_state	method	cv_iteration	distance_threshold	training_mcc	training_tn	training_fn	training_tp	training_fp	validation_tn	validation_fn	validation_tp	validation_fp	validation_mcc
50	0.05	spectral	12883823	umap	0	10.0	0.35505791344984394	223583	608	55219	179951	356550	182	52235	50394	0.6661294392339383
50	0.05	spectral	12883823	umap	1	10.0	0.6661294392339383	356550	182	52235	50394	223583	608	55219	179951	0.35505791344984394
50	0.05	spectral	12883823	umap	2	10.0	0.26999613743932394	168367	297	52402	238295	308723	264	54969	95405	0.5261705085025998
50	0.05	spectral	12883823	umap	3	10.0	0.5261705085025998	308723	264	54969	95405	168367	297	52402	238295	0.26999613743932394
50	0.05	spectral	12883823	umap	4	10.0	0.6174005816951262	340727	384	54141	64109	132390	408	52799	273764	0.22468606530019358
50	0.05	spectral	12883823	umap	5	10.0	0.22468606530019358	132390	408	52799	273764	340727	384	54141	64109	0.6174005816951262
