metric	random_state	square_distances	method	cv_iteration	distance_threshold	training_mcc	training_tn	training_fn	training_tp	training_fp	validation_tn	validation_fn	validation_tp	validation_fp	validation_mcc
precomputed	12883823	True	t-sne	0	8.0	0.4389238535295451	56726	1194	9681	19970	59268	801	9309	18193	0.4722519015574467
precomputed	12883823	True	t-sne	1	8.0	0.4722519015574467	59268	801	9309	18193	56726	1194	9681	19970	0.4389238535295451
precomputed	12883823	True	t-sne	2	8.0	0.4687071853648678	58396	891	9650	18634	57935	1080	9339	19217	0.44703118961006333
precomputed	12883823	True	t-sne	3	8.0	0.44703118961006333	57935	1080	9339	19217	58396	891	9650	18634	0.4687071853648678
precomputed	12883823	True	t-sne	4	8.0	0.447720370129287	57156	1053	9653	19709	59142	895	9348	18186	0.46893294455783335
precomputed	12883823	True	t-sne	5	8.0	0.46893294455783335	59142	895	9348	18186	57156	1053	9653	19709	0.447720370129287
