init	random_state	method	cv_iteration	distance_threshold	training_mcc	training_tn	training_fn	training_tp	training_fp	validation_tn	validation_fn	validation_tp	validation_fp	validation_mcc
spectral	12883823	umap	0	8.0	0.5890221626954454	63782	457	10418	12914	53319	293	9817	24142	0.4324403268867981
spectral	12883823	umap	1	8.0	0.4324403268867981	53319	293	9817	24142	63782	457	10418	12914	0.5890221626954454
spectral	12883823	umap	2	8.0	0.5751264610708844	61948	1	10540	15082	64019	579	9840	13133	0.569803051254628
spectral	12883823	umap	3	8.0	0.569803051254628	64019	579	9840	13133	61948	1	10540	15082	0.5751264610708844
spectral	12883823	umap	4	8.0	0.5913200656113262	65133	727	9979	11732	59111	258	9985	18217	0.5084431748312029
spectral	12883823	umap	5	8.0	0.5084431748312029	59111	258	9985	18217	65133	727	9979	11732	0.5913200656113262
