dissimilarity	n_components	n_init	n_jobs	random_state	method	cv_iteration	distance_threshold	training_mcc	training_tn	training_fn	training_tp	training_fp	validation_tn	validation_fn	validation_tp	validation_fp	validation_mcc
precomputed	2	2	1	12883823	mds	0	8.0	0.6360186096961973	69743	1774	9101	6953	60040	1088	9022	17421	0.4646032142885025
precomputed	2	2	1	12883823	mds	1	8.0	0.4646032142885025	60040	1088	9022	17421	69743	1774	9101	6953	0.6360186096961973
precomputed	2	2	1	12883823	mds	2	8.0	0.4560024190965494	58258	1067	9474	18772	61884	1523	8896	15268	0.47510639805609967
precomputed	2	2	1	12883823	mds	3	8.0	0.47510639805609967	61884	1523	8896	15268	58258	1067	9474	18772	0.4560024190965494
precomputed	2	2	1	12883823	mds	4	8.0	0.4812606032176014	61273	1443	9263	15592	58581	828	9415	18747	0.46562812588510905
precomputed	2	2	1	12883823	mds	5	8.0	0.46562812588510905	58581	828	9415	18747	61273	1443	9263	15592	0.4812606032176014
