init	random_state	method	cv_iteration	distance_threshold	training_mcc	training_tn	training_fn	training_tp	training_fp	validation_tn	validation_fn	validation_tp	validation_fp	validation_mcc
spectral	12883823	umap	0	14.0	0.25636844339171516	28555	83	10792	48141	23790	78	10032	53671	0.21487770280187438
spectral	12883823	umap	1	14.0	0.21487770280187438	23790	78	10032	53671	28555	83	10792	48141	0.25636844339171516
spectral	12883823	umap	2	14.0	0.21287124650880462	22644	76	10465	54386	30635	823	9596	46517	0.21464944948361014
spectral	12883823	umap	3	14.0	0.21464944948361014	30635	823	9596	46517	22644	76	10465	54386	0.21287124650880462
spectral	12883823	umap	4	14.0	0.37348370724141977	43818	0	10706	33047	43771	47	10196	33557	0.3608831608540574
spectral	12883823	umap	5	14.0	0.3608831608540574	43771	47	10196	33557	43818	0	10706	33047	0.37348370724141977
