dissimilarity	n_components	n_init	n_jobs	random_state	method	cv_iteration	distance_threshold	training_mcc	training_tn	training_fn	training_tp	training_fp	validation_tn	validation_fn	validation_tp	validation_fp	validation_mcc
precomputed	2	2	1	12883823	mds	0	14.0	0.16528581959828226	18450	377	10498	58246	19395	454	9656	58066	0.15683692488864606
precomputed	2	2	1	12883823	mds	1	14.0	0.15683692488864606	19395	454	9656	58066	18450	377	10498	58246	0.16528581959828226
precomputed	2	2	1	12883823	mds	2	14.0	0.14522578621239277	20071	744	9797	56959	52472	524	9895	24680	0.4171573551278532
precomputed	2	2	1	12883823	mds	3	14.0	0.4171573551278532	52472	524	9895	24680	20071	744	9797	56959	0.14522578621239277
precomputed	2	2	1	12883823	mds	4	14.0	0.1417275282840822	17713	584	10122	59152	20066	330	9913	57262	0.17280532876177665
precomputed	2	2	1	12883823	mds	5	14.0	0.17280532876177665	20066	330	9913	57262	17713	584	10122	59152	0.1417275282840822
