metric	random_state	square_distances	method	cv_iteration	distance_threshold	training_mcc	training_tn	training_fn	training_tp	training_fp	validation_tn	validation_fn	validation_tp	validation_fp	validation_mcc
precomputed	12883823	True	t-sne	0	14.0	0.2734171730915098	30686	48	10827	46010	40958	95	10015	36503	0.33258485290284784
precomputed	12883823	True	t-sne	1	14.0	0.33258485290284784	40958	95	10015	36503	30686	48	10827	46010	0.2734171730915098
precomputed	12883823	True	t-sne	2	14.0	0.3146091385914317	42393	706	9835	34637	40411	712	9707	36741	0.29546024674294596
precomputed	12883823	True	t-sne	3	14.0	0.29546024674294596	40411	712	9707	36741	42393	706	9835	34637	0.3146091385914317
precomputed	12883823	True	t-sne	4	14.0	0.2566005365205214	28591	48	10658	48274	32118	1	10242	45210	0.27691850806587265
precomputed	12883823	True	t-sne	5	14.0	0.27691850806587265	32118	1	10242	45210	28591	48	10658	48274	0.2566005365205214
