perplexity	learning_rate	metric	random_state	square_distances	method	cv_iteration	distance_threshold	training_mcc	training_tn	training_fn	training_tp	training_fp	validation_tn	validation_fn	validation_tp	validation_fp	validation_mcc
30.0	100.0	precomputed	12883823	True	t-sne	0	2.0	0.2540681613774236	4225	4	348	2804	3740	0	447	3316	0.2509245577835475
30.0	100.0	precomputed	12883823	True	t-sne	1	2.0	0.2509245577835475	3740	0	447	3316	4225	4	348	2804	0.2540681613774236
30.0	100.0	precomputed	12883823	True	t-sne	2	2.0	0.31362224057496696	4704	1	393	2283	4167	0	407	2929	0.2676634863778242
30.0	100.0	precomputed	12883823	True	t-sne	3	2.0	0.2676634863778242	4167	0	407	2929	4704	1	393	2283	0.31362224057496696
30.0	100.0	precomputed	12883823	True	t-sne	4	2.0	0.26700506383341327	4309	0	357	2715	5895	8	421	1179	0.46180079772325905
30.0	100.0	precomputed	12883823	True	t-sne	5	2.0	0.46180079772325905	5895	8	421	1179	4309	0	357	2715	0.26700506383341327
