n_neighbors	min_dist	init	random_state	method	cv_iteration	distance_threshold	training_mcc	training_tn	training_fn	training_tp	training_fp	validation_tn	validation_fn	validation_tp	validation_fp	validation_mcc
50	0.05	spectral	12883823	umap	0	14.0	0.14938763891090592	63860	4	55823	339674	197540	0	52417	209404	0.3117410844696288
50	0.05	spectral	12883823	umap	1	14.0	0.3117410844696288	197540	0	52417	209404	63860	4	55823	339674	0.14938763891090592
50	0.05	spectral	12883823	umap	2	14.0	0.26999613743932394	168367	297	52402	238295	259931	189	55044	144197	0.41986049499483497
50	0.05	spectral	12883823	umap	3	14.0	0.41986049499483497	259931	189	55044	144197	168367	297	52402	238295	0.26999613743932394
50	0.05	spectral	12883823	umap	4	14.0	0.3644391642404911	228771	93	54432	176065	68718	0	53207	337436	0.15180436210159023
50	0.05	spectral	12883823	umap	5	14.0	0.15180436210159023	68718	0	53207	337436	228771	93	54432	176065	0.3644391642404911
