n_neighbors	min_dist	init	random_state	method	cv_iteration	distance_threshold	training_mcc	training_tn	training_fn	training_tp	training_fp	validation_tn	validation_fn	validation_tp	validation_fp	validation_mcc
50	0.1	spectral	12883823	umap	0	14.0	0.14938763891090592	63860	4	55823	339674	229655	83	52334	177289	0.3578493816784389
50	0.1	spectral	12883823	umap	1	14.0	0.3578493816784389	229655	83	52334	177289	63860	4	55823	339674	0.14938763891090592
50	0.1	spectral	12883823	umap	2	14.0	0.3574003127876837	228825	103	52596	177837	44505	945	54288	359623	0.10132091745809389
50	0.1	spectral	12883823	umap	3	14.0	0.10132091745809389	44505	945	54288	359623	228825	103	52596	177837	0.3574003127876837
50	0.1	spectral	12883823	umap	4	14.0	0.17863551196676747	99046	914	53611	305790	68718	0	53207	337436	0.15180436210159023
50	0.1	spectral	12883823	umap	5	14.0	0.15180436210159023	68718	0	53207	337436	99046	914	53611	305790	0.17863551196676747
