perplexity	learning_rate	metric	random_state	square_distances	method	cv_iteration	distance_threshold	training_mcc	training_tn	training_fn	training_tp	training_fp	validation_tn	validation_fn	validation_tp	validation_fp	validation_mcc
30.0	200.0	precomputed	12883823	True	t-sne	0	0.0	0.2528865412627685	44176	5428	2650	4362	46268	3784	4151	2413	0.5134890677042697
30.0	200.0	precomputed	12883823	True	t-sne	1	0.0	0.5134890677042697	46268	3784	4151	2413	44176	5428	2650	4362	0.2528865412627685
30.0	200.0	precomputed	12883823	True	t-sne	2	0.0	0.492890420380579	46498	3535	3880	2703	44193	5947	2773	3703	0.2729748068466467
30.0	200.0	precomputed	12883823	True	t-sne	3	0.0	0.2729748068466467	44193	5947	2773	3703	46498	3535	3880	2703	0.492890420380579
30.0	200.0	precomputed	12883823	True	t-sne	4	0.0	0.4905760954130124	46399	3942	3874	2401	46036	4077	4193	2310	0.5086672460254498
30.0	200.0	precomputed	12883823	True	t-sne	5	0.0	0.5086672460254498	46036	4077	4193	2310	46399	3942	3874	2401	0.4905760954130124
