perplexity	learning_rate	metric	random_state	square_distances	method	cv_iteration	distance_threshold	training_mcc	training_tn	training_fn	training_tp	training_fp	validation_tn	validation_fn	validation_tp	validation_fp	validation_mcc
30.0	200.0	precomputed	12883823	True	t-sne	0	0.0	0.6067551759533663	6600	27	325	429	6595	63	384	461	0.594296769025236
30.0	200.0	precomputed	12883823	True	t-sne	1	0.0	0.594296769025236	6595	63	384	461	6600	27	325	429	0.6067551759533663
30.0	200.0	precomputed	12883823	True	t-sne	2	0.0	0.5818511466083527	6500	43	351	487	6787	33	374	309	0.6892785198030966
30.0	200.0	precomputed	12883823	True	t-sne	3	0.0	0.6892785198030966	6787	33	374	309	6500	43	351	487	0.5818511466083527
30.0	200.0	precomputed	12883823	True	t-sne	4	0.0	0.5116358964205385	6468	56	301	556	6712	40	389	362	0.6618947869890577
30.0	200.0	precomputed	12883823	True	t-sne	5	0.0	0.6618947869890577	6712	40	389	362	6468	56	301	556	0.5116358964205385
