init	random_state	method	cv_iteration	distance_threshold	training_mcc	training_tn	training_fn	training_tp	training_fp	validation_tn	validation_fn	validation_tp	validation_fp	validation_mcc
spectral	12883823	umap	0	6.0	0.6829912347065331	69374	863	10012	7322	68729	840	9270	8732	0.6359244343755287
spectral	12883823	umap	1	6.0	0.6359244343755287	68729	840	9270	8732	69374	863	10012	7322	0.6829912347065331
spectral	12883823	umap	2	6.0	0.5712888199271909	62575	228	10313	14455	66354	497	9922	10798	0.6188369873155881
spectral	12883823	umap	3	6.0	0.6188369873155881	66354	497	9922	10798	62575	228	10313	14455	0.5712888199271909
spectral	12883823	umap	4	6.0	0.6698669989503817	67989	418	10288	8876	70485	258	9985	6843	0.7229595432831284
spectral	12883823	umap	5	6.0	0.7229595432831284	70485	258	9985	6843	67989	418	10288	8876	0.6698669989503817
