metric	random_state	square_distances	method	cv_iteration	distance_threshold	training_mcc	training_tn	training_fn	training_tp	training_fp	validation_tn	validation_fn	validation_tp	validation_fp	validation_mcc
precomputed	12883823	True	t-sne	0	6.0	0.5819124695858165	63065	368	10507	13631	58124	294	9816	19337	0.4891125509440389
precomputed	12883823	True	t-sne	1	6.0	0.4891125509440389	58124	294	9816	19337	63065	368	10507	13631	0.5819124695858165
precomputed	12883823	True	t-sne	2	6.0	0.5847287942971638	63379	228	10313	13651	70078	497	9922	7074	0.7045210452813758
precomputed	12883823	True	t-sne	3	6.0	0.7045210452813758	70078	497	9922	7074	63379	228	10313	13651	0.5847287942971638
precomputed	12883823	True	t-sne	4	6.0	0.5654870832891125	62749	458	10248	14116	63975	216	10027	13353	0.5857103610832695
precomputed	12883823	True	t-sne	5	6.0	0.5857103610832695	63975	216	10027	13353	62749	458	10248	14116	0.5654870832891125
