perplexity	learning_rate	metric	random_state	square_distances	method	cv_iteration	distance_threshold	training_mcc	training_tn	training_fn	training_tp	training_fp	validation_tn	validation_fn	validation_tp	validation_fp	validation_mcc
15.0	500.0	precomputed	12883823	True	t-sne	0	4.0	0.6894097549051785	45420	1580	6498	3118	38145	1316	6619	10536	0.46662460517565907
15.0	500.0	precomputed	12883823	True	t-sne	1	4.0	0.46662460517565907	38145	1316	6619	10536	45420	1580	6498	3118	0.6894097549051785
15.0	500.0	precomputed	12883823	True	t-sne	2	4.0	0.67795622901324	44917	919	6496	4284	35641	1040	7680	12255	0.47224437927678986
15.0	500.0	precomputed	12883823	True	t-sne	3	4.0	0.47224437927678986	35641	1040	7680	12255	44917	919	6496	4284	0.67795622901324
15.0	500.0	precomputed	12883823	True	t-sne	4	4.0	0.6469671800741778	45357	1795	6021	3443	42594	1082	7188	5752	0.630980153104585
15.0	500.0	precomputed	12883823	True	t-sne	5	4.0	0.630980153104585	42594	1082	7188	5752	45357	1795	6021	3443	0.6469671800741778
