perplexity	learning_rate	metric	random_state	square_distances	method	cv_iteration	distance_threshold	training_mcc	training_tn	training_fn	training_tp	training_fp	validation_tn	validation_fn	validation_tp	validation_fp	validation_mcc
30.0	200.0	precomputed	12883823	True	t-sne	0	2.0	0.609835590600459	63073	3539	8214	4575	64949	2681	7954	4216	0.6494166992782304
30.0	200.0	precomputed	12883823	True	t-sne	1	2.0	0.6494166992782304	64949	2681	7954	4216	63073	3539	8214	4575	0.609835590600459
30.0	200.0	precomputed	12883823	True	t-sne	2	2.0	0.6726989783417041	65508	2454	7745	3694	63890	3497	8764	3649	0.6574408669777896
30.0	200.0	precomputed	12883823	True	t-sne	3	2.0	0.6574408669777896	63890	3497	8764	3649	65508	2454	7745	3694	0.6726989783417041
30.0	200.0	precomputed	12883823	True	t-sne	4	2.0	0.729232015173676	65248	1764	8772	3617	55868	3735	8116	12081	0.4147010581824126
30.0	200.0	precomputed	12883823	True	t-sne	5	2.0	0.4147010581824126	55868	3735	8116	12081	65248	1764	8772	3617	0.729232015173676
