perplexity	learning_rate	metric	random_state	square_distances	method	cv_iteration	distance_threshold	training_mcc	training_tn	training_fn	training_tp	training_fp	validation_tn	validation_fn	validation_tp	validation_fp	validation_mcc
30.0	200.0	precomputed	12883823	True	t-sne	0	2.0	0.6121157635627954	401224	30739	25088	2310	402639	28243	24174	4305	0.594100867097948
30.0	200.0	precomputed	12883823	True	t-sne	1	2.0	0.594100867097948	402639	28243	24174	4305	401224	30739	25088	2310	0.6121157635627954
30.0	200.0	precomputed	12883823	True	t-sne	2	2.0	0.6432047095890077	405060	27608	25091	1602	402540	32778	22455	1588	0.5879732280007438
30.0	200.0	precomputed	12883823	True	t-sne	3	2.0	0.5879732280007438	402540	32778	22455	1588	405060	27608	25091	1602	0.6432047095890077
30.0	200.0	precomputed	12883823	True	t-sne	4	2.0	0.6635565493221093	402847	26698	27827	1989	404660	31459	21748	1494	0.5914458777102123
30.0	200.0	precomputed	12883823	True	t-sne	5	2.0	0.5914458777102123	404660	31459	21748	1494	402847	26698	27827	1989	0.6635565493221093
