perplexity	learning_rate	metric	random_state	square_distances	method	cv_iteration	distance_threshold	training_mcc	training_tn	training_fn	training_tp	training_fp	validation_tn	validation_fn	validation_tp	validation_fp	validation_mcc
30.0	100.0	precomputed	12883823	True	t-sne	0	10.0	0.6080533593472364	336707	705	55122	66827	368923	2382	50035	38021	0.695545145495433
30.0	100.0	precomputed	12883823	True	t-sne	1	10.0	0.695545145495433	368923	2382	50035	38021	336707	705	55122	66827	0.6080533593472364
30.0	100.0	precomputed	12883823	True	t-sne	2	10.0	0.5674404119298361	330218	677	52022	76444	339411	875	54358	64717	0.6115940288431524
30.0	100.0	precomputed	12883823	True	t-sne	3	10.0	0.6115940288431524	339411	875	54358	64717	330218	677	52022	76444	0.5674404119298361
30.0	100.0	precomputed	12883823	True	t-sne	4	10.0	0.6059721226738412	339295	924	53601	65541	354866	2970	50237	51288	0.6308165343835291
30.0	100.0	precomputed	12883823	True	t-sne	5	10.0	0.6308165343835291	354866	2970	50237	51288	339295	924	53601	65541	0.6059721226738412
