n_components	svd_solver	random_state	method	cv_iteration	distance_threshold	training_mcc	training_tn	training_fn	training_tp	training_fp	validation_tn	validation_fn	validation_tp	validation_fp	validation_mcc
10	full	12883823	pca	0	4.0	0.07426618090598458	26528	3559	4519	22010	27267	3829	4106	21414	0.05411969868716896
10	full	12883823	pca	1	4.0	0.05411969868716896	27267	3829	4106	21414	26528	3559	4519	22010	0.07426618090598458
10	full	12883823	pca	2	4.0	0.06932416845027697	27247	3347	4068	21954	26076	3870	4850	21820	0.07276474403104322
10	full	12883823	pca	3	4.0	0.07276474403104322	26076	3870	4850	21820	27247	3347	4068	21954	0.06932416845027697
10	full	12883823	pca	4	4.0	0.060989616759146534	27609	3735	4081	21191	26560	3617	4653	21786	0.07929148908387965
10	full	12883823	pca	5	4.0	0.07929148908387965	26560	3617	4653	21786	27609	3735	4081	21191	0.060989616759146534
