n_neighbors	min_dist	init	random_state	method	cv_iteration	distance_threshold	training_mcc	training_tn	training_fn	training_tp	training_fp	validation_tn	validation_fn	validation_tp	validation_fp	validation_mcc
100	0.05	spectral	12883823	umap	0	4.0	0.40931427772209794	29004	102	7976	19534	16620	0	7935	32061	0.2602561194656133
100	0.05	spectral	12883823	umap	1	4.0	0.2602561194656133	16620	0	7935	32061	29004	102	7976	19534	0.40931427772209794
100	0.05	spectral	12883823	umap	2	4.0	0.2525548319229307	16836	0	7415	32365	31204	1519	7201	16692	0.3488472233974032
100	0.05	spectral	12883823	umap	3	4.0	0.3488472233974032	31204	1519	7201	16692	16836	0	7415	32365	0.2525548319229307
100	0.05	spectral	12883823	umap	4	4.0	0.2650534612092785	17262	0	7816	31538	17262	0	8270	31084	0.27391990754749906
100	0.05	spectral	12883823	umap	5	4.0	0.27391990754749906	17262	0	8270	31084	17262	0	7816	31538	0.2650534612092785
