n_neighbors	min_dist	init	random_state	method	cv_iteration	distance_threshold	training_mcc	training_tn	training_fn	training_tp	training_fp	validation_tn	validation_fn	validation_tp	validation_fp	validation_mcc
100	0.05	spectral	12883823	umap	0	0.0	0.25038708423568484	65656	9554	2199	1992	65574	4042	6593	3591	0.5785726554658758
100	0.05	spectral	12883823	umap	1	0.0	0.5785726554658758	65574	4042	6593	3591	65656	9554	2199	1992	0.25038708423568484
100	0.05	spectral	12883823	umap	2	0.0	0.4833958105413856	65309	4914	5285	3893	65899	4943	7318	1640	0.6540599604227101
100	0.05	spectral	12883823	umap	3	0.0	0.6540599604227101	65899	4943	7318	1640	65309	4914	5285	3893	0.4833958105413856
100	0.05	spectral	12883823	umap	4	0.0	0.5378212065895221	66648	5336	5200	2217	59049	2155	9696	8900	0.5780145170186728
100	0.05	spectral	12883823	umap	5	0.0	0.5780145170186728	59049	2155	9696	8900	66648	5336	5200	2217	0.5378212065895221
