n_neighbors	min_dist	init	random_state	method	cv_iteration	distance_threshold	training_mcc	training_tn	training_fn	training_tp	training_fp	validation_tn	validation_fn	validation_tp	validation_fp	validation_mcc
25	0.25	spectral	12883823	umap	0	2.0	0.49525114231720946	38997	1310	6768	9541	38140	2190	5745	10541	0.38917677702185377
25	0.25	spectral	12883823	umap	1	2.0	0.38917677702185377	38140	2190	5745	10541	38997	1310	6768	9541	0.49525114231720946
25	0.25	spectral	12883823	umap	2	2.0	0.5339982181111208	42823	1634	5781	6378	33358	1599	7121	14538	0.38108340343060143
25	0.25	spectral	12883823	umap	3	2.0	0.38108340343060143	33358	1599	7121	14538	42823	1634	5781	6378	0.5339982181111208
25	0.25	spectral	12883823	umap	4	2.0	0.4002603261940457	38531	2088	5728	10269	17262	986	7284	31084	0.1797208928290234
25	0.25	spectral	12883823	umap	5	2.0	0.1797208928290234	17262	986	7284	31084	38531	2088	5728	10269	0.4002603261940457
