n_neighbors	min_dist	init	random_state	method	cv_iteration	distance_threshold	training_mcc	training_tn	training_fn	training_tp	training_fp	validation_tn	validation_fn	validation_tp	validation_fp	validation_mcc
25	0.05	spectral	12883823	umap	0	2.0	0.6068358250702225	43284	1506	6572	5254	38140	2190	5745	10541	0.38917677702185377
25	0.05	spectral	12883823	umap	1	2.0	0.38917677702185377	38140	2190	5745	10541	43284	1506	6572	5254	0.6068358250702225
25	0.05	spectral	12883823	umap	2	2.0	0.5112769550445453	41613	1480	5935	7588	39660	1967	6753	8236	0.49291258897488827
25	0.05	spectral	12883823	umap	3	2.0	0.49291258897488827	39660	1967	6753	8236	41613	1480	5935	7588	0.5112769550445453
25	0.05	spectral	12883823	umap	4	2.0	0.4002603261940457	38531	2088	5728	10269	39123	1408	6862	9223	0.5003949964214859
25	0.05	spectral	12883823	umap	5	2.0	0.5003949964214859	39123	1408	6862	9223	38531	2088	5728	10269	0.4002603261940457
