perplexity	learning_rate	metric	random_state	square_distances	method	cv_iteration	distance_threshold	training_mcc	training_tn	training_fn	training_tp	training_fp	validation_tn	validation_fn	validation_tp	validation_fp	validation_mcc
30.0	200.0	precomputed	12883823	True	t-sne	0	4.0	0.7876407084171259	394134	11159	44668	9400	377887	9645	42772	29057	0.651805465907533
30.0	200.0	precomputed	12883823	True	t-sne	1	4.0	0.651805465907533	377887	9645	42772	29057	394134	11159	44668	9400	0.7876407084171259
30.0	200.0	precomputed	12883823	True	t-sne	2	4.0	0.8336602253603212	395550	5298	47401	11112	391480	6067	49166	12648	0.8185460394129958
30.0	200.0	precomputed	12883823	True	t-sne	3	4.0	0.8185460394129958	391480	6067	49166	12648	395550	5298	47401	11112	0.8336602253603212
30.0	200.0	precomputed	12883823	True	t-sne	4	4.0	0.7066000250887229	375127	5671	48854	29709	394606	5582	47625	11548	0.8279095472316156
30.0	200.0	precomputed	12883823	True	t-sne	5	4.0	0.8279095472316156	394606	5582	47625	11548	375127	5671	48854	29709	0.7066000250887229
