perplexity	learning_rate	metric	random_state	square_distances	method	cv_iteration	distance_threshold	training_mcc	training_tn	training_fn	training_tp	training_fp	validation_tn	validation_fn	validation_tp	validation_fp	validation_mcc
100.0	200.0	precomputed	12883823	True	t-sne	0	4.0	0.49129651288540005	294023	408	55419	109511	304309	99	52318	102635	0.5015996668823225
100.0	200.0	precomputed	12883823	True	t-sne	1	4.0	0.5015996668823225	304309	99	52318	102635	294023	408	55419	109511	0.49129651288540005
100.0	200.0	precomputed	12883823	True	t-sne	2	4.0	0.4828996266222716	296817	297	52402	109845	302396	1149	54084	101732	0.49975066359241405
100.0	200.0	precomputed	12883823	True	t-sne	3	4.0	0.49975066359241405	302396	1149	54084	101732	296817	297	52402	109845	0.4828996266222716
100.0	200.0	precomputed	12883823	True	t-sne	4	4.0	0.4990713181355999	300017	384	54141	104819	299331	105	53102	106823	0.4937601833977367
100.0	200.0	precomputed	12883823	True	t-sne	5	4.0	0.4937601833977367	299331	105	53102	106823	300017	384	54141	104819	0.4990713181355999
