perplexity	learning_rate	metric	random_state	square_distances	method	cv_iteration	distance_threshold	training_mcc	training_tn	training_fn	training_tp	training_fp	validation_tn	validation_fn	validation_tp	validation_fp	validation_mcc
15.0	500.0	precomputed	12883823	True	t-sne	0	6.0	0.6996219919425655	399607	22753	33074	3927	402591	26483	25934	4353	0.6201747311026007
15.0	500.0	precomputed	12883823	True	t-sne	1	6.0	0.6201747311026007	402591	26483	25934	4353	399607	22753	33074	3927	0.6996219919425655
15.0	500.0	precomputed	12883823	True	t-sne	2	6.0	0.7713672030519285	402849	16056	36643	3813	397686	12621	42612	6442	0.7956701837509897
15.0	500.0	precomputed	12883823	True	t-sne	3	6.0	0.7956701837509897	397686	12621	42612	6442	402849	16056	36643	3813	0.7713672030519285
15.0	500.0	precomputed	12883823	True	t-sne	4	6.0	0.7366031185760796	398805	17533	36992	6031	402245	17162	36045	3909	0.7583921417093222
15.0	500.0	precomputed	12883823	True	t-sne	5	6.0	0.7583921417093222	402245	17162	36045	3909	398805	17533	36992	6031	0.7366031185760796
