perplexity	learning_rate	metric	random_state	square_distances	method	cv_iteration	distance_threshold	training_mcc	training_tn	training_fn	training_tp	training_fp	validation_tn	validation_fn	validation_tp	validation_fp	validation_mcc
30.0	100.0	precomputed	12883823	True	t-sne	0	0.0	0.4525030149544692	45658	4213	3865	2880	46096	3841	4094	2585	0.4981020212826796
30.0	100.0	precomputed	12883823	True	t-sne	1	0.0	0.4981020212826796	46096	3841	4094	2585	45658	4213	3865	2880	0.4525030149544692
30.0	100.0	precomputed	12883823	True	t-sne	2	0.0	0.46478073949059495	46040	3576	3839	3161	43971	6049	2671	3925	0.25242891416832636
30.0	100.0	precomputed	12883823	True	t-sne	3	0.0	0.25242891416832636	43971	6049	2671	3925	46040	3576	3839	3161	0.46478073949059495
30.0	100.0	precomputed	12883823	True	t-sne	4	0.0	0.6045094371197476	47054	3215	4601	1746	44865	5618	2652	3481	0.28258991886297363
30.0	100.0	precomputed	12883823	True	t-sne	5	0.0	0.28258991886297363	44865	5618	2652	3481	47054	3215	4601	1746	0.6045094371197476
