perplexity	learning_rate	metric	random_state	square_distances	method	cv_iteration	distance_threshold	training_mcc	training_tn	training_fn	training_tp	training_fp	validation_tn	validation_fn	validation_tp	validation_fp	validation_mcc
15.0	100.0	precomputed	12883823	True	t-sne	0	12.0	0.21228277711190716	3496	0	352	3533	1712	0	447	5344	0.1368515035377259
15.0	100.0	precomputed	12883823	True	t-sne	1	12.0	0.1368515035377259	1712	0	447	5344	3496	0	352	3533	0.21228277711190716
15.0	100.0	precomputed	12883823	True	t-sne	2	12.0	0.22526459551355116	3496	0	394	3491	3740	0	407	3356	0.2387586381922555
15.0	100.0	precomputed	12883823	True	t-sne	3	12.0	0.2387586381922555	3740	0	407	3356	3496	0	394	3491	0.22526459551355116
15.0	100.0	precomputed	12883823	True	t-sne	4	12.0	0.2212392596832722	3621	0	357	3403	4194	0	429	2880	0.27724386704916315
15.0	100.0	precomputed	12883823	True	t-sne	5	12.0	0.27724386704916315	4194	0	429	2880	3621	0	357	3403	0.2212392596832722
