metric	random_state	square_distances	method	cv_iteration	distance_threshold	training_mcc	training_tn	training_fn	training_tp	training_fp	validation_tn	validation_fn	validation_tp	validation_fp	validation_mcc
precomputed	12883823	True	t-sne	0	12.0	0.4856072738841993	56297	328	10547	20399	39827	79	10031	37634	0.32489402426230574
precomputed	12883823	True	t-sne	1	12.0	0.32489402426230574	39827	79	10031	37634	56297	328	10547	20399	0.4856072738841993
precomputed	12883823	True	t-sne	2	12.0	0.49129658775270296	56828	191	10350	20202	48774	84	10335	28378	0.4068715925042612
precomputed	12883823	True	t-sne	3	12.0	0.4068715925042612	48774	84	10335	28378	56828	191	10350	20202	0.49129658775270296
precomputed	12883823	True	t-sne	4	12.0	0.32911624247320886	39040	90	10616	37825	41694	1	10242	35634	0.3469008432066819
precomputed	12883823	True	t-sne	5	12.0	0.3469008432066819	41694	1	10242	35634	39040	90	10616	37825	0.32911624247320886
