perplexity	learning_rate	metric	random_state	square_distances	method	cv_iteration	distance_threshold	training_mcc	training_tn	training_fn	training_tp	training_fp	validation_tn	validation_fn	validation_tp	validation_fp	validation_mcc
15.0	200.0	precomputed	12883823	True	t-sne	0	2.0	0.5554173533894403	6355	1	351	674	6143	6	441	913	0.5275885988512548
15.0	200.0	precomputed	12883823	True	t-sne	1	2.0	0.5275885988512548	6143	6	441	913	6355	1	351	674	0.5554173533894403
15.0	200.0	precomputed	12883823	True	t-sne	2	2.0	0.5196667356565428	6165	11	383	822	6233	0	407	863	0.5305631758779759
15.0	200.0	precomputed	12883823	True	t-sne	3	2.0	0.5305631758779759	6233	0	407	863	6165	11	383	822	0.5196667356565428
15.0	200.0	precomputed	12883823	True	t-sne	4	2.0	0.47890763902398653	6288	41	316	736	6303	8	421	771	0.5540772933208781
15.0	200.0	precomputed	12883823	True	t-sne	5	2.0	0.5540772933208781	6303	8	421	771	6288	41	316	736	0.47890763902398653
