perplexity	learning_rate	metric	random_state	square_distances	method	cv_iteration	distance_threshold	training_mcc	training_tn	training_fn	training_tp	training_fp	validation_tn	validation_fn	validation_tp	validation_fp	validation_mcc
30.0	500.0	precomputed	12883823	True	t-sne	0	2.0	0.7068958246882702	44508	902	7176	4030	43330	1570	6365	5351	0.5931796073232196
30.0	500.0	precomputed	12883823	True	t-sne	1	2.0	0.5931796073232196	43330	1570	6365	5351	44508	902	7176	4030	0.7068958246882702
30.0	500.0	precomputed	12883823	True	t-sne	2	2.0	0.7005869420292162	46081	1241	6174	3120	43197	2101	6619	4699	0.5965583413932775
30.0	500.0	precomputed	12883823	True	t-sne	3	2.0	0.5965583413932775	43197	2101	6619	4699	46081	1241	6174	3120	0.7005869420292162
30.0	500.0	precomputed	12883823	True	t-sne	4	2.0	0.6702786981097785	45772	1756	6060	3028	43620	1144	7126	4726	0.6631591950217519
30.0	500.0	precomputed	12883823	True	t-sne	5	2.0	0.6631591950217519	43620	1144	7126	4726	45772	1756	6060	3028	0.6702786981097785
