perplexity	learning_rate	metric	random_state	square_distances	method	cv_iteration	distance_threshold	training_mcc	training_tn	training_fn	training_tp	training_fp	validation_tn	validation_fn	validation_tp	validation_fp	validation_mcc
30.0	500.0	precomputed	12883823	True	t-sne	0	2.0	0.6257448892291254	63090	3294	8459	4558	63957	1785	8850	5208	0.6752181895212793
30.0	500.0	precomputed	12883823	True	t-sne	1	2.0	0.6752181895212793	63957	1785	8850	5208	63090	3294	8459	4558	0.6257448892291254
30.0	500.0	precomputed	12883823	True	t-sne	2	2.0	0.6786733707845307	65368	2290	7909	3834	63681	3709	8552	3858	0.637220945199445
30.0	500.0	precomputed	12883823	True	t-sne	3	2.0	0.637220945199445	63681	3709	8552	3858	65368	2290	7909	3834	0.6786733707845307
30.0	500.0	precomputed	12883823	True	t-sne	4	2.0	0.7258112571613661	65016	1684	8852	3849	51324	2868	8983	16625	0.39102735290222623
30.0	500.0	precomputed	12883823	True	t-sne	5	2.0	0.39102735290222623	51324	2868	8983	16625	65016	1684	8852	3849	0.7258112571613661
