dissimilarity	n_components	n_init	n_jobs	random_state	method	cv_iteration	distance_threshold	training_mcc	training_tn	training_fn	training_tp	training_fp	validation_tn	validation_fn	validation_tp	validation_fp	validation_mcc
precomputed	2	2	1	12883823	mds	0	12.0	0.37706503846030226	5694	25	327	1335	5536	66	381	1520	0.34662652693871915
precomputed	2	2	1	12883823	mds	1	12.0	0.34662652693871915	5536	66	381	1520	5694	25	327	1335	0.37706503846030226
precomputed	2	2	1	12883823	mds	2	12.0	0.3943888542434306	5848	53	341	1139	5683	18	389	1413	0.401185107676576
precomputed	2	2	1	12883823	mds	3	12.0	0.401185107676576	5683	18	389	1413	5848	53	341	1139	0.3943888542434306
precomputed	2	2	1	12883823	mds	4	12.0	0.3409308773125632	5336	18	339	1688	5795	49	380	1279	0.39441952696751253
precomputed	2	2	1	12883823	mds	5	12.0	0.39441952696751253	5795	49	380	1279	5336	18	339	1688	0.3409308773125632
