perplexity	learning_rate	metric	random_state	square_distances	method	cv_iteration	distance_threshold	training_mcc	training_tn	training_fn	training_tp	training_fp	validation_tn	validation_fn	validation_tp	validation_fp	validation_mcc
30.0	100.0	precomputed	12883823	True	t-sne	0	2.0	0.6061304897319222	400999	30940	24887	2535	402608	28460	23957	4336	0.5903462150782809
30.0	100.0	precomputed	12883823	True	t-sne	1	2.0	0.5903462150782809	402608	28460	23957	4336	400999	30940	24887	2535	0.6061304897319222
30.0	100.0	precomputed	12883823	True	t-sne	2	2.0	0.6080430637824022	401060	26420	26279	5602	402360	32303	22930	1768	0.5923195982620726
30.0	100.0	precomputed	12883823	True	t-sne	3	2.0	0.5923195982620726	402360	32303	22930	1768	401060	26420	26279	5602	0.6080430637824022
30.0	100.0	precomputed	12883823	True	t-sne	4	2.0	0.651707287582504	402955	27663	26862	1881	404607	31650	21557	1547	0.5876684007765911
30.0	100.0	precomputed	12883823	True	t-sne	5	2.0	0.5876684007765911	404607	31650	21557	1547	402955	27663	26862	1881	0.651707287582504
