n_neighbors	min_dist	init	random_state	method	cv_iteration	distance_threshold	training_mcc	training_tn	training_fn	training_tp	training_fp	validation_tn	validation_fn	validation_tp	validation_fp	validation_mcc
25	0.25	spectral	12883823	umap	0	6.0	0.5456572548898809	324867	2782	53045	78667	303917	99	52318	103027	0.5006418873193523
25	0.25	spectral	12883823	umap	1	6.0	0.5006418873193523	303917	99	52318	103027	324867	2782	53045	78667	0.5456572548898809
25	0.25	spectral	12883823	umap	2	6.0	0.45824388004298205	288408	780	51919	118254	355008	371	54862	49120	0.6775158793313908
25	0.25	spectral	12883823	umap	3	6.0	0.6775158793313908	355008	371	54862	49120	288408	780	51919	118254	0.45824388004298205
25	0.25	spectral	12883823	umap	4	6.0	0.7105592500167494	364967	932	53593	39869	355856	468	52739	50298	0.6654450916686436
25	0.25	spectral	12883823	umap	5	6.0	0.6654450916686436	355856	468	52739	50298	364967	932	53593	39869	0.7105592500167494
