n_neighbors	min_dist	init	random_state	method	cv_iteration	distance_threshold	training_mcc	training_tn	training_fn	training_tp	training_fp	validation_tn	validation_fn	validation_tp	validation_fp	validation_mcc
25	0.05	spectral	12883823	umap	0	6.0	0.4631833266456651	317373	7930	47897	86161	356550	182	52235	50394	0.6661294392339383
25	0.05	spectral	12883823	umap	1	6.0	0.6661294392339383	356550	182	52235	50394	317373	7930	47897	86161	0.4631833266456651
25	0.05	spectral	12883823	umap	2	6.0	0.31767817926667663	204618	402	52297	202044	374671	6794	48439	29457	0.6969246757310557
25	0.05	spectral	12883823	umap	3	6.0	0.6969246757310557	374671	6794	48439	29457	204618	402	52297	202044	0.31767817926667663
25	0.05	spectral	12883823	umap	4	6.0	0.6397232169797545	369402	8576	45949	35434	371076	8684	44523	35078	0.6344852342408968
25	0.05	spectral	12883823	umap	5	6.0	0.6344852342408968	371076	8684	44523	35078	369402	8576	45949	35434	0.6397232169797545
