n_neighbors	min_dist	init	random_state	method	cv_iteration	distance_threshold	training_mcc	training_tn	training_fn	training_tp	training_fp	validation_tn	validation_fn	validation_tp	validation_fp	validation_mcc
25	0.1	spectral	12883823	umap	0	6.0	0.48431048011656636	332999	10090	45737	70535	366161	10230	42187	40783	0.5823393118890324
25	0.1	spectral	12883823	umap	1	6.0	0.5823393118890324	366161	10230	42187	40783	332999	10090	45737	70535	0.48431048011656636
25	0.1	spectral	12883823	umap	2	6.0	0.3858726194828276	273862	4304	48395	132800	372227	5671	49562	31901	0.6968680446136195
25	0.1	spectral	12883823	umap	3	6.0	0.6968680446136195	372227	5671	49562	31901	273862	4304	48395	132800	0.3858726194828276
25	0.1	spectral	12883823	umap	4	6.0	0.5304865325444428	345858	9104	45421	58978	375124	9374	43833	31030	0.6476109012027171
25	0.1	spectral	12883823	umap	5	6.0	0.6476109012027171	375124	9374	43833	31030	345858	9104	45421	58978	0.5304865325444428
