n_neighbors	min_dist	init	random_state	method	cv_iteration	distance_threshold	training_mcc	training_tn	training_fn	training_tp	training_fp	validation_tn	validation_fn	validation_tp	validation_fp	validation_mcc
25	0.1	spectral	12883823	umap	0	2.0	0.40457897494548917	35329	1420	6658	13209	38140	2190	5745	10541	0.38917677702185377
25	0.1	spectral	12883823	umap	1	2.0	0.38917677702185377	38140	2190	5745	10541	35329	1420	6658	13209	0.40457897494548917
25	0.1	spectral	12883823	umap	2	2.0	0.5330526796899893	42826	1645	5770	6375	33358	1599	7121	14538	0.38108340343060143
25	0.1	spectral	12883823	umap	3	2.0	0.38108340343060143	33358	1599	7121	14538	42826	1645	5770	6375	0.5330526796899893
25	0.1	spectral	12883823	umap	4	2.0	0.4002603261940457	38531	2088	5728	10269	31332	1196	7074	17014	0.3596403153044137
25	0.1	spectral	12883823	umap	5	2.0	0.3596403153044137	31332	1196	7074	17014	38531	2088	5728	10269	0.4002603261940457
