perplexity	learning_rate	metric	random_state	square_distances	method	cv_iteration	distance_threshold	training_mcc	training_tn	training_fn	training_tp	training_fp	validation_tn	validation_fn	validation_tp	validation_fp	validation_mcc
15.0	500.0	precomputed	12883823	True	t-sne	0	8.0	0.3942918528569435	39368	315	11438	28280	47248	72	10563	21917	0.4678999930443343
15.0	500.0	precomputed	12883823	True	t-sne	1	8.0	0.4678999930443343	47248	72	10563	21917	39368	315	11438	28280	0.3942918528569435
15.0	500.0	precomputed	12883823	True	t-sne	2	8.0	0.2910152419970877	28976	0	10199	40226	47455	38	12223	20084	0.5139070937403862
15.0	500.0	precomputed	12883823	True	t-sne	3	8.0	0.5139070937403862	47455	38	12223	20084	28976	0	10199	40226	0.2910152419970877
15.0	500.0	precomputed	12883823	True	t-sne	4	8.0	0.45636483963888325	47181	268	10268	21684	39275	0	11851	28674	0.4111332007688717
15.0	500.0	precomputed	12883823	True	t-sne	5	8.0	0.4111332007688717	39275	0	11851	28674	47181	268	10268	21684	0.45636483963888325
