dissimilarity	n_components	n_init	n_jobs	random_state	method	cv_iteration	distance_threshold	training_mcc	training_tn	training_fn	training_tp	training_fp	validation_tn	validation_fn	validation_tp	validation_fp	validation_mcc
precomputed	2	2	1	12883823	mds	0	6.0	0.6084571809689159	70670	2605	8270	6026	63152	1239	8871	14309	0.5017730629686503
precomputed	2	2	1	12883823	mds	1	6.0	0.5017730629686503	63152	1239	8871	14309	70670	2605	8270	6026	0.6084571809689159
precomputed	2	2	1	12883823	mds	2	6.0	0.56215709855892	68438	2168	8373	8592	60994	911	9508	16158	0.5001290069028559
precomputed	2	2	1	12883823	mds	3	6.0	0.5001290069028559	60994	911	9508	16158	68438	2168	8373	8592	0.56215709855892
precomputed	2	2	1	12883823	mds	4	6.0	0.4777201786298409	61073	1451	9255	15792	68020	1783	8460	9308	0.5638444662550448
precomputed	2	2	1	12883823	mds	5	6.0	0.5638444662550448	68020	1783	8460	9308	61073	1451	9255	15792	0.4777201786298409
