metric	random_state	square_distances	method	cv_iteration	distance_threshold	training_mcc	training_tn	training_fn	training_tp	training_fp	validation_tn	validation_fn	validation_tp	validation_fp	validation_mcc
precomputed	12883823	True	t-sne	0	6.0	0.4438464947097229	56946	1159	9716	19750	61098	895	9215	16363	0.49210124556657286
precomputed	12883823	True	t-sne	1	6.0	0.49210124556657286	61098	895	9215	16363	56946	1159	9716	19750	0.4438464947097229
precomputed	12883823	True	t-sne	2	6.0	0.4874749144872245	59759	891	9650	17271	59463	1172	9247	17689	0.46178695805354725
precomputed	12883823	True	t-sne	3	6.0	0.46178695805354725	59463	1172	9247	17689	59759	891	9650	17271	0.4874749144872245
precomputed	12883823	True	t-sne	4	6.0	0.46720087418583023	58838	1099	9607	18027	50761	722	9521	26567	0.38258634366258065
precomputed	12883823	True	t-sne	5	6.0	0.38258634366258065	50761	722	9521	26567	58838	1099	9607	18027	0.46720087418583023
