perplexity	learning_rate	metric	random_state	square_distances	method	cv_iteration	distance_threshold	training_mcc	training_tn	training_fn	training_tp	training_fp	validation_tn	validation_fn	validation_tp	validation_fp	validation_mcc
30.0	500.0	precomputed	12883823	True	t-sne	0	4.0	0.34361322642763126	34268	315	11438	33380	27004	0	10635	42161	0.28043944312033936
30.0	500.0	precomputed	12883823	True	t-sne	1	4.0	0.28043944312033936	27004	0	10635	42161	34268	315	11438	33380	0.34361322642763126
30.0	500.0	precomputed	12883823	True	t-sne	2	4.0	0.26870451776276444	29790	414	9785	39412	40737	6	12255	26802	0.43475665593845897
30.0	500.0	precomputed	12883823	True	t-sne	3	4.0	0.43475665593845897	40737	6	12255	26802	29790	414	9785	39412	0.26870451776276444
30.0	500.0	precomputed	12883823	True	t-sne	4	4.0	0.29792740772836684	31007	224	10312	37858	40829	252	11599	27120	0.41240569792751336
30.0	500.0	precomputed	12883823	True	t-sne	5	4.0	0.41240569792751336	40829	252	11599	27120	31007	224	10312	37858	0.29792740772836684
