n_neighbors	min_dist	init	random_state	method	cv_iteration	distance_threshold	training_mcc	training_tn	training_fn	training_tp	training_fp	validation_tn	validation_fn	validation_tp	validation_fp	validation_mcc
50	0.05	spectral	12883823	umap	0	6.0	0.17941645866754508	17913	1026	7052	30625	29868	384	7551	18813	0.39331081013870206
50	0.05	spectral	12883823	umap	1	6.0	0.39331081013870206	29868	384	7551	18813	17913	1026	7052	30625	0.17941645866754508
50	0.05	spectral	12883823	umap	2	6.0	0.37884434565971653	28069	67	7348	21132	31204	1519	7201	16692	0.3488472233974032
50	0.05	spectral	12883823	umap	3	6.0	0.3488472233974032	31204	1519	7201	16692	28069	67	7348	21132	0.37884434565971653
50	0.05	spectral	12883823	umap	4	6.0	0.18335892131269235	17328	836	6980	31472	17262	0	8270	31084	0.27391990754749906
50	0.05	spectral	12883823	umap	5	6.0	0.27391990754749906	17262	0	8270	31084	17328	836	6980	31472	0.18335892131269235
