n_components	dissimilarity	n_init	n_jobs	random_state	method	cv_iteration	distance_threshold	training_mcc	training_tn	training_fn	training_tp	training_fp	validation_tn	validation_fn	validation_tp	validation_fp	validation_mcc
6	precomputed	2	1	12883823	mds	0	12.0	0.09500989621845345	23712	2639	9114	43936	41478	2074	8561	27687	0.2762342467716754
6	precomputed	2	1	12883823	mds	1	12.0	0.2762342467716754	41478	2074	8561	27687	23712	2639	9114	43936	0.09500989621845345
6	precomputed	2	1	12883823	mds	2	12.0	0.24663674492018448	41518	2381	7818	27684	24286	2691	9570	43253	0.10680613798917367
6	precomputed	2	1	12883823	mds	3	12.0	0.10680613798917367	24286	2691	9570	43253	41518	2381	7818	27684	0.24663674492018448
6	precomputed	2	1	12883823	mds	4	12.0	0.30416064928924463	36903	928	9608	31962	47391	3086	8765	20558	0.3223656690423156
6	precomputed	2	1	12883823	mds	5	12.0	0.3223656690423156	47391	3086	8765	20558	36903	928	9608	31962	0.30416064928924463
