perplexity	learning_rate	metric	random_state	square_distances	method	cv_iteration	distance_threshold	training_mcc	training_tn	training_fn	training_tp	training_fp	validation_tn	validation_fn	validation_tp	validation_fp	validation_mcc
15.0	500.0	precomputed	12883823	True	t-sne	0	4.0	0.6523269070471481	61905	2252	9501	5743	63243	1632	9003	5922	0.6632188243235162
15.0	500.0	precomputed	12883823	True	t-sne	1	4.0	0.6632188243235162	63243	1632	9003	5922	61905	2252	9501	5743	0.6523269070471481
15.0	500.0	precomputed	12883823	True	t-sne	2	4.0	0.7168367790421468	65051	1553	8646	4151	62556	2694	9567	4983	0.65982727611497
15.0	500.0	precomputed	12883823	True	t-sne	3	4.0	0.65982727611497	62556	2694	9567	4983	65051	1553	8646	4151	0.7168367790421468
15.0	500.0	precomputed	12883823	True	t-sne	4	4.0	0.7370106186822372	63965	945	9591	4900	53956	2526	9325	13993	0.4542389354095081
15.0	500.0	precomputed	12883823	True	t-sne	5	4.0	0.4542389354095081	53956	2526	9325	13993	63965	945	9591	4900	0.7370106186822372
