perplexity	learning_rate	metric	random_state	square_distances	method	cv_iteration	distance_threshold	training_mcc	training_tn	training_fn	training_tp	training_fp	validation_tn	validation_fn	validation_tp	validation_fp	validation_mcc
15.0	100.0	precomputed	12883823	True	t-sne	0	0.0	0.4862915379800928	45522	3817	4261	3016	47973	3203	4732	708	0.685323361210122
15.0	100.0	precomputed	12883823	True	t-sne	1	0.0	0.685323361210122	47973	3203	4732	708	45522	3817	4261	3016	0.4862915379800928
15.0	100.0	precomputed	12883823	True	t-sne	2	0.0	0.5159381539226667	45117	2689	4726	4084	45350	5813	2907	2546	0.3428491368948628
15.0	100.0	precomputed	12883823	True	t-sne	3	0.0	0.3428491368948628	45350	5813	2907	2546	45117	2689	4726	4084	0.5159381539226667
15.0	100.0	precomputed	12883823	True	t-sne	4	0.0	0.5468516167984467	47279	3931	3885	1521	46547	5171	3099	1799	0.42403179505332345
15.0	100.0	precomputed	12883823	True	t-sne	5	0.0	0.42403179505332345	46547	5171	3099	1799	47279	3931	3885	1521	0.5468516167984467
