n_components	dissimilarity	n_init	n_jobs	random_state	method	cv_iteration	distance_threshold	training_mcc	training_tn	training_fn	training_tp	training_fp	validation_tn	validation_fn	validation_tp	validation_fp	validation_mcc
6	precomputed	2	1	12883823	mds	0	14.0	0.2838085703505247	33007	2318	5760	15531	25186	824	7111	23495	0.2880586574879893
6	precomputed	2	1	12883823	mds	1	14.0	0.2880586574879893	25186	824	7111	23495	33007	2318	5760	15531	0.2838085703505247
6	precomputed	2	1	12883823	mds	2	14.0	0.2646211866052112	20382	272	7143	28819	27722	1153	7567	20174	0.322460322500541
6	precomputed	2	1	12883823	mds	3	14.0	0.322460322500541	27722	1153	7567	20174	20382	272	7143	28819	0.2646211866052112
6	precomputed	2	1	12883823	mds	4	14.0	0.3339349464665746	33891	1775	6041	14909	31877	1863	6407	16469	0.31242048072805717
6	precomputed	2	1	12883823	mds	5	14.0	0.31242048072805717	31877	1863	6407	16469	33891	1775	6041	14909	0.3339349464665746
