perplexity	learning_rate	metric	random_state	square_distances	method	cv_iteration	distance_threshold	training_mcc	training_tn	training_fn	training_tp	training_fp	validation_tn	validation_fn	validation_tp	validation_fp	validation_mcc
30.0	500.0	precomputed	12883823	True	t-sne	0	4.0	0.8505455994163162	394134	5731	50096	9400	392337	8791	43626	14607	0.761035109039232
30.0	500.0	precomputed	12883823	True	t-sne	1	4.0	0.761035109039232	392337	8791	43626	14607	394134	5731	50096	9400	0.8505455994163162
30.0	500.0	precomputed	12883823	True	t-sne	2	4.0	0.8281981898450349	395478	5700	46999	11184	393618	11853	43380	10510	0.7675234026610137
30.0	500.0	precomputed	12883823	True	t-sne	3	4.0	0.7675234026610137	393618	11853	43380	10510	395478	5700	46999	11184	0.8281981898450349
30.0	500.0	precomputed	12883823	True	t-sne	4	4.0	0.6954819506108639	375306	6664	47861	29530	399070	5582	47625	7084	0.8671207055602045
30.0	500.0	precomputed	12883823	True	t-sne	5	4.0	0.8671207055602045	399070	5582	47625	7084	375306	6664	47861	29530	0.6954819506108639
