perplexity	learning_rate	metric	random_state	square_distances	method	cv_iteration	distance_threshold	training_mcc	training_tn	training_fn	training_tp	training_fp	validation_tn	validation_fn	validation_tp	validation_fp	validation_mcc
30.0	100.0	precomputed	12883823	True	t-sne	0	8.0	0.3222126217178328	29700	0	11753	37948	27004	0	10635	42161	0.28043944312033936
30.0	100.0	precomputed	12883823	True	t-sne	1	8.0	0.28043944312033936	27004	0	10635	42161	29700	0	11753	37948	0.3222126217178328
30.0	100.0	precomputed	12883823	True	t-sne	2	8.0	0.26237660084662323	25280	0	10199	43922	31164	0	12261	36375	0.3410619777568225
30.0	100.0	precomputed	12883823	True	t-sne	3	8.0	0.3410619777568225	31164	0	12261	36375	25280	0	10199	43922	0.26237660084662323
30.0	100.0	precomputed	12883823	True	t-sne	4	8.0	0.27833143853936093	26690	0	10536	42175	30000	0	11851	37949	0.32413947190453823
30.0	100.0	precomputed	12883823	True	t-sne	5	8.0	0.32413947190453823	30000	0	11851	37949	26690	0	10536	42175	0.27833143853936093
