perplexity	learning_rate	metric	random_state	square_distances	method	cv_iteration	distance_threshold	training_mcc	training_tn	training_fn	training_tp	training_fp	validation_tn	validation_fn	validation_tp	validation_fp	validation_mcc
15.0	100.0	precomputed	12883823	True	t-sne	0	2.0	0.665723195631478	63529	2889	8864	4119	63891	4944	5691	5274	0.45299166461939816
15.0	100.0	precomputed	12883823	True	t-sne	1	2.0	0.45299166461939816	63891	4944	5691	5274	63529	2889	8864	4119	0.665723195631478
15.0	100.0	precomputed	12883823	True	t-sne	2	2.0	0.6442514717580446	65113	2651	7548	4089	63215	3234	9027	4324	0.6494520086390607
15.0	100.0	precomputed	12883823	True	t-sne	3	2.0	0.6494520086390607	63215	3234	9027	4324	65113	2651	7548	4089	0.6442514717580446
15.0	100.0	precomputed	12883823	True	t-sne	4	2.0	0.7492327714601595	66380	2160	8376	2485	63615	6208	5643	4334	0.44337026747301417
15.0	100.0	precomputed	12883823	True	t-sne	5	2.0	0.44337026747301417	63615	6208	5643	4334	66380	2160	8376	2485	0.7492327714601595
