perplexity	learning_rate	metric	random_state	square_distances	method	cv_iteration	distance_threshold	training_mcc	training_tn	training_fn	training_tp	training_fp	validation_tn	validation_fn	validation_tp	validation_fp	validation_mcc
30.0	100.0	precomputed	12883823	True	t-sne	0	0.0	0.585974198030743	6583	35	317	446	6571	70	377	485	0.5750113220041312
30.0	100.0	precomputed	12883823	True	t-sne	1	0.0	0.5750113220041312	6571	70	377	485	6583	35	317	446	0.585974198030743
30.0	100.0	precomputed	12883823	True	t-sne	2	0.0	0.5744250942271948	6466	39	355	521	6765	38	369	331	0.6697259050480002
30.0	100.0	precomputed	12883823	True	t-sne	3	0.0	0.6697259050480002	6765	38	369	331	6466	39	355	521	0.5744250942271948
30.0	100.0	precomputed	12883823	True	t-sne	4	0.0	0.5507476687273749	6569	56	301	455	6663	61	368	411	0.6087100231058108
30.0	100.0	precomputed	12883823	True	t-sne	5	0.0	0.6087100231058108	6663	61	368	411	6569	56	301	455	0.5507476687273749
