perplexity	learning_rate	metric	random_state	square_distances	method	cv_iteration	distance_threshold	training_mcc	training_tn	training_fn	training_tp	training_fp	validation_tn	validation_fn	validation_tp	validation_fp	validation_mcc
15.0	100.0	precomputed	12883823	True	t-sne	0	2.0	0.5556761105085707	6375	5	347	654	6143	6	441	913	0.5275885988512548
15.0	100.0	precomputed	12883823	True	t-sne	1	2.0	0.5275885988512548	6143	6	441	913	6375	5	347	654	0.5556761105085707
15.0	100.0	precomputed	12883823	True	t-sne	2	2.0	0.5095949249535242	6120	10	384	867	6233	0	407	863	0.5305631758779759
15.0	100.0	precomputed	12883823	True	t-sne	3	2.0	0.5305631758779759	6233	0	407	863	6120	10	384	867	0.5095949249535242
15.0	100.0	precomputed	12883823	True	t-sne	4	2.0	0.5404142680146532	6376	18	339	648	6375	8	421	699	0.5750079606960464
15.0	100.0	precomputed	12883823	True	t-sne	5	2.0	0.5750079606960464	6375	8	421	699	6376	18	339	648	0.5404142680146532
