perplexity	learning_rate	metric	random_state	square_distances	method	cv_iteration	distance_threshold	training_mcc	training_tn	training_fn	training_tp	training_fp	validation_tn	validation_fn	validation_tp	validation_fp	validation_mcc
30.0	500.0	precomputed	12883823	True	t-sne	0	12.0	0.5792985124510993	327921	705	55122	75613	364482	657	51760	42462	0.6953748643739496
30.0	500.0	precomputed	12883823	True	t-sne	1	12.0	0.6953748643739496	364482	657	51760	42462	327921	705	55122	75613	0.5792985124510993
30.0	500.0	precomputed	12883823	True	t-sne	2	12.0	0.5674404119298361	330218	677	52022	76444	330460	969	54264	73668	0.5805702416842874
30.0	500.0	precomputed	12883823	True	t-sne	3	12.0	0.5805702416842874	330460	969	54264	73668	330218	677	52022	76444	0.5674404119298361
30.0	500.0	precomputed	12883823	True	t-sne	4	12.0	0.6059721226738412	339295	924	53601	65541	341251	4337	48870	64903	0.5624639729159515
30.0	500.0	precomputed	12883823	True	t-sne	5	12.0	0.5624639729159515	341251	4337	48870	64903	339295	924	53601	65541	0.6059721226738412
