perplexity	learning_rate	metric	random_state	square_distances	method	cv_iteration	distance_threshold	training_mcc	training_tn	training_fn	training_tp	training_fp	validation_tn	validation_fn	validation_tp	validation_fp	validation_mcc
15.0	200.0	precomputed	12883823	True	t-sne	0	4.0	0.6661083101904424	44973	1610	6468	3565	38638	1369	6566	10043	0.4736141006713787
15.0	200.0	precomputed	12883823	True	t-sne	1	4.0	0.4736141006713787	38638	1369	6566	10043	44973	1610	6468	3565	0.6661083101904424
15.0	200.0	precomputed	12883823	True	t-sne	2	4.0	0.67795622901324	44917	919	6496	4284	42609	1709	7011	5287	0.6071942308572006
15.0	200.0	precomputed	12883823	True	t-sne	3	4.0	0.6071942308572006	42609	1709	7011	5287	44917	919	6496	4284	0.67795622901324
15.0	200.0	precomputed	12883823	True	t-sne	4	4.0	0.4905138322474832	39341	1299	6517	9459	44616	1073	7197	3730	0.7097503752827768
15.0	200.0	precomputed	12883823	True	t-sne	5	4.0	0.7097503752827768	44616	1073	7197	3730	39341	1299	6517	9459	0.4905138322474832
