n_components	svd_solver	random_state	method	cv_iteration	distance_threshold	training_mcc	training_tn	training_fn	training_tp	training_fp	validation_tn	validation_fn	validation_tp	validation_fp	validation_mcc
10	full	12883823	pca	0	0.0	0.2839123324156014	289090	31759	8428	7333	287691	32536	8104	9100	0.249687914436307
10	full	12883823	pca	1	0.0	0.249687914436307	287691	32536	8104	9100	289090	31759	8428	7333	0.2839123324156014
10	full	12883823	pca	2	0.0	0.3502974130480311	291818	29913	9540	5339	289207	31607	9962	6655	0.32983636697959035
10	full	12883823	pca	3	0.0	0.32983636697959035	289207	31607	9962	6655	291818	29913	9540	5339	0.3502974130480311
10	full	12883823	pca	4	0.0	0.3524426474359824	292344	29683	9435	5148	289733	31560	10072	6066	0.34123808681539375
10	full	12883823	pca	5	0.0	0.34123808681539375	289733	31560	10072	6066	292344	29683	9435	5148	0.3524426474359824
