init	random_state	method	cv_iteration	distance_threshold	training_mcc	training_tn	training_fn	training_tp	training_fp	validation_tn	validation_fn	validation_tp	validation_fp	validation_mcc
spectral	12883823	umap	0	0.0	0.19541089299589956	292067	35729	4458	4356	294441	20618	20022	2350	0.6341194102825437
spectral	12883823	umap	1	0.0	0.6341194102825437	294441	20618	20022	2350	292067	35729	4458	4356	0.19541089299589956
spectral	12883823	umap	2	0.0	0.2539595825261831	294008	34166	5287	3149	292880	35390	6179	2982	0.28021871747115545
spectral	12883823	umap	3	0.0	0.28021871747115545	292880	35390	6179	2982	294008	34166	5287	3149	0.2539595825261831
spectral	12883823	umap	4	0.0	0.4007967050462729	295673	30334	8784	1819	289993	36359	5273	5806	0.197524416716806
spectral	12883823	umap	5	0.0	0.197524416716806	289993	36359	5273	5806	295673	30334	8784	1819	0.4007967050462729
