metric	random_state	square_distances	method	cv_iteration	distance_threshold	training_mcc	training_tn	training_fn	training_tp	training_fp	validation_tn	validation_fn	validation_tp	validation_fp	validation_mcc
precomputed	12883823	True	t-sne	0	0.0	0.5288591619574616	294432	25825	14362	1991	289510	30398	10242	7281	0.3336866048345567
precomputed	12883823	True	t-sne	1	0.0	0.3336866048345567	289510	30398	10242	7281	294432	25825	14362	1991	0.5288591619574616
precomputed	12883823	True	t-sne	2	0.0	0.4785050492180038	295132	27459	11994	2025	291632	29749	11820	4230	0.4169892172465793
precomputed	12883823	True	t-sne	3	0.0	0.4169892172465793	291632	29749	11820	4230	295132	27459	11994	2025	0.4785050492180038
precomputed	12883823	True	t-sne	4	0.0	0.4354862193843007	293730	27536	11582	3762	292697	28548	13084	3102	0.4675180721154068
precomputed	12883823	True	t-sne	5	0.0	0.4675180721154068	292697	28548	13084	3102	293730	27536	11582	3762	0.4354862193843007
