dissimilarity	n_components	n_init	n_jobs	random_state	method	cv_iteration	distance_threshold	training_mcc	training_tn	training_fn	training_tp	training_fp	validation_tn	validation_fn	validation_tp	validation_fp	validation_mcc
precomputed	2	2	1	12883823	mds	0	0.0	0.4217881910675106	278173	21343	18844	18250	284512	16670	23970	12279	0.5764599838151478
precomputed	2	2	1	12883823	mds	1	0.0	0.5764599838151478	284512	16670	23970	12279	278173	21343	18844	18250	0.4217881910675106
precomputed	2	2	1	12883823	mds	2	0.0	0.612724933529901	288724	16473	22980	8433	286633	18918	22651	9229	0.5772240348913681
precomputed	2	2	1	12883823	mds	3	0.0	0.5772240348913681	286633	18918	22651	9229	288724	16473	22980	8433	0.612724933529901
precomputed	2	2	1	12883823	mds	4	0.0	0.5156650426767134	286480	19592	19526	11012	283706	17752	23880	12093	0.5676817958258141
precomputed	2	2	1	12883823	mds	5	0.0	0.5676817958258141	283706	17752	23880	12093	286480	19592	19526	11012	0.5156650426767134
