n_components	dissimilarity	n_init	n_jobs	random_state	method	cv_iteration	distance_threshold	training_mcc	training_tn	training_fn	training_tp	training_fp	validation_tn	validation_fn	validation_tp	validation_fp	validation_mcc
4	precomputed	2	1	12883823	mds	0	10.0	0.42831725835396905	41669	2884	5194	6869	24936	853	7082	23745	0.28212418127241917
4	precomputed	2	1	12883823	mds	1	10.0	0.28212418127241917	24936	853	7082	23745	41669	2884	5194	6869	0.42831725835396905
4	precomputed	2	1	12883823	mds	2	10.0	0.2657638123797578	20439	267	7148	28762	38641	3155	5565	9255	0.36537123612503875
4	precomputed	2	1	12883823	mds	3	10.0	0.36537123612503875	38641	3155	5565	9255	20439	267	7148	28762	0.2657638123797578
4	precomputed	2	1	12883823	mds	4	10.0	0.27807119133519775	30356	1740	6076	18444	17262	0	8270	31084	0.27391990754749906
4	precomputed	2	1	12883823	mds	5	10.0	0.27391990754749906	17262	0	8270	31084	30356	1740	6076	18444	0.27807119133519775
