init	random_state	method	cv_iteration	distance_threshold	training_mcc	training_tn	training_fn	training_tp	training_fp	validation_tn	validation_fn	validation_tp	validation_fp	validation_mcc
spectral	12883823	umap	0	10.0	0.37953827585929	46837	403	10472	29859	51398	78	10032	26063	0.4257699956980342
spectral	12883823	umap	1	10.0	0.4257699956980342	51398	78	10032	26063	46837	403	10472	29859	0.37953827585929
spectral	12883823	umap	2	10.0	0.21287124650880462	22644	76	10465	54386	58097	831	9588	19055	0.4646228189847006
spectral	12883823	umap	3	10.0	0.4646228189847006	58097	831	9588	19055	22644	76	10465	54386	0.21287124650880462
spectral	12883823	umap	4	10.0	0.37348370724141977	43818	0	10706	33047	43771	47	10196	33557	0.3608831608540574
spectral	12883823	umap	5	10.0	0.3608831608540574	43771	47	10196	33557	43818	0	10706	33047	0.37348370724141977
