metric	random_state	square_distances	method	cv_iteration	distance_threshold	training_mcc	training_tn	training_fn	training_tp	training_fp	validation_tn	validation_fn	validation_tp	validation_fp	validation_mcc
precomputed	12883823	True	t-sne	0	10.0	0.3068085527415228	41575	839	10036	35121	50653	680	9430	26808	0.3806450880974177
precomputed	12883823	True	t-sne	1	10.0	0.3806450880974177	50653	680	9430	26808	41575	839	10036	35121	0.3068085527415228
precomputed	12883823	True	t-sne	2	10.0	0.382993047518291	49933	706	9835	27097	40411	712	9707	36741	0.29546024674294596
precomputed	12883823	True	t-sne	3	10.0	0.29546024674294596	40411	712	9707	36741	49933	706	9835	27097	0.382993047518291
precomputed	12883823	True	t-sne	4	10.0	0.323686929866077	38369	94	10612	38496	43891	680	9563	33437	0.32221064220395984
precomputed	12883823	True	t-sne	5	10.0	0.32221064220395984	43891	680	9563	33437	38369	94	10612	38496	0.323686929866077
