dissimilarity	n_components	n_init	n_jobs	random_state	method	cv_iteration	distance_threshold	training_mcc	training_tn	training_fn	training_tp	training_fp	validation_tn	validation_fn	validation_tp	validation_fp	validation_mcc
precomputed	2	2	1	12883823	mds	0	10.0	0.14918358885270613	18450	587	10288	58246	53615	574	9536	23846	0.418059829458448
precomputed	2	2	1	12883823	mds	1	10.0	0.418059829458448	53615	574	9536	23846	18450	587	10288	58246	0.14918358885270613
precomputed	2	2	1	12883823	mds	2	10.0	0.22902294742213736	33312	938	9603	43718	59440	884	9535	17712	0.47944825685826764
precomputed	2	2	1	12883823	mds	3	10.0	0.47944825685826764	59440	884	9535	17712	33312	938	9603	43718	0.22902294742213736
precomputed	2	2	1	12883823	mds	4	10.0	0.1417275282840822	17713	584	10122	59152	42475	704	9539	34853	0.3089123427013549
precomputed	2	2	1	12883823	mds	5	10.0	0.3089123427013549	42475	704	9539	34853	17713	584	10122	59152	0.1417275282840822
