n_components	svd_solver	random_state	method	cv_iteration	distance_threshold	training_mcc	training_tn	training_fn	training_tp	training_fp	validation_tn	validation_fn	validation_tp	validation_fp	validation_mcc
10	full	12883823	pca	0	6.0	0.0076132720855352845	27511	4656	7097	40137	31254	4898	5737	37911	-0.005925492306689276
10	full	12883823	pca	1	6.0	-0.005925492306689276	31254	4898	5737	37911	27511	4656	7097	40137	0.0076132720855352845
10	full	12883823	pca	2	6.0	0.00885180161892025	25205	3585	6614	43997	24556	4525	7736	42983	-0.004101492686341232
10	full	12883823	pca	3	6.0	-0.004101492686341232	24556	4525	7736	42983	25205	3585	6614	43997	0.00885180161892025
10	full	12883823	pca	4	6.0	-0.001180830096049101	24742	3803	6733	44123	31807	5582	6269	36142	-0.0020765941837533317
10	full	12883823	pca	5	6.0	-0.0020765941837533317	31807	5582	6269	36142	24742	3803	6733	44123	-0.001180830096049101
