n_neighbors	min_dist	init	random_state	method	cv_iteration	distance_threshold	training_mcc	training_tn	training_fn	training_tp	training_fp	validation_tn	validation_fn	validation_tp	validation_fp	validation_mcc
25	0.1	spectral	12883823	umap	0	10.0	0.5559760632724172	50831	0	11753	16817	27004	0	10635	42161	0.28043944312033936
25	0.1	spectral	12883823	umap	1	10.0	0.28043944312033936	27004	0	10635	42161	50831	0	11753	16817	0.5559760632724172
25	0.1	spectral	12883823	umap	2	10.0	0.28474333925382356	38700	1364	8835	30502	31164	0	12261	36375	0.3410619777568225
25	0.1	spectral	12883823	umap	3	10.0	0.3410619777568225	31164	0	12261	36375	38700	1364	8835	30502	0.28474333925382356
25	0.1	spectral	12883823	umap	4	10.0	0.4876246998055042	48314	0	10536	20551	39275	0	11851	28674	0.4111332007688717
25	0.1	spectral	12883823	umap	5	10.0	0.4111332007688717	39275	0	11851	28674	48314	0	10536	20551	0.4876246998055042
