init	random_state	method	cv_iteration	distance_threshold	training_mcc	training_tn	training_fn	training_tp	training_fp	validation_tn	validation_fn	validation_tp	validation_fp	validation_mcc
spectral	12883823	umap	0	10.0	0.21083895545895748	24380	328	10547	52316	46893	293	9817	30568	0.36950494611237056
spectral	12883823	umap	1	10.0	0.36950494611237056	46893	293	9817	30568	24380	328	10547	52316	0.21083895545895748
spectral	12883823	umap	2	10.0	0.2814774198136326	34162	222	10319	42868	53938	452	9967	23214	0.4376310902860871
spectral	12883823	umap	3	10.0	0.4376310902860871	53938	452	9967	23214	34162	222	10319	42868	0.2814774198136326
spectral	12883823	umap	4	10.0	0.45599061339310204	54682	418	10288	22183	43644	216	10027	33684	0.34922290750034557
spectral	12883823	umap	5	10.0	0.34922290750034557	43644	216	10027	33684	54682	418	10288	22183	0.45599061339310204
