perplexity	learning_rate	metric	random_state	square_distances	method	cv_iteration	distance_threshold	training_mcc	training_tn	training_fn	training_tp	training_fp	validation_tn	validation_fn	validation_tp	validation_fp	validation_mcc
15.0	500.0	precomputed	12883823	True	t-sne	0	8.0	0.52590689874976	37373	504	7574	11165	26398	863	7072	22283	0.3011873142098428
15.0	500.0	precomputed	12883823	True	t-sne	1	8.0	0.3011873142098428	26398	863	7072	22283	37373	504	7574	11165	0.52590689874976
15.0	500.0	precomputed	12883823	True	t-sne	2	8.0	0.48070269850221337	37266	647	6768	11935	26841	840	7880	21055	0.33511206579864944
15.0	500.0	precomputed	12883823	True	t-sne	3	8.0	0.33511206579864944	26841	840	7880	21055	37266	647	6768	11935	0.48070269850221337
15.0	500.0	precomputed	12883823	True	t-sne	4	8.0	0.3567864686734423	30836	927	6889	17964	33496	661	7609	14850	0.44248224741465636
15.0	500.0	precomputed	12883823	True	t-sne	5	8.0	0.44248224741465636	33496	661	7609	14850	30836	927	6889	17964	0.3567864686734423
