perplexity	learning_rate	metric	random_state	square_distances	method	cv_iteration	distance_threshold	training_mcc	training_tn	training_fn	training_tp	training_fp	validation_tn	validation_fn	validation_tp	validation_fp	validation_mcc
15.0	500.0	precomputed	12883823	True	t-sne	0	2.0	0.6666961655953081	63492	2852	8901	4156	64115	5046	5589	5050	0.45244311437571805
15.0	500.0	precomputed	12883823	True	t-sne	1	2.0	0.45244311437571805	64115	5046	5589	5050	63492	2852	8901	4156	0.6666961655953081
15.0	500.0	precomputed	12883823	True	t-sne	2	2.0	0.5621234650734516	67439	5136	5063	1763	63374	3565	8696	4165	0.6351140941051732
15.0	500.0	precomputed	12883823	True	t-sne	3	2.0	0.6351140941051732	63374	3565	8696	4165	67439	5136	5063	1763	0.5621234650734516
15.0	500.0	precomputed	12883823	True	t-sne	4	2.0	0.7471857635515281	66107	2012	8524	2758	63720	6153	5698	4229	0.4509918648790632
15.0	500.0	precomputed	12883823	True	t-sne	5	2.0	0.4509918648790632	63720	6153	5698	4229	66107	2012	8524	2758	0.7471857635515281
