perplexity	learning_rate	metric	random_state	square_distances	method	cv_iteration	distance_threshold	training_mcc	training_tn	training_fn	training_tp	training_fp	validation_tn	validation_fn	validation_tp	validation_fp	validation_mcc
30.0	500.0	precomputed	12883823	True	t-sne	0	0.0	0.24915791076725022	389588	44123	11704	13946	391976	41668	10749	14968	0.23274132278659737
30.0	500.0	precomputed	12883823	True	t-sne	1	0.0	0.23274132278659737	391976	41668	10749	14968	389588	44123	11704	13946	0.24915791076725022
30.0	500.0	precomputed	12883823	True	t-sne	2	0.0	0.3128474016892753	398438	41128	11571	8224	389667	44219	11014	14461	0.23252393374096703
30.0	500.0	precomputed	12883823	True	t-sne	3	0.0	0.23252393374096703	389667	44219	11014	14461	398438	41128	11571	8224	0.3128474016892753
30.0	500.0	precomputed	12883823	True	t-sne	4	0.0	0.1789402111957613	383588	44010	10515	21248	396338	42654	10553	9816	0.27076400255824923
30.0	500.0	precomputed	12883823	True	t-sne	5	0.0	0.27076400255824923	396338	42654	10553	9816	383588	44010	10515	21248	0.1789402111957613
