n_neighbors	min_dist	init	random_state	method	cv_iteration	distance_threshold	training_mcc	training_tn	training_fn	training_tp	training_fp	validation_tn	validation_fn	validation_tp	validation_fp	validation_mcc
25	0.05	spectral	12883823	umap	0	10.0	0.21228277711190716	3496	0	352	3533	1712	0	447	5344	0.1368515035377259
25	0.05	spectral	12883823	umap	1	10.0	0.1368515035377259	1712	0	447	5344	3496	0	352	3533	0.21228277711190716
25	0.05	spectral	12883823	umap	2	10.0	0.22101282109792014	3520	5	389	3467	4340	0	407	2756	0.2805341071260691
25	0.05	spectral	12883823	umap	3	10.0	0.2805341071260691	4340	0	407	2756	3520	5	389	3467	0.22101282109792014
25	0.05	spectral	12883823	umap	4	10.0	0.2547317414068835	4139	0	357	2885	4194	0	429	2880	0.27724386704916315
25	0.05	spectral	12883823	umap	5	10.0	0.27724386704916315	4194	0	429	2880	4139	0	357	2885	0.2547317414068835
