n_neighbors	min_dist	init	random_state	method	cv_iteration	distance_threshold	training_mcc	training_tn	training_fn	training_tp	training_fp	validation_tn	validation_fn	validation_tp	validation_fp	validation_mcc
25	0.25	spectral	12883823	umap	0	10.0	0.21228277711190716	3496	0	352	3533	1712	0	447	5344	0.1368515035377259
25	0.25	spectral	12883823	umap	1	10.0	0.1368515035377259	1712	0	447	5344	3496	0	352	3533	0.21228277711190716
25	0.25	spectral	12883823	umap	2	10.0	0.22101282109792014	3520	5	389	3467	3740	0	407	3356	0.2387586381922555
25	0.25	spectral	12883823	umap	3	10.0	0.2387586381922555	3740	0	407	3356	3520	5	389	3467	0.22101282109792014
25	0.25	spectral	12883823	umap	4	10.0	0.2212392596832722	3621	0	357	3403	1712	0	429	5362	0.13389711389751388
25	0.25	spectral	12883823	umap	5	10.0	0.13389711389751388	1712	0	429	5362	3621	0	357	3403	0.2212392596832722
