n_components	dissimilarity	n_init	n_jobs	random_state	method	cv_iteration	distance_threshold	training_mcc	training_tn	training_fn	training_tp	training_fp	validation_tn	validation_fn	validation_tp	validation_fp	validation_mcc
2	precomputed	2	1	12883823	mds	0	4.0	0.2779689598407548	17951	0	8078	30587	20900	310	7625	27781	0.27989585473620765
2	precomputed	2	1	12883823	mds	1	4.0	0.27989585473620765	20900	310	7625	27781	17951	0	8078	30587	0.2779689598407548
2	precomputed	2	1	12883823	mds	2	4.0	0.477324064368509	44471	2809	4606	4730	17680	0	8720	30216	0.2875239880551231
2	precomputed	2	1	12883823	mds	3	4.0	0.2875239880551231	17680	0	8720	30216	44471	2809	4606	4730	0.477324064368509
2	precomputed	2	1	12883823	mds	4	4.0	0.2661796933078194	17382	2	7814	31418	17262	0	8270	31084	0.27391990754749906
2	precomputed	2	1	12883823	mds	5	4.0	0.27391990754749906	17262	0	8270	31084	17382	2	7814	31418	0.2661796933078194
