n_components	dissimilarity	n_init	n_jobs	random_state	method	cv_iteration	distance_threshold	training_mcc	training_tn	training_fn	training_tp	training_fp	validation_tn	validation_fn	validation_tp	validation_fp	validation_mcc
4	precomputed	2	1	12883823	mds	0	14.0	0.302689033612068	22705	344	7734	25833	24936	853	7082	23745	0.28212418127241917
4	precomputed	2	1	12883823	mds	1	14.0	0.28212418127241917	24936	853	7082	23745	22705	344	7734	25833	0.302689033612068
4	precomputed	2	1	12883823	mds	2	14.0	0.2657638123797578	20439	267	7148	28762	25725	726	7994	22171	0.32835382118728995
4	precomputed	2	1	12883823	mds	3	14.0	0.32835382118728995	25725	726	7994	22171	20439	267	7148	28762	0.2657638123797578
4	precomputed	2	1	12883823	mds	4	14.0	0.29158978951632136	23436	490	7326	25364	17262	0	8270	31084	0.27391990754749906
4	precomputed	2	1	12883823	mds	5	14.0	0.27391990754749906	17262	0	8270	31084	23436	490	7326	25364	0.29158978951632136
