perplexity	learning_rate	metric	random_state	square_distances	method	cv_iteration	distance_threshold	training_mcc	training_tn	training_fn	training_tp	training_fp	validation_tn	validation_fn	validation_tp	validation_fp	validation_mcc
30.0	500.0	precomputed	12883823	True	t-sne	0	6.0	0.8505455994163162	394134	5731	50096	9400	376037	4407	48010	30907	0.7080097118516411
30.0	500.0	precomputed	12883823	True	t-sne	1	6.0	0.7080097118516411	376037	4407	48010	30907	394134	5731	50096	9400	0.8505455994163162
30.0	500.0	precomputed	12883823	True	t-sne	2	6.0	0.7060988699360796	366595	780	51919	40067	350669	6069	49164	53459	0.5917495663354597
30.0	500.0	precomputed	12883823	True	t-sne	3	6.0	0.5917495663354597	350669	6069	49164	53459	366595	780	51919	40067	0.7060988699360796
30.0	500.0	precomputed	12883823	True	t-sne	4	6.0	0.589939036905823	350118	5582	48943	54718	394511	4537	48670	11643	0.8396073308910269
30.0	500.0	precomputed	12883823	True	t-sne	5	6.0	0.8396073308910269	394511	4537	48670	11643	350118	5582	48943	54718	0.589939036905823
