perplexity	learning_rate	metric	random_state	square_distances	method	cv_iteration	distance_threshold	training_mcc	training_tn	training_fn	training_tp	training_fp	validation_tn	validation_fn	validation_tp	validation_fp	validation_mcc
15.0	500.0	precomputed	12883823	True	t-sne	0	12.0	0.7314867167204776	394432	16018	39809	9102	389061	19854	32563	17883	0.587034856664422
15.0	500.0	precomputed	12883823	True	t-sne	1	12.0	0.587034856664422	389061	19854	32563	17883	394432	16018	39809	9102	0.7314867167204776
15.0	500.0	precomputed	12883823	True	t-sne	2	12.0	0.6888432776174437	380127	8037	44662	26535	377566	10125	45108	26562	0.6730749665422177
15.0	500.0	precomputed	12883823	True	t-sne	3	12.0	0.6730749665422177	377566	10125	45108	26562	380127	8037	44662	26535	0.6888432776174437
15.0	500.0	precomputed	12883823	True	t-sne	4	12.0	0.6738194183787789	376537	8993	45532	28299	354631	11070	42137	51523	0.5282862014425056
15.0	500.0	precomputed	12883823	True	t-sne	5	12.0	0.5282862014425056	354631	11070	42137	51523	376537	8993	45532	28299	0.6738194183787789
