n_neighbors	min_dist	init	random_state	method	cv_iteration	distance_threshold	training_mcc	training_tn	training_fn	training_tp	training_fp	validation_tn	validation_fn	validation_tp	validation_fp	validation_mcc
100	0.05	spectral	12883823	umap	0	2.0	0.7074380189376316	362616	1086	54741	40918	356550	182	52235	50394	0.6661294392339383
100	0.05	spectral	12883823	umap	1	2.0	0.6661294392339383	356550	182	52235	50394	362616	1086	54741	40918	0.7074380189376316
100	0.05	spectral	12883823	umap	2	2.0	0.5992833366510696	365592	8920	43779	41070	355008	371	54862	49120	0.6775158793313908
100	0.05	spectral	12883823	umap	3	2.0	0.6775158793313908	355008	371	54862	49120	365592	8920	43779	41070	0.5992833366510696
100	0.05	spectral	12883823	umap	4	2.0	0.6874049501004961	358521	386	54139	46315	355856	468	52739	50298	0.6654450916686436
100	0.05	spectral	12883823	umap	5	2.0	0.6654450916686436	355856	468	52739	50298	358521	386	54139	46315	0.6874049501004961
