n_neighbors	min_dist	init	random_state	method	cv_iteration	distance_threshold	training_mcc	training_tn	training_fn	training_tp	training_fp	validation_tn	validation_fn	validation_tp	validation_fp	validation_mcc
25	0.05	spectral	12883823	umap	0	8.0	0.17941645866754508	17913	1026	7052	30625	32017	1321	6614	16664	0.3465610709939459
25	0.05	spectral	12883823	umap	1	8.0	0.3465610709939459	32017	1321	6614	16664	17913	1026	7052	30625	0.17941645866754508
25	0.05	spectral	12883823	umap	2	8.0	0.33554010211487667	30111	867	6548	19090	31400	1456	7264	16496	0.3573911276997606
25	0.05	spectral	12883823	umap	3	8.0	0.3573911276997606	31400	1456	7264	16496	30111	867	6548	19090	0.33554010211487667
25	0.05	spectral	12883823	umap	4	8.0	0.33729414418241427	35559	2088	5728	13241	17262	986	7284	31084	0.1797208928290234
25	0.05	spectral	12883823	umap	5	8.0	0.1797208928290234	17262	986	7284	31084	35559	2088	5728	13241	0.33729414418241427
