n_neighbors	min_dist	init	random_state	method	cv_iteration	distance_threshold	training_mcc	training_tn	training_fn	training_tp	training_fp	validation_tn	validation_fn	validation_tp	validation_fp	validation_mcc
100	0.05	spectral	12883823	umap	0	10.0	0.2772323143324314	17886	0	8078	30652	16620	0	7935	32061	0.2602561194656133
100	0.05	spectral	12883823	umap	1	10.0	0.2602561194656133	16620	0	7935	32061	17886	0	8078	30652	0.2772323143324314
100	0.05	spectral	12883823	umap	2	10.0	0.2525548319229307	16836	0	7415	32365	17680	0	8720	30216	0.2875239880551231
100	0.05	spectral	12883823	umap	3	10.0	0.2875239880551231	17680	0	8720	30216	16836	0	7415	32365	0.2525548319229307
100	0.05	spectral	12883823	umap	4	10.0	0.2650534612092785	17262	0	7816	31538	17262	0	8270	31084	0.27391990754749906
100	0.05	spectral	12883823	umap	5	10.0	0.27391990754749906	17262	0	8270	31084	17262	0	7816	31538	0.2650534612092785
