n_neighbors	min_dist	init	random_state	method	cv_iteration	distance_threshold	training_mcc	training_tn	training_fn	training_tp	training_fp	validation_tn	validation_fn	validation_tp	validation_fp	validation_mcc
25	0.1	spectral	12883823	umap	0	0.0	0.2418909796877668	398990	48693	7134	4544	405108	44612	7805	1836	0.3202650680463468
25	0.1	spectral	12883823	umap	1	0.0	0.3202650680463468	405108	44612	7805	1836	398990	48693	7134	4544	0.2418909796877668
25	0.1	spectral	12883823	umap	2	0.0	0.2530302019606555	403338	46222	6477	3324	399491	48211	7022	4637	0.2391756744187637
25	0.1	spectral	12883823	umap	3	0.0	0.2391756744187637	399491	48211	7022	4637	403338	46222	6477	3324	0.2530302019606555
25	0.1	spectral	12883823	umap	4	0.0	0.3831897031730726	401093	42126	12399	3743	402000	46623	6584	4154	0.24042649959386886
25	0.1	spectral	12883823	umap	5	0.0	0.24042649959386886	402000	46623	6584	4154	401093	42126	12399	3743	0.3831897031730726
