perplexity	learning_rate	metric	random_state	square_distances	method	cv_iteration	distance_threshold	training_mcc	training_tn	training_fn	training_tp	training_fp	validation_tn	validation_fn	validation_tp	validation_fp	validation_mcc
15.0	100.0	precomputed	12883823	True	t-sne	0	4.0	0.636590429775242	62061	2588	9165	5587	63267	1566	9069	5898	0.6682074412386686
15.0	100.0	precomputed	12883823	True	t-sne	1	4.0	0.6682074412386686	63267	1566	9069	5898	62061	2588	9165	5587	0.636590429775242
15.0	100.0	precomputed	12883823	True	t-sne	2	4.0	0.7325141951961173	64831	1199	9000	4371	60948	2138	10123	6591	0.6451898963820918
15.0	100.0	precomputed	12883823	True	t-sne	3	4.0	0.6451898963820918	60948	2138	10123	6591	64831	1199	9000	4371	0.7325141951961173
15.0	100.0	precomputed	12883823	True	t-sne	4	4.0	0.7385643155675687	64442	1170	9366	4423	53318	2424	9427	14631	0.44955061490369297
15.0	100.0	precomputed	12883823	True	t-sne	5	4.0	0.44955061490369297	53318	2424	9427	14631	64442	1170	9366	4423	0.7385643155675687
