n_components	svd_solver	random_state	method	cv_iteration	distance_threshold	training_mcc	training_tn	training_fn	training_tp	training_fp	validation_tn	validation_fn	validation_tp	validation_fp	validation_mcc
10	full	12883823	pca	0	2.0	0.13943333935372013	35626	4465	3613	12912	36437	4562	3373	12244	0.13481149482505328
10	full	12883823	pca	1	2.0	0.13481149482505328	36437	4562	3373	12244	35626	4465	3613	12912	0.13943333935372013
10	full	12883823	pca	2	2.0	0.13906351441583029	36759	4172	3243	12442	34923	4756	3964	12973	0.14483985148144304
10	full	12883823	pca	3	2.0	0.14483985148144304	34923	4756	3964	12973	36759	4172	3243	12442	0.13906351441583029
10	full	12883823	pca	4	2.0	0.1568198632267801	37019	4353	3463	11781	35415	4563	3707	12931	0.14015852843642543
10	full	12883823	pca	5	2.0	0.14015852843642543	35415	4563	3707	12931	37019	4353	3463	11781	0.1568198632267801
