method,recombination_rate,replicate_count,r_squared_mean,r_squared_std,slope_mean,slope_std,intercept_mean,intercept_std
mds,low-recombination-rate,5,0.9736235300561672,0.009493464605013616,1.0406264856142813,0.01442319355174674,-4.689224321632492,1.0831714929967866
pca,low-recombination-rate,5,0.8386150300184936,0.027878290885214277,0.11392774288939589,0.012710431535159307,0.33728906584911766,0.8158589656165437
t-sne,low-recombination-rate,5,0.6133169886149407,0.0963957524876616,0.39719255086639293,0.10318947788165578,-0.15670766016384546,6.737175920178712
umap,low-recombination-rate,5,0.48334928922627246,0.08209738346925023,0.14967021826969512,0.04007775469161469,1.6222989313326088,2.5549192466849857
