method,recombination_rate,replicate_count,mse_mean,mse_std
pca,no-reassortment,25,0.00020867729947947715,0.0001004709032530922
umap,no-reassortment,25,0.00025406960506054637,0.00024140186965579524
t-sne,no-reassortment,25,0.00031501956719570434,0.0003185181017996194
mds,no-reassortment,25,0.0004039250141866584,0.0003288128995721437
