method,recombination_rate,replicate_count,mse_mean,mse_std
umap,no-reassortment,25,0.00016012188707259273,0.00012741883793777146
t-sne,no-reassortment,25,0.00018913231636421134,0.0002328399380532724
pca,no-reassortment,25,0.00033812408762202756,0.0003228573274778025
mds,no-reassortment,25,0.00038381974280637195,0.0003174734617261272
