n_neighbors	min_dist	init	random_state	method	cv_iteration	distance_threshold	training_mcc	training_tn	training_fn	training_tp	training_fp	validation_tn	validation_fn	validation_tp	validation_fp	validation_mcc
25	0.1	spectral	12883823	umap	0	10.0	0.17941645866754508	17913	1026	7052	30625	29916	1200	6735	18765	0.3232629856748096
25	0.1	spectral	12883823	umap	1	10.0	0.3232629856748096	29916	1200	6735	18765	17913	1026	7052	30625	0.17941645866754508
25	0.1	spectral	12883823	umap	2	10.0	0.334591779213473	30114	878	6537	19087	17680	1036	7684	30216	0.1920822896257144
25	0.1	spectral	12883823	umap	3	10.0	0.1920822896257144	17680	1036	7684	30216	30114	878	6537	19087	0.334591779213473
25	0.1	spectral	12883823	umap	4	10.0	0.3205611309763739	33420	1832	5984	15380	17262	0	8270	31084	0.27391990754749906
25	0.1	spectral	12883823	umap	5	10.0	0.27391990754749906	17262	0	8270	31084	33420	1832	5984	15380	0.3205611309763739
