perplexity	learning_rate	metric	random_state	square_distances	method	cv_iteration	distance_threshold	training_mcc	training_tn	training_fn	training_tp	training_fp	validation_tn	validation_fn	validation_tp	validation_fp	validation_mcc
15.0	100.0	precomputed	12883823	True	t-sne	0	0.0	0.6394565209506238	6667	27	325	362	6639	53	394	417	0.6268915856673013
15.0	100.0	precomputed	12883823	True	t-sne	1	0.0	0.6268915856673013	6639	53	394	417	6667	27	325	362	0.6394565209506238
15.0	100.0	precomputed	12883823	True	t-sne	2	0.0	0.5095949249535242	6120	10	384	867	6726	35	372	370	0.6539352594918603
15.0	100.0	precomputed	12883823	True	t-sne	3	0.0	0.6539352594918603	6726	35	372	370	6120	10	384	867	0.5095949249535242
15.0	100.0	precomputed	12883823	True	t-sne	4	0.0	0.5404142680146532	6376	18	339	648	6791	28	401	283	0.7217104131538016
15.0	100.0	precomputed	12883823	True	t-sne	5	0.0	0.7217104131538016	6791	28	401	283	6376	18	339	648	0.5404142680146532
