n_components	dissimilarity	n_init	n_jobs	random_state	method	cv_iteration	distance_threshold	training_mcc	training_tn	training_fn	training_tp	training_fp	validation_tn	validation_fn	validation_tp	validation_fp	validation_mcc
2	precomputed	2	1	12883823	mds	0	0.0	0.1325481796553687	351317	40587	15240	52217	354707	38735	13682	52237	0.12030716001280278
2	precomputed	2	1	12883823	mds	1	0.0	0.12030716001280278	354707	38735	13682	52237	351317	40587	15240	52217	0.1325481796553687
2	precomputed	2	1	12883823	mds	2	0.0	0.13710049302635652	356636	38346	14353	50026	355053	39386	15847	49075	0.15449410037099343
2	precomputed	2	1	12883823	mds	3	0.0	0.15449410037099343	355053	39386	15847	49075	356636	38346	14353	50026	0.13710049302635652
2	precomputed	2	1	12883823	mds	4	0.0	0.18713632480302933	363854	38613	15912	40982	376778	37649	15558	29376	0.23707982850755632
2	precomputed	2	1	12883823	mds	5	0.0	0.23707982850755632	376778	37649	15558	29376	363854	38613	15912	40982	0.18713632480302933
