n_components	dissimilarity	n_init	n_jobs	random_state	method	cv_iteration	distance_threshold	training_mcc	training_tn	training_fn	training_tp	training_fp	validation_tn	validation_fn	validation_tp	validation_fp	validation_mcc
6	precomputed	2	1	12883823	mds	0	4.0	0.5101371746154156	369225	19670	36157	34309	371515	15476	36941	35429	0.5390698838567358
6	precomputed	2	1	12883823	mds	1	4.0	0.5390698838567358	371515	15476	36941	35429	369225	19670	36157	34309	0.5101371746154156
6	precomputed	2	1	12883823	mds	2	4.0	0.5170642873424637	367136	15721	36978	39526	363631	17856	37377	40497	0.4997203104718993
6	precomputed	2	1	12883823	mds	3	4.0	0.4997203104718993	363631	17856	37377	40497	367136	15721	36978	39526	0.5170642873424637
6	precomputed	2	1	12883823	mds	4	4.0	0.6043169262372883	370644	11902	42623	34192	369640	17361	35846	36514	0.5128535276216751
6	precomputed	2	1	12883823	mds	5	4.0	0.5128535276216751	369640	17361	35846	36514	370644	11902	42623	34192	0.6043169262372883
