n_components	dissimilarity	n_init	n_jobs	random_state	method	cv_iteration	distance_threshold	training_mcc	training_tn	training_fn	training_tp	training_fp	validation_tn	validation_fn	validation_tp	validation_fp	validation_mcc
4	precomputed	2	1	12883823	mds	0	10.0	0.32601422066588087	45076	2545	9208	22572	28542	7	10628	40623	0.292125911494436
4	precomputed	2	1	12883823	mds	1	10.0	0.292125911494436	28542	7	10628	40623	45076	2545	9208	22572	0.32601422066588087
4	precomputed	2	1	12883823	mds	2	10.0	0.26100575319213537	39880	1905	8294	29322	48375	2824	9437	19164	0.36541953931754945
4	precomputed	2	1	12883823	mds	3	10.0	0.36541953931754945	48375	2824	9437	19164	39880	1905	8294	29322	0.26100575319213537
4	precomputed	2	1	12883823	mds	4	10.0	0.2820973095117796	38676	1537	8999	30189	46646	2694	9157	21303	0.3361021320826728
4	precomputed	2	1	12883823	mds	5	10.0	0.3361021320826728	46646	2694	9157	21303	38676	1537	8999	30189	0.2820973095117796
