n_neighbors	min_dist	init	random_state	method	cv_iteration	distance_threshold	training_mcc	training_tn	training_fn	training_tp	training_fp	validation_tn	validation_fn	validation_tp	validation_fp	validation_mcc
50	0.25	spectral	12883823	umap	0	12.0	0.14938763891090592	63860	4	55823	339674	146110	0	52417	260834	0.2451108257944313
50	0.25	spectral	12883823	umap	1	12.0	0.2451108257944313	146110	0	52417	260834	63860	4	55823	339674	0.14938763891090592
50	0.25	spectral	12883823	umap	2	12.0	0.30341779408397923	192660	204	52495	214002	132809	79	55154	271319	0.23469645227280825
50	0.25	spectral	12883823	umap	3	12.0	0.23469645227280825	132809	79	55154	271319	192660	204	52495	214002	0.30341779408397923
50	0.25	spectral	12883823	umap	4	12.0	0.3640875722803368	228565	95	54430	176271	171493	105	53102	234661	0.2780208010824686
50	0.25	spectral	12883823	umap	5	12.0	0.2780208010824686	171493	105	53102	234661	228565	95	54430	176271	0.3640875722803368
