n_neighbors	min_dist	init	random_state	method	cv_iteration	distance_threshold	training_mcc	training_tn	training_fn	training_tp	training_fp	validation_tn	validation_fn	validation_tp	validation_fp	validation_mcc
50	0.05	spectral	12883823	umap	0	12.0	0.2301641160787306	131622	412	55415	271912	197540	0	52417	209404	0.3117410844696288
50	0.05	spectral	12883823	umap	1	12.0	0.3117410844696288	197540	0	52417	209404	131622	412	55415	271912	0.2301641160787306
50	0.05	spectral	12883823	umap	2	12.0	0.26999613743932394	168367	297	52402	238295	259931	189	55044	144197	0.41986049499483497
50	0.05	spectral	12883823	umap	3	12.0	0.41986049499483497	259931	189	55044	144197	168367	297	52402	238295	0.26999613743932394
50	0.05	spectral	12883823	umap	4	12.0	0.3644391642404911	228771	93	54432	176065	132390	408	52799	273764	0.22468606530019358
50	0.05	spectral	12883823	umap	5	12.0	0.22468606530019358	132390	408	52799	273764	228771	93	54432	176065	0.3644391642404911
