perplexity	learning_rate	metric	random_state	square_distances	method	cv_iteration	distance_threshold	training_mcc	training_tn	training_fn	training_tp	training_fp	validation_tn	validation_fn	validation_tp	validation_fp	validation_mcc
30.0	500.0	precomputed	12883823	True	t-sne	0	10.0	0.6080533593472364	336707	705	55122	66827	366715	749	51668	40229	0.704851549792049
30.0	500.0	precomputed	12883823	True	t-sne	1	10.0	0.704851549792049	366715	749	51668	40229	336707	705	55122	66827	0.6080533593472364
30.0	500.0	precomputed	12883823	True	t-sne	2	10.0	0.5960901481745102	339050	677	52022	67612	339515	1064	54169	64613	0.6097337947683751
30.0	500.0	precomputed	12883823	True	t-sne	3	10.0	0.6097337947683751	339515	1064	54169	64613	339050	677	52022	67612	0.5960901481745102
30.0	500.0	precomputed	12883823	True	t-sne	4	10.0	0.6059721226738412	339295	924	53601	65541	349511	4437	48770	56643	0.5914472542023972
30.0	500.0	precomputed	12883823	True	t-sne	5	10.0	0.5914472542023972	349511	4437	48770	56643	339295	924	53601	65541	0.6059721226738412
