method,recombination_rate,replicate_count,r_squared_mean,r_squared_std,slope_mean,slope_std,intercept_mean,intercept_std
mds,moderate,5,0.9475335322752256,0.01027311067278269,1.0644493282281706,0.00920947671241993,-5.526309302066636,0.5072483080836789
pca,moderate,5,0.7666285926515465,0.01437322849191622,0.14271974767134935,0.005889832537326932,-0.9417895169880627,0.5275758724074836
t-sne,moderate,5,0.6971785107244154,0.04095572791220326,0.5899004665834844,0.09420198154392509,-10.796686705126854,4.807415956118683
umap,moderate,5,0.5078626344560928,0.09426084656496987,0.2634153804260693,0.06961689283005579,-3.028901138519445,3.3050829219207314
