method,recombination_rate,replicate_count,r_squared_mean,r_squared_std,slope_mean,slope_std,intercept_mean,intercept_std
mds,moderate-recombination-rate,5,0.9640343503935197,0.01004299865535392,1.0528575641909128,0.011558655125118196,-5.535006049150636,0.8051055329279803
pca,moderate-recombination-rate,5,0.8175150283917324,0.038097192404598315,0.12337843054532124,0.006674952321018445,-0.188777057074806,0.4110092261257305
t-sne,moderate-recombination-rate,5,0.6827547348693066,0.08216053802235372,0.5020337321824043,0.07249991024213301,-6.529314741184746,4.654752246103889
umap,moderate-recombination-rate,5,0.473447679219558,0.19683870702668677,0.17712359854628984,0.06284637935841694,0.9244349485204154,4.41132045868256
