perplexity	learning_rate	metric	random_state	square_distances	method	cv_iteration	distance_threshold	training_mcc	training_tn	training_fn	training_tp	training_fp	validation_tn	validation_fn	validation_tp	validation_fp	validation_mcc
15.0	500.0	precomputed	12883823	True	t-sne	0	2.0	0.5773987519786141	46304	3318	4760	2234	47976	3225	4710	705	0.6835359821793067
15.0	500.0	precomputed	12883823	True	t-sne	1	2.0	0.6835359821793067	47976	3225	4710	705	46304	3318	4760	2234	0.5773987519786141
15.0	500.0	precomputed	12883823	True	t-sne	2	2.0	0.5750486588387586	47283	3197	4218	1918	45637	5226	3494	2259	0.42235519143671757
15.0	500.0	precomputed	12883823	True	t-sne	3	2.0	0.42235519143671757	45637	5226	3494	2259	47283	3197	4218	1918	0.5750486588387586
15.0	500.0	precomputed	12883823	True	t-sne	4	2.0	0.5517551907020672	45642	2950	4866	3158	46687	4512	3758	1659	0.5043986283374311
15.0	500.0	precomputed	12883823	True	t-sne	5	2.0	0.5043986283374311	46687	4512	3758	1659	45642	2950	4866	3158	0.5517551907020672
