n_components	dissimilarity	n_init	n_jobs	random_state	method	cv_iteration	distance_threshold	training_mcc	training_tn	training_fn	training_tp	training_fp	validation_tn	validation_fn	validation_tp	validation_fp	validation_mcc
4	precomputed	2	1	12883823	mds	0	6.0	0.47277554597020977	308801	5149	50678	94733	313990	4012	48405	92954	0.4787808166830065
4	precomputed	2	1	12883823	mds	1	6.0	0.4787808166830065	313990	4012	48405	92954	308801	5149	50678	94733	0.47277554597020977
4	precomputed	2	1	12883823	mds	2	6.0	0.4981874759552874	317158	3260	49439	89504	239977	4836	50397	164151	0.3300283128611318
4	precomputed	2	1	12883823	mds	3	6.0	0.3300283128611318	239977	4836	50397	164151	317158	3260	49439	89504	0.4981874759552874
4	precomputed	2	1	12883823	mds	4	6.0	0.49992782108230704	316988	4029	50496	87848	322093	5586	47621	84061	0.48692201882781105
4	precomputed	2	1	12883823	mds	5	6.0	0.48692201882781105	322093	5586	47621	84061	316988	4029	50496	87848	0.49992782108230704
