perplexity	learning_rate	metric	random_state	square_distances	method	cv_iteration	distance_threshold	training_mcc	training_tn	training_fn	training_tp	training_fp	validation_tn	validation_fn	validation_tp	validation_fp	validation_mcc
15.0	500.0	precomputed	12883823	True	t-sne	0	0.0	0.4745477324721709	45810	4077	4001	2728	47976	3225	4710	705	0.6835359821793067
15.0	500.0	precomputed	12883823	True	t-sne	1	0.0	0.6835359821793067	47976	3225	4710	705	45810	4077	4001	2728	0.4745477324721709
15.0	500.0	precomputed	12883823	True	t-sne	2	0.0	0.5750486588387586	47283	3197	4218	1918	45067	5844	2876	2829	0.32467164247567376
15.0	500.0	precomputed	12883823	True	t-sne	3	0.0	0.32467164247567376	45067	5844	2876	2829	47283	3197	4218	1918	0.5750486588387586
15.0	500.0	precomputed	12883823	True	t-sne	4	0.0	0.5517551907020672	45642	2950	4866	3158	46553	5280	2990	1793	0.41204255811223484
15.0	500.0	precomputed	12883823	True	t-sne	5	0.0	0.41204255811223484	46553	5280	2990	1793	45642	2950	4866	3158	0.5517551907020672
