perplexity	learning_rate	metric	random_state	square_distances	method	cv_iteration	distance_threshold	training_mcc	training_tn	training_fn	training_tp	training_fp	validation_tn	validation_fn	validation_tp	validation_fp	validation_mcc
100.0	100.0	precomputed	12883823	True	t-sne	0	6.0	0.5575870572445777	321830	981	54846	81704	269359	99	52318	137585	0.4261355788035605
100.0	100.0	precomputed	12883823	True	t-sne	1	6.0	0.4261355788035605	269359	99	52318	137585	321830	981	54846	81704	0.5575870572445777
100.0	100.0	precomputed	12883823	True	t-sne	2	6.0	0.6586094719201735	354890	400	52299	51772	269276	204	55029	134852	0.43764244261883195
100.0	100.0	precomputed	12883823	True	t-sne	3	6.0	0.43764244261883195	269276	204	55029	134852	354890	400	52299	51772	0.6586094719201735
100.0	100.0	precomputed	12883823	True	t-sne	4	6.0	0.45571576420175525	280796	384	54141	124040	261253	105	53102	144901	0.41439267862576984
100.0	100.0	precomputed	12883823	True	t-sne	5	6.0	0.41439267862576984	261253	105	53102	144901	280796	384	54141	124040	0.45571576420175525
