perplexity	learning_rate	metric	random_state	square_distances	method	cv_iteration	distance_threshold	training_mcc	training_tn	training_fn	training_tp	training_fp	validation_tn	validation_fn	validation_tp	validation_fp	validation_mcc
30.0	500.0	precomputed	12883823	True	t-sne	0	6.0	0.4246069726795301	29440	0	8078	19098	23956	742	7193	24725	0.27901845123474023
30.0	500.0	precomputed	12883823	True	t-sne	1	6.0	0.27901845123474023	23956	742	7193	24725	29440	0	8078	19098	0.4246069726795301
30.0	500.0	precomputed	12883823	True	t-sne	2	6.0	0.404802293890474	32966	597	6818	16235	17680	0	8720	30216	0.2875239880551231
30.0	500.0	precomputed	12883823	True	t-sne	3	6.0	0.2875239880551231	17680	0	8720	30216	32966	597	6818	16235	0.404802293890474
30.0	500.0	precomputed	12883823	True	t-sne	4	6.0	0.28173778948756245	24494	750	7066	24306	17262	0	8270	31084	0.27391990754749906
30.0	500.0	precomputed	12883823	True	t-sne	5	6.0	0.27391990754749906	17262	0	8270	31084	24494	750	7066	24306	0.28173778948756245
