perplexity	learning_rate	metric	random_state	square_distances	method	cv_iteration	distance_threshold	training_mcc	training_tn	training_fn	training_tp	training_fp	validation_tn	validation_fn	validation_tp	validation_fp	validation_mcc
15.0	100.0	precomputed	12883823	True	t-sne	0	0.0	0.2857468384730907	395313	44942	10885	8221	400143	41489	10928	6801	0.3165270268452833
15.0	100.0	precomputed	12883823	True	t-sne	1	0.0	0.3165270268452833	400143	41489	10928	6801	395313	44942	10885	8221	0.2857468384730907
15.0	100.0	precomputed	12883823	True	t-sne	2	0.0	0.39554668186270164	403546	40584	12115	3116	401291	39096	16137	2837	0.4660404926799158
15.0	100.0	precomputed	12883823	True	t-sne	3	0.0	0.4660404926799158	401291	39096	16137	2837	403546	40584	12115	3116	0.39554668186270164
15.0	100.0	precomputed	12883823	True	t-sne	4	0.0	0.42102018591527113	399517	39055	15470	5319	404622	37421	15786	1532	0.4921473569588466
15.0	100.0	precomputed	12883823	True	t-sne	5	0.0	0.4921473569588466	404622	37421	15786	1532	399517	39055	15470	5319	0.42102018591527113
