metric	random_state	square_distances	method	cv_iteration	distance_threshold	training_mcc	training_tn	training_fn	training_tp	training_fp	validation_tn	validation_fn	validation_tp	validation_fp	validation_mcc
precomputed	12883823	True	t-sne	0	8.0	0.527505225517038	245546	4740	35447	50877	263343	5040	35600	33448	0.6157949523637812
precomputed	12883823	True	t-sne	1	8.0	0.6157949523637812	263343	5040	35600	33448	245546	4740	35447	50877	0.527505225517038
precomputed	12883823	True	t-sne	2	8.0	0.740924171399174	281991	5305	34148	15166	254382	2683	38886	41480	0.6135907461079289
precomputed	12883823	True	t-sne	3	8.0	0.6135907461079289	254382	2683	38886	41480	281991	5305	34148	15166	0.740924171399174
precomputed	12883823	True	t-sne	4	8.0	0.6522543642872229	263406	2146	36972	34086	257032	2760	38872	38767	0.6271671708419722
precomputed	12883823	True	t-sne	5	8.0	0.6271671708419722	257032	2760	38872	38767	263406	2146	36972	34086	0.6522543642872229
