dissimilarity	n_components	n_init	n_jobs	random_state	method	cv_iteration	distance_threshold	training_mcc	training_tn	training_fn	training_tp	training_fp	validation_tn	validation_fn	validation_tp	validation_fp	validation_mcc
precomputed	2	2	1	12883823	mds	0	8.0	0.1794279721255587	90057	2287	37900	206366	133154	2153	38487	163637	0.26276312307081107
precomputed	2	2	1	12883823	mds	1	8.0	0.26276312307081107	133154	2153	38487	163637	90057	2287	37900	206366	0.1794279721255587
precomputed	2	2	1	12883823	mds	2	8.0	0.24793993523017627	128626	2253	37200	168531	68412	1735	39834	227450	0.15347169621925924
precomputed	2	2	1	12883823	mds	3	8.0	0.15347169621925924	68412	1735	39834	227450	128626	2253	37200	168531	0.24793993523017627
precomputed	2	2	1	12883823	mds	4	8.0	0.4177299719201096	208710	2804	36314	88782	206973	2022	39610	88826	0.441036895149627
precomputed	2	2	1	12883823	mds	5	8.0	0.441036895149627	206973	2022	39610	88826	208710	2804	36314	88782	0.4177299719201096
