init	random_state	method	cv_iteration	distance_threshold	training_mcc	training_tn	training_fn	training_tp	training_fp	validation_tn	validation_fn	validation_tp	validation_fp	validation_mcc
spectral	12883823	umap	0	8.0	0.5870416089386014	244715	858	39329	51708	250188	2095	38545	46603	0.5930369763750701
spectral	12883823	umap	1	8.0	0.5930369763750701	250188	2095	38545	46603	244715	858	39329	51708	0.5870416089386014
spectral	12883823	umap	2	8.0	0.3402285971466431	164818	1020	38433	132339	160659	2	41567	135203	0.3573117175977478
spectral	12883823	umap	3	8.0	0.3573117175977478	160659	2	41567	135203	164818	1020	38433	132339	0.3402285971466431
spectral	12883823	umap	4	8.0	0.30302552659296184	141942	392	38726	155550	116480	0	41632	179319	0.2723911429362757
spectral	12883823	umap	5	8.0	0.2723911429362757	116480	0	41632	179319	141942	392	38726	155550	0.30302552659296184
