n_neighbors	min_dist	init	random_state	method	cv_iteration	distance_threshold	training_mcc	training_tn	training_fn	training_tp	training_fp	validation_tn	validation_fn	validation_tp	validation_fp	validation_mcc
100	0.25	spectral	12883823	umap	0	8.0	0.36268693169409744	226203	313	55514	177331	197540	0	52417	209404	0.3117410844696288
100	0.25	spectral	12883823	umap	1	8.0	0.3117410844696288	197540	0	52417	209404	226203	313	55514	177331	0.36268693169409744
100	0.25	spectral	12883823	umap	2	8.0	0.5100911081923706	308554	402	52297	98108	183929	79	55154	220199	0.3011340105005125
100	0.25	spectral	12883823	umap	3	8.0	0.3011340105005125	183929	79	55154	220199	308554	402	52297	98108	0.5100911081923706
100	0.25	spectral	12883823	umap	4	8.0	0.6046571545874724	337053	386	54139	67783	221647	105	53102	184507	0.3482269100738072
100	0.25	spectral	12883823	umap	5	8.0	0.3482269100738072	221647	105	53102	184507	337053	386	54139	67783	0.6046571545874724
