n_neighbors	min_dist	init	random_state	method	cv_iteration	distance_threshold	training_mcc	training_tn	training_fn	training_tp	training_fp	validation_tn	validation_fn	validation_tp	validation_fp	validation_mcc
100	0.05	spectral	12883823	umap	0	8.0	0.49002491918072677	293978	509	55318	109556	356550	182	52235	50394	0.6661294392339383
100	0.05	spectral	12883823	umap	1	8.0	0.6661294392339383	356550	182	52235	50394	293978	509	55318	109556	0.49002491918072677
100	0.05	spectral	12883823	umap	2	8.0	0.6552723051957166	354684	604	52095	51978	355008	371	54862	49120	0.6775158793313908
100	0.05	spectral	12883823	umap	3	8.0	0.6775158793313908	355008	371	54862	49120	354684	604	52095	51978	0.6552723051957166
100	0.05	spectral	12883823	umap	4	8.0	0.49883767764981524	299478	293	54232	105358	311482	292	52915	94672	0.521805891430586
100	0.05	spectral	12883823	umap	5	8.0	0.521805891430586	311482	292	52915	94672	299478	293	54232	105358	0.49883767764981524
