n_components	dissimilarity	n_init	n_jobs	random_state	method	cv_iteration	distance_threshold	training_mcc	training_tn	training_fn	training_tp	training_fp	validation_tn	validation_fn	validation_tp	validation_fp	validation_mcc
4	precomputed	2	1	12883823	mds	0	6.0	0.4187326898202236	56299	3841	7912	11349	50681	3541	7094	18484	0.29115970344354886
4	precomputed	2	1	12883823	mds	1	6.0	0.29115970344354886	50681	3541	7094	18484	56299	3841	7912	11349	0.4187326898202236
4	precomputed	2	1	12883823	mds	2	6.0	0.30713686222662134	55056	4029	6170	14146	57349	3605	8656	10190	0.47130576864313295
4	precomputed	2	1	12883823	mds	3	6.0	0.47130576864313295	57349	3605	8656	10190	55056	4029	6170	14146	0.30713686222662134
4	precomputed	2	1	12883823	mds	4	6.0	0.3579856159406559	54539	3407	7129	14326	54543	3638	8213	13406	0.39664584973270156
4	precomputed	2	1	12883823	mds	5	6.0	0.39664584973270156	54543	3638	8213	13406	54539	3407	7129	14326	0.3579856159406559
