n_neighbors	min_dist	init	random_state	method	cv_iteration	distance_threshold	training_mcc	training_tn	training_fn	training_tp	training_fp	validation_tn	validation_fn	validation_tp	validation_fp	validation_mcc
50	0.05	spectral	12883823	umap	0	0.0	0.4437162116159439	47261	5190	2888	1277	47739	3784	4151	942	0.6112267487355236
50	0.05	spectral	12883823	umap	1	0.0	0.6112267487355236	47739	3784	4151	942	47261	5190	2888	1277	0.4437162116159439
50	0.05	spectral	12883823	umap	2	0.0	0.6625454516154738	48495	3210	4205	706	47021	4037	4683	875	0.6293520775390292
50	0.05	spectral	12883823	umap	3	0.0	0.6293520775390292	47021	4037	4683	875	48495	3210	4205	706	0.6625454516154738
50	0.05	spectral	12883823	umap	4	0.0	0.4389749002254788	47822	5250	2566	978	46702	5200	3070	1644	0.43107702889170846
50	0.05	spectral	12883823	umap	5	0.0	0.43107702889170846	46702	5200	3070	1644	47822	5250	2566	978	0.4389749002254788
