n_neighbors	min_dist	init	random_state	method	cv_iteration	distance_threshold	training_mcc	training_tn	training_fn	training_tp	training_fp	validation_tn	validation_fn	validation_tp	validation_fp	validation_mcc
50	0.25	spectral	12883823	umap	0	0.0	0.6380428369755405	47597	3578	4500	941	38140	2190	5745	10541	0.38917677702185377
50	0.25	spectral	12883823	umap	1	0.0	0.38917677702185377	38140	2190	5745	10541	47597	3578	4500	941	0.6380428369755405
50	0.25	spectral	12883823	umap	2	0.0	0.7020947238143034	48349	2687	4728	852	46474	3612	5108	1422	0.6284034599437096
50	0.25	spectral	12883823	umap	3	0.0	0.6284034599437096	46474	3612	5108	1422	48349	2687	4728	852	0.7020947238143034
50	0.25	spectral	12883823	umap	4	0.0	0.6048564462110106	47725	3683	4133	1075	17262	1271	6999	31084	0.15306186934585272
50	0.25	spectral	12883823	umap	5	0.0	0.15306186934585272	17262	1271	6999	31084	47725	3683	4133	1075	0.6048564462110106
