n_neighbors	min_dist	init	random_state	method	cv_iteration	distance_threshold	training_mcc	training_tn	training_fn	training_tp	training_fp	validation_tn	validation_fn	validation_tp	validation_fp	validation_mcc
50	0.1	spectral	12883823	umap	0	0.0	0.6316624716211987	46663	2968	5110	1875	47618	4275	3660	1063	0.5516471375581155
50	0.1	spectral	12883823	umap	1	0.0	0.5516471375581155	47618	4275	3660	1063	46663	2968	5110	1875	0.6316624716211987
50	0.1	spectral	12883823	umap	2	0.0	0.6558560975469343	48599	3366	4049	602	46555	3629	5091	1341	0.6322601993382925
50	0.1	spectral	12883823	umap	3	0.0	0.6322601993382925	46555	3629	5091	1341	48599	3366	4049	602	0.6558560975469343
50	0.1	spectral	12883823	umap	4	0.0	0.5642079033980503	47849	4173	3643	951	39117	3099	5171	9229	0.3522737895032578
50	0.1	spectral	12883823	umap	5	0.0	0.3522737895032578	39117	3099	5171	9229	47849	4173	3643	951	0.5642079033980503
